[2025-07-03 07:02:10] local.ERROR: Call to a member function format() on null (View: E:\freelancing\local\zaheer\alshaafi\resources\views\web\order-confirmation.blade.php) {"userId":5,"exception":"[object] (Illuminate\\View\\ViewException(code: 0): Call to a member function format() on null (View: E:\\freelancing\\local\\zaheer\\alshaafi\\resources\\views\\web\\order-confirmation.blade.php) at E:\\freelancing\\local\\zaheer\\alshaafi\\storage\\framework\\views\\f733d7a2df1e1ee49b95640bbb7eba2e.php:28)
[stacktrace]
#0 E:\\freelancing\\local\\zaheer\\alshaafi\\vendor\\livewire\\livewire\\src\\Mechanisms\\ExtendBlade\\ExtendedCompilerEngine.php(58): Illuminate\\View\\Engines\\CompilerEngine->handleViewException(Object(Error), 1)
#1 E:\\freelancing\\local\\zaheer\\alshaafi\\vendor\\laravel\\framework\\src\\Illuminate\\View\\Engines\\PhpEngine.php(60): Livewire\\Mechanisms\\ExtendBlade\\ExtendedCompilerEngine->handleViewException(Object(Error), 1)
#2 E:\\freelancing\\local\\zaheer\\alshaafi\\vendor\\livewire\\livewire\\src\\Mechanisms\\ExtendBlade\\ExtendedCompilerEngine.php(22): Illuminate\\View\\Engines\\PhpEngine->evaluatePath('E:\\\\freelancing\\\\...', Array)
#3 E:\\freelancing\\local\\zaheer\\alshaafi\\vendor\\laravel\\framework\\src\\Illuminate\\View\\Engines\\CompilerEngine.php(73): Livewire\\Mechanisms\\ExtendBlade\\ExtendedCompilerEngine->evaluatePath('E:\\\\freelancing\\\\...', Array)
#4 E:\\freelancing\\local\\zaheer\\alshaafi\\vendor\\livewire\\livewire\\src\\Mechanisms\\ExtendBlade\\ExtendedCompilerEngine.php(10): Illuminate\\View\\Engines\\CompilerEngine->get('E:\\\\freelancing\\\\...', Array)
#5 E:\\freelancing\\local\\zaheer\\alshaafi\\vendor\\laravel\\framework\\src\\Illuminate\\View\\View.php(208): Livewire\\Mechanisms\\ExtendBlade\\ExtendedCompilerEngine->get('E:\\\\freelancing\\\\...', Array)
#6 E:\\freelancing\\local\\zaheer\\alshaafi\\vendor\\laravel\\framework\\src\\Illuminate\\View\\View.php(191): Illuminate\\View\\View->getContents()
#7 E:\\freelancing\\local\\zaheer\\alshaafi\\vendor\\laravel\\framework\\src\\Illuminate\\View\\View.php(160): Illuminate\\View\\View->renderContents()
#8 E:\\freelancing\\local\\zaheer\\alshaafi\\vendor\\laravel\\framework\\src\\Illuminate\\Http\\Response.php(70): Illuminate\\View\\View->render()
#9 E:\\freelancing\\local\\zaheer\\alshaafi\\vendor\\laravel\\framework\\src\\Illuminate\\Http\\Response.php(35): Illuminate\\Http\\Response->setContent(Object(Illuminate\\View\\View))
#10 E:\\freelancing\\local\\zaheer\\alshaafi\\vendor\\laravel\\framework\\src\\Illuminate\\Routing\\Router.php(920): Illuminate\\Http\\Response->__construct(Object(Illuminate\\View\\View), 200, Array)
#11 E:\\freelancing\\local\\zaheer\\alshaafi\\vendor\\laravel\\framework\\src\\Illuminate\\Routing\\Router.php(887): Illuminate\\Routing\\Router::toResponse(Object(Illuminate\\Http\\Request), Object(Illuminate\\View\\View))
#12 E:\\freelancing\\local\\zaheer\\alshaafi\\vendor\\laravel\\framework\\src\\Illuminate\\Routing\\Router.php(807): Illuminate\\Routing\\Router->prepareResponse(Object(Illuminate\\Http\\Request), Object(Illuminate\\View\\View))
#13 E:\\freelancing\\local\\zaheer\\alshaafi\\vendor\\laravel\\framework\\src\\Illuminate\\Pipeline\\Pipeline.php(144): Illuminate\\Routing\\Router->Illuminate\\Routing\\{closure}(Object(Illuminate\\Http\\Request))
#14 E:\\freelancing\\local\\zaheer\\alshaafi\\app\\Http\\Middleware\\SetLocaleAndCountry.php(50): Illuminate\\Pipeline\\Pipeline->Illuminate\\Pipeline\\{closure}(Object(Illuminate\\Http\\Request))
#15 E:\\freelancing\\local\\zaheer\\alshaafi\\vendor\\laravel\\framework\\src\\Illuminate\\Pipeline\\Pipeline.php(183): App\\Http\\Middleware\\SetLocaleAndCountry->handle(Object(Illuminate\\Http\\Request), Object(Closure))
#16 E:\\freelancing\\local\\zaheer\\alshaafi\\vendor\\laravel\\framework\\src\\Illuminate\\Routing\\Middleware\\SubstituteBindings.php(50): Illuminate\\Pipeline\\Pipeline->Illuminate\\Pipeline\\{closure}(Object(Illuminate\\Http\\Request))
#17 E:\\freelancing\\local\\zaheer\\alshaafi\\vendor\\laravel\\framework\\src\\Illuminate\\Pipeline\\Pipeline.php(183): Illuminate\\Routing\\Middleware\\SubstituteBindings->handle(Object(Illuminate\\Http\\Request), Object(Closure))
#18 E:\\freelancing\\local\\zaheer\\alshaafi\\vendor\\laravel\\framework\\src\\Illuminate\\Foundation\\Http\\Middleware\\VerifyCsrfToken.php(88): Illuminate\\Pipeline\\Pipeline->Illuminate\\Pipeline\\{closure}(Object(Illuminate\\Http\\Request))
#19 E:\\freelancing\\local\\zaheer\\alshaafi\\vendor\\laravel\\framework\\src\\Illuminate\\Pipeline\\Pipeline.php(183): Illuminate\\Foundation\\Http\\Middleware\\VerifyCsrfToken->handle(Object(Illuminate\\Http\\Request), Object(Closure))
#20 E:\\freelancing\\local\\zaheer\\alshaafi\\vendor\\laravel\\framework\\src\\Illuminate\\View\\Middleware\\ShareErrorsFromSession.php(49): Illuminate\\Pipeline\\Pipeline->Illuminate\\Pipeline\\{closure}(Object(Illuminate\\Http\\Request))
#21 E:\\freelancing\\local\\zaheer\\alshaafi\\vendor\\laravel\\framework\\src\\Illuminate\\Pipeline\\Pipeline.php(183): Illuminate\\View\\Middleware\\ShareErrorsFromSession->handle(Object(Illuminate\\Http\\Request), Object(Closure))
#22 E:\\freelancing\\local\\zaheer\\alshaafi\\vendor\\laravel\\framework\\src\\Illuminate\\Session\\Middleware\\StartSession.php(121): Illuminate\\Pipeline\\Pipeline->Illuminate\\Pipeline\\{closure}(Object(Illuminate\\Http\\Request))
#23 E:\\freelancing\\local\\zaheer\\alshaafi\\vendor\\laravel\\framework\\src\\Illuminate\\Session\\Middleware\\StartSession.php(64): Illuminate\\Session\\Middleware\\StartSession->handleStatefulRequest(Object(Illuminate\\Http\\Request), Object(Illuminate\\Session\\Store), Object(Closure))
#24 E:\\freelancing\\local\\zaheer\\alshaafi\\vendor\\laravel\\framework\\src\\Illuminate\\Pipeline\\Pipeline.php(183): Illuminate\\Session\\Middleware\\StartSession->handle(Object(Illuminate\\Http\\Request), Object(Closure))
#25 E:\\freelancing\\local\\zaheer\\alshaafi\\vendor\\laravel\\framework\\src\\Illuminate\\Cookie\\Middleware\\AddQueuedCookiesToResponse.php(37): Illuminate\\Pipeline\\Pipeline->Illuminate\\Pipeline\\{closure}(Object(Illuminate\\Http\\Request))
#26 E:\\freelancing\\local\\zaheer\\alshaafi\\vendor\\laravel\\framework\\src\\Illuminate\\Pipeline\\Pipeline.php(183): Illuminate\\Cookie\\Middleware\\AddQueuedCookiesToResponse->handle(Object(Illuminate\\Http\\Request), Object(Closure))
#27 E:\\freelancing\\local\\zaheer\\alshaafi\\vendor\\laravel\\framework\\src\\Illuminate\\Cookie\\Middleware\\EncryptCookies.php(75): Illuminate\\Pipeline\\Pipeline->Illuminate\\Pipeline\\{closure}(Object(Illuminate\\Http\\Request))
#28 E:\\freelancing\\local\\zaheer\\alshaafi\\vendor\\laravel\\framework\\src\\Illuminate\\Pipeline\\Pipeline.php(183): Illuminate\\Cookie\\Middleware\\EncryptCookies->handle(Object(Illuminate\\Http\\Request), Object(Closure))
#29 E:\\freelancing\\local\\zaheer\\alshaafi\\vendor\\laravel\\framework\\src\\Illuminate\\Pipeline\\Pipeline.php(119): Illuminate\\Pipeline\\Pipeline->Illuminate\\Pipeline\\{closure}(Object(Illuminate\\Http\\Request))
#30 E:\\freelancing\\local\\zaheer\\alshaafi\\vendor\\laravel\\framework\\src\\Illuminate\\Routing\\Router.php(807): Illuminate\\Pipeline\\Pipeline->then(Object(Closure))
#31 E:\\freelancing\\local\\zaheer\\alshaafi\\vendor\\laravel\\framework\\src\\Illuminate\\Routing\\Router.php(786): Illuminate\\Routing\\Router->runRouteWithinStack(Object(Illuminate\\Routing\\Route), Object(Illuminate\\Http\\Request))
#32 E:\\freelancing\\local\\zaheer\\alshaafi\\vendor\\laravel\\framework\\src\\Illuminate\\Routing\\Router.php(750): Illuminate\\Routing\\Router->runRoute(Object(Illuminate\\Http\\Request), Object(Illuminate\\Routing\\Route))
#33 E:\\freelancing\\local\\zaheer\\alshaafi\\vendor\\laravel\\framework\\src\\Illuminate\\Routing\\Router.php(739): Illuminate\\Routing\\Router->dispatchToRoute(Object(Illuminate\\Http\\Request))
#34 E:\\freelancing\\local\\zaheer\\alshaafi\\vendor\\laravel\\framework\\src\\Illuminate\\Foundation\\Http\\Kernel.php(200): Illuminate\\Routing\\Router->dispatch(Object(Illuminate\\Http\\Request))
#35 E:\\freelancing\\local\\zaheer\\alshaafi\\vendor\\laravel\\framework\\src\\Illuminate\\Pipeline\\Pipeline.php(144): Illuminate\\Foundation\\Http\\Kernel->Illuminate\\Foundation\\Http\\{closure}(Object(Illuminate\\Http\\Request))
#36 E:\\freelancing\\local\\zaheer\\alshaafi\\vendor\\livewire\\livewire\\src\\Features\\SupportDisablingBackButtonCache\\DisableBackButtonCacheMiddleware.php(19): Illuminate\\Pipeline\\Pipeline->Illuminate\\Pipeline\\{closure}(Object(Illuminate\\Http\\Request))
#37 E:\\freelancing\\local\\zaheer\\alshaafi\\vendor\\laravel\\framework\\src\\Illuminate\\Pipeline\\Pipeline.php(183): Livewire\\Features\\SupportDisablingBackButtonCache\\DisableBackButtonCacheMiddleware->handle(Object(Illuminate\\Http\\Request), Object(Closure))
#38 E:\\freelancing\\local\\zaheer\\alshaafi\\vendor\\laravel\\framework\\src\\Illuminate\\Foundation\\Http\\Middleware\\TransformsRequest.php(21): Illuminate\\Pipeline\\Pipeline->Illuminate\\Pipeline\\{closure}(Object(Illuminate\\Http\\Request))
#39 E:\\freelancing\\local\\zaheer\\alshaafi\\vendor\\laravel\\framework\\src\\Illuminate\\Foundation\\Http\\Middleware\\ConvertEmptyStringsToNull.php(31): Illuminate\\Foundation\\Http\\Middleware\\TransformsRequest->handle(Object(Illuminate\\Http\\Request), Object(Closure))
#40 E:\\freelancing\\local\\zaheer\\alshaafi\\vendor\\laravel\\framework\\src\\Illuminate\\Pipeline\\Pipeline.php(183): Illuminate\\Foundation\\Http\\Middleware\\ConvertEmptyStringsToNull->handle(Object(Illuminate\\Http\\Request), Object(Closure))
#41 E:\\freelancing\\local\\zaheer\\alshaafi\\vendor\\laravel\\framework\\src\\Illuminate\\Foundation\\Http\\Middleware\\TransformsRequest.php(21): Illuminate\\Pipeline\\Pipeline->Illuminate\\Pipeline\\{closure}(Object(Illuminate\\Http\\Request))
#42 E:\\freelancing\\local\\zaheer\\alshaafi\\vendor\\laravel\\framework\\src\\Illuminate\\Foundation\\Http\\Middleware\\TrimStrings.php(51): Illuminate\\Foundation\\Http\\Middleware\\TransformsRequest->handle(Object(Illuminate\\Http\\Request), Object(Closure))
#43 E:\\freelancing\\local\\zaheer\\alshaafi\\vendor\\laravel\\framework\\src\\Illuminate\\Pipeline\\Pipeline.php(183): Illuminate\\Foundation\\Http\\Middleware\\TrimStrings->handle(Object(Illuminate\\Http\\Request), Object(Closure))
#44 E:\\freelancing\\local\\zaheer\\alshaafi\\vendor\\laravel\\framework\\src\\Illuminate\\Http\\Middleware\\ValidatePostSize.php(27): Illuminate\\Pipeline\\Pipeline->Illuminate\\Pipeline\\{closure}(Object(Illuminate\\Http\\Request))
#45 E:\\freelancing\\local\\zaheer\\alshaafi\\vendor\\laravel\\framework\\src\\Illuminate\\Pipeline\\Pipeline.php(183): Illuminate\\Http\\Middleware\\ValidatePostSize->handle(Object(Illuminate\\Http\\Request), Object(Closure))
#46 E:\\freelancing\\local\\zaheer\\alshaafi\\vendor\\laravel\\framework\\src\\Illuminate\\Foundation\\Http\\Middleware\\PreventRequestsDuringMaintenance.php(110): Illuminate\\Pipeline\\Pipeline->Illuminate\\Pipeline\\{closure}(Object(Illuminate\\Http\\Request))
#47 E:\\freelancing\\local\\zaheer\\alshaafi\\vendor\\laravel\\framework\\src\\Illuminate\\Pipeline\\Pipeline.php(183): Illuminate\\Foundation\\Http\\Middleware\\PreventRequestsDuringMaintenance->handle(Object(Illuminate\\Http\\Request), Object(Closure))
#48 E:\\freelancing\\local\\zaheer\\alshaafi\\vendor\\laravel\\framework\\src\\Illuminate\\Http\\Middleware\\HandleCors.php(49): Illuminate\\Pipeline\\Pipeline->Illuminate\\Pipeline\\{closure}(Object(Illuminate\\Http\\Request))
#49 E:\\freelancing\\local\\zaheer\\alshaafi\\vendor\\laravel\\framework\\src\\Illuminate\\Pipeline\\Pipeline.php(183): Illuminate\\Http\\Middleware\\HandleCors->handle(Object(Illuminate\\Http\\Request), Object(Closure))
#50 E:\\freelancing\\local\\zaheer\\alshaafi\\vendor\\laravel\\framework\\src\\Illuminate\\Http\\Middleware\\TrustProxies.php(57): Illuminate\\Pipeline\\Pipeline->Illuminate\\Pipeline\\{closure}(Object(Illuminate\\Http\\Request))
#51 E:\\freelancing\\local\\zaheer\\alshaafi\\vendor\\laravel\\framework\\src\\Illuminate\\Pipeline\\Pipeline.php(183): Illuminate\\Http\\Middleware\\TrustProxies->handle(Object(Illuminate\\Http\\Request), Object(Closure))
#52 E:\\freelancing\\local\\zaheer\\alshaafi\\vendor\\laravel\\framework\\src\\Illuminate\\Pipeline\\Pipeline.php(119): Illuminate\\Pipeline\\Pipeline->Illuminate\\Pipeline\\{closure}(Object(Illuminate\\Http\\Request))
#53 E:\\freelancing\\local\\zaheer\\alshaafi\\vendor\\laravel\\framework\\src\\Illuminate\\Foundation\\Http\\Kernel.php(175): Illuminate\\Pipeline\\Pipeline->then(Object(Closure))
#54 E:\\freelancing\\local\\zaheer\\alshaafi\\vendor\\laravel\\framework\\src\\Illuminate\\Foundation\\Http\\Kernel.php(144): Illuminate\\Foundation\\Http\\Kernel->sendRequestThroughRouter(Object(Illuminate\\Http\\Request))
#55 E:\\freelancing\\local\\zaheer\\alshaafi\\vendor\\laravel\\framework\\src\\Illuminate\\Foundation\\Application.php(1188): Illuminate\\Foundation\\Http\\Kernel->handle(Object(Illuminate\\Http\\Request))
#56 E:\\freelancing\\local\\zaheer\\alshaafi\\public\\index.php(17): Illuminate\\Foundation\\Application->handleRequest(Object(Illuminate\\Http\\Request))
#57 E:\\freelancing\\local\\zaheer\\alshaafi\\vendor\\laravel\\framework\\src\\Illuminate\\Foundation\\resources\\server.php(23): require_once('E:\\\\freelancing\\\\...')
#58 {main}

[previous exception] [object] (Error(code: 0): Call to a member function format() on null at E:\\freelancing\\local\\zaheer\\alshaafi\\storage\\framework\\views\\f733d7a2df1e1ee49b95640bbb7eba2e.php:28)
[stacktrace]
#0 E:\\freelancing\\local\\zaheer\\alshaafi\\vendor\\laravel\\framework\\src\\Illuminate\\Filesystem\\Filesystem.php(123): require()
#1 E:\\freelancing\\local\\zaheer\\alshaafi\\vendor\\laravel\\framework\\src\\Illuminate\\Filesystem\\Filesystem.php(124): Illuminate\\Filesystem\\Filesystem::Illuminate\\Filesystem\\{closure}()
#2 E:\\freelancing\\local\\zaheer\\alshaafi\\vendor\\laravel\\framework\\src\\Illuminate\\View\\Engines\\PhpEngine.php(58): Illuminate\\Filesystem\\Filesystem->getRequire('E:\\\\freelancing\\\\...', Array)
#3 E:\\freelancing\\local\\zaheer\\alshaafi\\vendor\\livewire\\livewire\\src\\Mechanisms\\ExtendBlade\\ExtendedCompilerEngine.php(22): Illuminate\\View\\Engines\\PhpEngine->evaluatePath('E:\\\\freelancing\\\\...', Array)
#4 E:\\freelancing\\local\\zaheer\\alshaafi\\vendor\\laravel\\framework\\src\\Illuminate\\View\\Engines\\CompilerEngine.php(73): Livewire\\Mechanisms\\ExtendBlade\\ExtendedCompilerEngine->evaluatePath('E:\\\\freelancing\\\\...', Array)
#5 E:\\freelancing\\local\\zaheer\\alshaafi\\vendor\\livewire\\livewire\\src\\Mechanisms\\ExtendBlade\\ExtendedCompilerEngine.php(10): Illuminate\\View\\Engines\\CompilerEngine->get('E:\\\\freelancing\\\\...', Array)
#6 E:\\freelancing\\local\\zaheer\\alshaafi\\vendor\\laravel\\framework\\src\\Illuminate\\View\\View.php(208): Livewire\\Mechanisms\\ExtendBlade\\ExtendedCompilerEngine->get('E:\\\\freelancing\\\\...', Array)
#7 E:\\freelancing\\local\\zaheer\\alshaafi\\vendor\\laravel\\framework\\src\\Illuminate\\View\\View.php(191): Illuminate\\View\\View->getContents()
#8 E:\\freelancing\\local\\zaheer\\alshaafi\\vendor\\laravel\\framework\\src\\Illuminate\\View\\View.php(160): Illuminate\\View\\View->renderContents()
#9 E:\\freelancing\\local\\zaheer\\alshaafi\\vendor\\laravel\\framework\\src\\Illuminate\\Http\\Response.php(70): Illuminate\\View\\View->render()
#10 E:\\freelancing\\local\\zaheer\\alshaafi\\vendor\\laravel\\framework\\src\\Illuminate\\Http\\Response.php(35): Illuminate\\Http\\Response->setContent(Object(Illuminate\\View\\View))
#11 E:\\freelancing\\local\\zaheer\\alshaafi\\vendor\\laravel\\framework\\src\\Illuminate\\Routing\\Router.php(920): Illuminate\\Http\\Response->__construct(Object(Illuminate\\View\\View), 200, Array)
#12 E:\\freelancing\\local\\zaheer\\alshaafi\\vendor\\laravel\\framework\\src\\Illuminate\\Routing\\Router.php(887): Illuminate\\Routing\\Router::toResponse(Object(Illuminate\\Http\\Request), Object(Illuminate\\View\\View))
#13 E:\\freelancing\\local\\zaheer\\alshaafi\\vendor\\laravel\\framework\\src\\Illuminate\\Routing\\Router.php(807): Illuminate\\Routing\\Router->prepareResponse(Object(Illuminate\\Http\\Request), Object(Illuminate\\View\\View))
#14 E:\\freelancing\\local\\zaheer\\alshaafi\\vendor\\laravel\\framework\\src\\Illuminate\\Pipeline\\Pipeline.php(144): Illuminate\\Routing\\Router->Illuminate\\Routing\\{closure}(Object(Illuminate\\Http\\Request))
#15 E:\\freelancing\\local\\zaheer\\alshaafi\\app\\Http\\Middleware\\SetLocaleAndCountry.php(50): Illuminate\\Pipeline\\Pipeline->Illuminate\\Pipeline\\{closure}(Object(Illuminate\\Http\\Request))
#16 E:\\freelancing\\local\\zaheer\\alshaafi\\vendor\\laravel\\framework\\src\\Illuminate\\Pipeline\\Pipeline.php(183): App\\Http\\Middleware\\SetLocaleAndCountry->handle(Object(Illuminate\\Http\\Request), Object(Closure))
#17 E:\\freelancing\\local\\zaheer\\alshaafi\\vendor\\laravel\\framework\\src\\Illuminate\\Routing\\Middleware\\SubstituteBindings.php(50): Illuminate\\Pipeline\\Pipeline->Illuminate\\Pipeline\\{closure}(Object(Illuminate\\Http\\Request))
#18 E:\\freelancing\\local\\zaheer\\alshaafi\\vendor\\laravel\\framework\\src\\Illuminate\\Pipeline\\Pipeline.php(183): Illuminate\\Routing\\Middleware\\SubstituteBindings->handle(Object(Illuminate\\Http\\Request), Object(Closure))
#19 E:\\freelancing\\local\\zaheer\\alshaafi\\vendor\\laravel\\framework\\src\\Illuminate\\Foundation\\Http\\Middleware\\VerifyCsrfToken.php(88): Illuminate\\Pipeline\\Pipeline->Illuminate\\Pipeline\\{closure}(Object(Illuminate\\Http\\Request))
#20 E:\\freelancing\\local\\zaheer\\alshaafi\\vendor\\laravel\\framework\\src\\Illuminate\\Pipeline\\Pipeline.php(183): Illuminate\\Foundation\\Http\\Middleware\\VerifyCsrfToken->handle(Object(Illuminate\\Http\\Request), Object(Closure))
#21 E:\\freelancing\\local\\zaheer\\alshaafi\\vendor\\laravel\\framework\\src\\Illuminate\\View\\Middleware\\ShareErrorsFromSession.php(49): Illuminate\\Pipeline\\Pipeline->Illuminate\\Pipeline\\{closure}(Object(Illuminate\\Http\\Request))
#22 E:\\freelancing\\local\\zaheer\\alshaafi\\vendor\\laravel\\framework\\src\\Illuminate\\Pipeline\\Pipeline.php(183): Illuminate\\View\\Middleware\\ShareErrorsFromSession->handle(Object(Illuminate\\Http\\Request), Object(Closure))
#23 E:\\freelancing\\local\\zaheer\\alshaafi\\vendor\\laravel\\framework\\src\\Illuminate\\Session\\Middleware\\StartSession.php(121): Illuminate\\Pipeline\\Pipeline->Illuminate\\Pipeline\\{closure}(Object(Illuminate\\Http\\Request))
#24 E:\\freelancing\\local\\zaheer\\alshaafi\\vendor\\laravel\\framework\\src\\Illuminate\\Session\\Middleware\\StartSession.php(64): Illuminate\\Session\\Middleware\\StartSession->handleStatefulRequest(Object(Illuminate\\Http\\Request), Object(Illuminate\\Session\\Store), Object(Closure))
#25 E:\\freelancing\\local\\zaheer\\alshaafi\\vendor\\laravel\\framework\\src\\Illuminate\\Pipeline\\Pipeline.php(183): Illuminate\\Session\\Middleware\\StartSession->handle(Object(Illuminate\\Http\\Request), Object(Closure))
#26 E:\\freelancing\\local\\zaheer\\alshaafi\\vendor\\laravel\\framework\\src\\Illuminate\\Cookie\\Middleware\\AddQueuedCookiesToResponse.php(37): Illuminate\\Pipeline\\Pipeline->Illuminate\\Pipeline\\{closure}(Object(Illuminate\\Http\\Request))
#27 E:\\freelancing\\local\\zaheer\\alshaafi\\vendor\\laravel\\framework\\src\\Illuminate\\Pipeline\\Pipeline.php(183): Illuminate\\Cookie\\Middleware\\AddQueuedCookiesToResponse->handle(Object(Illuminate\\Http\\Request), Object(Closure))
#28 E:\\freelancing\\local\\zaheer\\alshaafi\\vendor\\laravel\\framework\\src\\Illuminate\\Cookie\\Middleware\\EncryptCookies.php(75): Illuminate\\Pipeline\\Pipeline->Illuminate\\Pipeline\\{closure}(Object(Illuminate\\Http\\Request))
#29 E:\\freelancing\\local\\zaheer\\alshaafi\\vendor\\laravel\\framework\\src\\Illuminate\\Pipeline\\Pipeline.php(183): Illuminate\\Cookie\\Middleware\\EncryptCookies->handle(Object(Illuminate\\Http\\Request), Object(Closure))
#30 E:\\freelancing\\local\\zaheer\\alshaafi\\vendor\\laravel\\framework\\src\\Illuminate\\Pipeline\\Pipeline.php(119): Illuminate\\Pipeline\\Pipeline->Illuminate\\Pipeline\\{closure}(Object(Illuminate\\Http\\Request))
#31 E:\\freelancing\\local\\zaheer\\alshaafi\\vendor\\laravel\\framework\\src\\Illuminate\\Routing\\Router.php(807): Illuminate\\Pipeline\\Pipeline->then(Object(Closure))
#32 E:\\freelancing\\local\\zaheer\\alshaafi\\vendor\\laravel\\framework\\src\\Illuminate\\Routing\\Router.php(786): Illuminate\\Routing\\Router->runRouteWithinStack(Object(Illuminate\\Routing\\Route), Object(Illuminate\\Http\\Request))
#33 E:\\freelancing\\local\\zaheer\\alshaafi\\vendor\\laravel\\framework\\src\\Illuminate\\Routing\\Router.php(750): Illuminate\\Routing\\Router->runRoute(Object(Illuminate\\Http\\Request), Object(Illuminate\\Routing\\Route))
#34 E:\\freelancing\\local\\zaheer\\alshaafi\\vendor\\laravel\\framework\\src\\Illuminate\\Routing\\Router.php(739): Illuminate\\Routing\\Router->dispatchToRoute(Object(Illuminate\\Http\\Request))
#35 E:\\freelancing\\local\\zaheer\\alshaafi\\vendor\\laravel\\framework\\src\\Illuminate\\Foundation\\Http\\Kernel.php(200): Illuminate\\Routing\\Router->dispatch(Object(Illuminate\\Http\\Request))
#36 E:\\freelancing\\local\\zaheer\\alshaafi\\vendor\\laravel\\framework\\src\\Illuminate\\Pipeline\\Pipeline.php(144): Illuminate\\Foundation\\Http\\Kernel->Illuminate\\Foundation\\Http\\{closure}(Object(Illuminate\\Http\\Request))
#37 E:\\freelancing\\local\\zaheer\\alshaafi\\vendor\\livewire\\livewire\\src\\Features\\SupportDisablingBackButtonCache\\DisableBackButtonCacheMiddleware.php(19): Illuminate\\Pipeline\\Pipeline->Illuminate\\Pipeline\\{closure}(Object(Illuminate\\Http\\Request))
#38 E:\\freelancing\\local\\zaheer\\alshaafi\\vendor\\laravel\\framework\\src\\Illuminate\\Pipeline\\Pipeline.php(183): Livewire\\Features\\SupportDisablingBackButtonCache\\DisableBackButtonCacheMiddleware->handle(Object(Illuminate\\Http\\Request), Object(Closure))
#39 E:\\freelancing\\local\\zaheer\\alshaafi\\vendor\\laravel\\framework\\src\\Illuminate\\Foundation\\Http\\Middleware\\TransformsRequest.php(21): Illuminate\\Pipeline\\Pipeline->Illuminate\\Pipeline\\{closure}(Object(Illuminate\\Http\\Request))
#40 E:\\freelancing\\local\\zaheer\\alshaafi\\vendor\\laravel\\framework\\src\\Illuminate\\Foundation\\Http\\Middleware\\ConvertEmptyStringsToNull.php(31): Illuminate\\Foundation\\Http\\Middleware\\TransformsRequest->handle(Object(Illuminate\\Http\\Request), Object(Closure))
#41 E:\\freelancing\\local\\zaheer\\alshaafi\\vendor\\laravel\\framework\\src\\Illuminate\\Pipeline\\Pipeline.php(183): Illuminate\\Foundation\\Http\\Middleware\\ConvertEmptyStringsToNull->handle(Object(Illuminate\\Http\\Request), Object(Closure))
#42 E:\\freelancing\\local\\zaheer\\alshaafi\\vendor\\laravel\\framework\\src\\Illuminate\\Foundation\\Http\\Middleware\\TransformsRequest.php(21): Illuminate\\Pipeline\\Pipeline->Illuminate\\Pipeline\\{closure}(Object(Illuminate\\Http\\Request))
#43 E:\\freelancing\\local\\zaheer\\alshaafi\\vendor\\laravel\\framework\\src\\Illuminate\\Foundation\\Http\\Middleware\\TrimStrings.php(51): Illuminate\\Foundation\\Http\\Middleware\\TransformsRequest->handle(Object(Illuminate\\Http\\Request), Object(Closure))
#44 E:\\freelancing\\local\\zaheer\\alshaafi\\vendor\\laravel\\framework\\src\\Illuminate\\Pipeline\\Pipeline.php(183): Illuminate\\Foundation\\Http\\Middleware\\TrimStrings->handle(Object(Illuminate\\Http\\Request), Object(Closure))
#45 E:\\freelancing\\local\\zaheer\\alshaafi\\vendor\\laravel\\framework\\src\\Illuminate\\Http\\Middleware\\ValidatePostSize.php(27): Illuminate\\Pipeline\\Pipeline->Illuminate\\Pipeline\\{closure}(Object(Illuminate\\Http\\Request))
#46 E:\\freelancing\\local\\zaheer\\alshaafi\\vendor\\laravel\\framework\\src\\Illuminate\\Pipeline\\Pipeline.php(183): Illuminate\\Http\\Middleware\\ValidatePostSize->handle(Object(Illuminate\\Http\\Request), Object(Closure))
#47 E:\\freelancing\\local\\zaheer\\alshaafi\\vendor\\laravel\\framework\\src\\Illuminate\\Foundation\\Http\\Middleware\\PreventRequestsDuringMaintenance.php(110): Illuminate\\Pipeline\\Pipeline->Illuminate\\Pipeline\\{closure}(Object(Illuminate\\Http\\Request))
#48 E:\\freelancing\\local\\zaheer\\alshaafi\\vendor\\laravel\\framework\\src\\Illuminate\\Pipeline\\Pipeline.php(183): Illuminate\\Foundation\\Http\\Middleware\\PreventRequestsDuringMaintenance->handle(Object(Illuminate\\Http\\Request), Object(Closure))
#49 E:\\freelancing\\local\\zaheer\\alshaafi\\vendor\\laravel\\framework\\src\\Illuminate\\Http\\Middleware\\HandleCors.php(49): Illuminate\\Pipeline\\Pipeline->Illuminate\\Pipeline\\{closure}(Object(Illuminate\\Http\\Request))
#50 E:\\freelancing\\local\\zaheer\\alshaafi\\vendor\\laravel\\framework\\src\\Illuminate\\Pipeline\\Pipeline.php(183): Illuminate\\Http\\Middleware\\HandleCors->handle(Object(Illuminate\\Http\\Request), Object(Closure))
#51 E:\\freelancing\\local\\zaheer\\alshaafi\\vendor\\laravel\\framework\\src\\Illuminate\\Http\\Middleware\\TrustProxies.php(57): Illuminate\\Pipeline\\Pipeline->Illuminate\\Pipeline\\{closure}(Object(Illuminate\\Http\\Request))
#52 E:\\freelancing\\local\\zaheer\\alshaafi\\vendor\\laravel\\framework\\src\\Illuminate\\Pipeline\\Pipeline.php(183): Illuminate\\Http\\Middleware\\TrustProxies->handle(Object(Illuminate\\Http\\Request), Object(Closure))
#53 E:\\freelancing\\local\\zaheer\\alshaafi\\vendor\\laravel\\framework\\src\\Illuminate\\Pipeline\\Pipeline.php(119): Illuminate\\Pipeline\\Pipeline->Illuminate\\Pipeline\\{closure}(Object(Illuminate\\Http\\Request))
#54 E:\\freelancing\\local\\zaheer\\alshaafi\\vendor\\laravel\\framework\\src\\Illuminate\\Foundation\\Http\\Kernel.php(175): Illuminate\\Pipeline\\Pipeline->then(Object(Closure))
#55 E:\\freelancing\\local\\zaheer\\alshaafi\\vendor\\laravel\\framework\\src\\Illuminate\\Foundation\\Http\\Kernel.php(144): Illuminate\\Foundation\\Http\\Kernel->sendRequestThroughRouter(Object(Illuminate\\Http\\Request))
#56 E:\\freelancing\\local\\zaheer\\alshaafi\\vendor\\laravel\\framework\\src\\Illuminate\\Foundation\\Application.php(1188): Illuminate\\Foundation\\Http\\Kernel->handle(Object(Illuminate\\Http\\Request))
#57 E:\\freelancing\\local\\zaheer\\alshaafi\\public\\index.php(17): Illuminate\\Foundation\\Application->handleRequest(Object(Illuminate\\Http\\Request))
#58 E:\\freelancing\\local\\zaheer\\alshaafi\\vendor\\laravel\\framework\\src\\Illuminate\\Foundation\\resources\\server.php(23): require_once('E:\\\\freelancing\\\\...')
#59 {main}
"} 
[2025-07-03 07:02:23] local.ERROR: Call to a member function format() on null (View: E:\freelancing\local\zaheer\alshaafi\resources\views\web\order-confirmation.blade.php) {"userId":5,"exception":"[object] (Illuminate\\View\\ViewException(code: 0): Call to a member function format() on null (View: E:\\freelancing\\local\\zaheer\\alshaafi\\resources\\views\\web\\order-confirmation.blade.php) at E:\\freelancing\\local\\zaheer\\alshaafi\\storage\\framework\\views\\f733d7a2df1e1ee49b95640bbb7eba2e.php:28)
[stacktrace]
#0 E:\\freelancing\\local\\zaheer\\alshaafi\\vendor\\livewire\\livewire\\src\\Mechanisms\\ExtendBlade\\ExtendedCompilerEngine.php(58): Illuminate\\View\\Engines\\CompilerEngine->handleViewException(Object(Error), 1)
#1 E:\\freelancing\\local\\zaheer\\alshaafi\\vendor\\laravel\\framework\\src\\Illuminate\\View\\Engines\\PhpEngine.php(60): Livewire\\Mechanisms\\ExtendBlade\\ExtendedCompilerEngine->handleViewException(Object(Error), 1)
#2 E:\\freelancing\\local\\zaheer\\alshaafi\\vendor\\livewire\\livewire\\src\\Mechanisms\\ExtendBlade\\ExtendedCompilerEngine.php(22): Illuminate\\View\\Engines\\PhpEngine->evaluatePath('E:\\\\freelancing\\\\...', Array)
#3 E:\\freelancing\\local\\zaheer\\alshaafi\\vendor\\laravel\\framework\\src\\Illuminate\\View\\Engines\\CompilerEngine.php(73): Livewire\\Mechanisms\\ExtendBlade\\ExtendedCompilerEngine->evaluatePath('E:\\\\freelancing\\\\...', Array)
#4 E:\\freelancing\\local\\zaheer\\alshaafi\\vendor\\livewire\\livewire\\src\\Mechanisms\\ExtendBlade\\ExtendedCompilerEngine.php(10): Illuminate\\View\\Engines\\CompilerEngine->get('E:\\\\freelancing\\\\...', Array)
#5 E:\\freelancing\\local\\zaheer\\alshaafi\\vendor\\laravel\\framework\\src\\Illuminate\\View\\View.php(208): Livewire\\Mechanisms\\ExtendBlade\\ExtendedCompilerEngine->get('E:\\\\freelancing\\\\...', Array)
#6 E:\\freelancing\\local\\zaheer\\alshaafi\\vendor\\laravel\\framework\\src\\Illuminate\\View\\View.php(191): Illuminate\\View\\View->getContents()
#7 E:\\freelancing\\local\\zaheer\\alshaafi\\vendor\\laravel\\framework\\src\\Illuminate\\View\\View.php(160): Illuminate\\View\\View->renderContents()
#8 E:\\freelancing\\local\\zaheer\\alshaafi\\vendor\\laravel\\framework\\src\\Illuminate\\Http\\Response.php(70): Illuminate\\View\\View->render()
#9 E:\\freelancing\\local\\zaheer\\alshaafi\\vendor\\laravel\\framework\\src\\Illuminate\\Http\\Response.php(35): Illuminate\\Http\\Response->setContent(Object(Illuminate\\View\\View))
#10 E:\\freelancing\\local\\zaheer\\alshaafi\\vendor\\laravel\\framework\\src\\Illuminate\\Routing\\Router.php(920): Illuminate\\Http\\Response->__construct(Object(Illuminate\\View\\View), 200, Array)
#11 E:\\freelancing\\local\\zaheer\\alshaafi\\vendor\\laravel\\framework\\src\\Illuminate\\Routing\\Router.php(887): Illuminate\\Routing\\Router::toResponse(Object(Illuminate\\Http\\Request), Object(Illuminate\\View\\View))
#12 E:\\freelancing\\local\\zaheer\\alshaafi\\vendor\\laravel\\framework\\src\\Illuminate\\Routing\\Router.php(807): Illuminate\\Routing\\Router->prepareResponse(Object(Illuminate\\Http\\Request), Object(Illuminate\\View\\View))
#13 E:\\freelancing\\local\\zaheer\\alshaafi\\vendor\\laravel\\framework\\src\\Illuminate\\Pipeline\\Pipeline.php(144): Illuminate\\Routing\\Router->Illuminate\\Routing\\{closure}(Object(Illuminate\\Http\\Request))
#14 E:\\freelancing\\local\\zaheer\\alshaafi\\app\\Http\\Middleware\\SetLocaleAndCountry.php(50): Illuminate\\Pipeline\\Pipeline->Illuminate\\Pipeline\\{closure}(Object(Illuminate\\Http\\Request))
#15 E:\\freelancing\\local\\zaheer\\alshaafi\\vendor\\laravel\\framework\\src\\Illuminate\\Pipeline\\Pipeline.php(183): App\\Http\\Middleware\\SetLocaleAndCountry->handle(Object(Illuminate\\Http\\Request), Object(Closure))
#16 E:\\freelancing\\local\\zaheer\\alshaafi\\vendor\\laravel\\framework\\src\\Illuminate\\Routing\\Middleware\\SubstituteBindings.php(50): Illuminate\\Pipeline\\Pipeline->Illuminate\\Pipeline\\{closure}(Object(Illuminate\\Http\\Request))
#17 E:\\freelancing\\local\\zaheer\\alshaafi\\vendor\\laravel\\framework\\src\\Illuminate\\Pipeline\\Pipeline.php(183): Illuminate\\Routing\\Middleware\\SubstituteBindings->handle(Object(Illuminate\\Http\\Request), Object(Closure))
#18 E:\\freelancing\\local\\zaheer\\alshaafi\\vendor\\laravel\\framework\\src\\Illuminate\\Foundation\\Http\\Middleware\\VerifyCsrfToken.php(88): Illuminate\\Pipeline\\Pipeline->Illuminate\\Pipeline\\{closure}(Object(Illuminate\\Http\\Request))
#19 E:\\freelancing\\local\\zaheer\\alshaafi\\vendor\\laravel\\framework\\src\\Illuminate\\Pipeline\\Pipeline.php(183): Illuminate\\Foundation\\Http\\Middleware\\VerifyCsrfToken->handle(Object(Illuminate\\Http\\Request), Object(Closure))
#20 E:\\freelancing\\local\\zaheer\\alshaafi\\vendor\\laravel\\framework\\src\\Illuminate\\View\\Middleware\\ShareErrorsFromSession.php(49): Illuminate\\Pipeline\\Pipeline->Illuminate\\Pipeline\\{closure}(Object(Illuminate\\Http\\Request))
#21 E:\\freelancing\\local\\zaheer\\alshaafi\\vendor\\laravel\\framework\\src\\Illuminate\\Pipeline\\Pipeline.php(183): Illuminate\\View\\Middleware\\ShareErrorsFromSession->handle(Object(Illuminate\\Http\\Request), Object(Closure))
#22 E:\\freelancing\\local\\zaheer\\alshaafi\\vendor\\laravel\\framework\\src\\Illuminate\\Session\\Middleware\\StartSession.php(121): Illuminate\\Pipeline\\Pipeline->Illuminate\\Pipeline\\{closure}(Object(Illuminate\\Http\\Request))
#23 E:\\freelancing\\local\\zaheer\\alshaafi\\vendor\\laravel\\framework\\src\\Illuminate\\Session\\Middleware\\StartSession.php(64): Illuminate\\Session\\Middleware\\StartSession->handleStatefulRequest(Object(Illuminate\\Http\\Request), Object(Illuminate\\Session\\Store), Object(Closure))
#24 E:\\freelancing\\local\\zaheer\\alshaafi\\vendor\\laravel\\framework\\src\\Illuminate\\Pipeline\\Pipeline.php(183): Illuminate\\Session\\Middleware\\StartSession->handle(Object(Illuminate\\Http\\Request), Object(Closure))
#25 E:\\freelancing\\local\\zaheer\\alshaafi\\vendor\\laravel\\framework\\src\\Illuminate\\Cookie\\Middleware\\AddQueuedCookiesToResponse.php(37): Illuminate\\Pipeline\\Pipeline->Illuminate\\Pipeline\\{closure}(Object(Illuminate\\Http\\Request))
#26 E:\\freelancing\\local\\zaheer\\alshaafi\\vendor\\laravel\\framework\\src\\Illuminate\\Pipeline\\Pipeline.php(183): Illuminate\\Cookie\\Middleware\\AddQueuedCookiesToResponse->handle(Object(Illuminate\\Http\\Request), Object(Closure))
#27 E:\\freelancing\\local\\zaheer\\alshaafi\\vendor\\laravel\\framework\\src\\Illuminate\\Cookie\\Middleware\\EncryptCookies.php(75): Illuminate\\Pipeline\\Pipeline->Illuminate\\Pipeline\\{closure}(Object(Illuminate\\Http\\Request))
#28 E:\\freelancing\\local\\zaheer\\alshaafi\\vendor\\laravel\\framework\\src\\Illuminate\\Pipeline\\Pipeline.php(183): Illuminate\\Cookie\\Middleware\\EncryptCookies->handle(Object(Illuminate\\Http\\Request), Object(Closure))
#29 E:\\freelancing\\local\\zaheer\\alshaafi\\vendor\\laravel\\framework\\src\\Illuminate\\Pipeline\\Pipeline.php(119): Illuminate\\Pipeline\\Pipeline->Illuminate\\Pipeline\\{closure}(Object(Illuminate\\Http\\Request))
#30 E:\\freelancing\\local\\zaheer\\alshaafi\\vendor\\laravel\\framework\\src\\Illuminate\\Routing\\Router.php(807): Illuminate\\Pipeline\\Pipeline->then(Object(Closure))
#31 E:\\freelancing\\local\\zaheer\\alshaafi\\vendor\\laravel\\framework\\src\\Illuminate\\Routing\\Router.php(786): Illuminate\\Routing\\Router->runRouteWithinStack(Object(Illuminate\\Routing\\Route), Object(Illuminate\\Http\\Request))
#32 E:\\freelancing\\local\\zaheer\\alshaafi\\vendor\\laravel\\framework\\src\\Illuminate\\Routing\\Router.php(750): Illuminate\\Routing\\Router->runRoute(Object(Illuminate\\Http\\Request), Object(Illuminate\\Routing\\Route))
#33 E:\\freelancing\\local\\zaheer\\alshaafi\\vendor\\laravel\\framework\\src\\Illuminate\\Routing\\Router.php(739): Illuminate\\Routing\\Router->dispatchToRoute(Object(Illuminate\\Http\\Request))
#34 E:\\freelancing\\local\\zaheer\\alshaafi\\vendor\\laravel\\framework\\src\\Illuminate\\Foundation\\Http\\Kernel.php(200): Illuminate\\Routing\\Router->dispatch(Object(Illuminate\\Http\\Request))
#35 E:\\freelancing\\local\\zaheer\\alshaafi\\vendor\\laravel\\framework\\src\\Illuminate\\Pipeline\\Pipeline.php(144): Illuminate\\Foundation\\Http\\Kernel->Illuminate\\Foundation\\Http\\{closure}(Object(Illuminate\\Http\\Request))
#36 E:\\freelancing\\local\\zaheer\\alshaafi\\vendor\\livewire\\livewire\\src\\Features\\SupportDisablingBackButtonCache\\DisableBackButtonCacheMiddleware.php(19): Illuminate\\Pipeline\\Pipeline->Illuminate\\Pipeline\\{closure}(Object(Illuminate\\Http\\Request))
#37 E:\\freelancing\\local\\zaheer\\alshaafi\\vendor\\laravel\\framework\\src\\Illuminate\\Pipeline\\Pipeline.php(183): Livewire\\Features\\SupportDisablingBackButtonCache\\DisableBackButtonCacheMiddleware->handle(Object(Illuminate\\Http\\Request), Object(Closure))
#38 E:\\freelancing\\local\\zaheer\\alshaafi\\vendor\\laravel\\framework\\src\\Illuminate\\Foundation\\Http\\Middleware\\TransformsRequest.php(21): Illuminate\\Pipeline\\Pipeline->Illuminate\\Pipeline\\{closure}(Object(Illuminate\\Http\\Request))
#39 E:\\freelancing\\local\\zaheer\\alshaafi\\vendor\\laravel\\framework\\src\\Illuminate\\Foundation\\Http\\Middleware\\ConvertEmptyStringsToNull.php(31): Illuminate\\Foundation\\Http\\Middleware\\TransformsRequest->handle(Object(Illuminate\\Http\\Request), Object(Closure))
#40 E:\\freelancing\\local\\zaheer\\alshaafi\\vendor\\laravel\\framework\\src\\Illuminate\\Pipeline\\Pipeline.php(183): Illuminate\\Foundation\\Http\\Middleware\\ConvertEmptyStringsToNull->handle(Object(Illuminate\\Http\\Request), Object(Closure))
#41 E:\\freelancing\\local\\zaheer\\alshaafi\\vendor\\laravel\\framework\\src\\Illuminate\\Foundation\\Http\\Middleware\\TransformsRequest.php(21): Illuminate\\Pipeline\\Pipeline->Illuminate\\Pipeline\\{closure}(Object(Illuminate\\Http\\Request))
#42 E:\\freelancing\\local\\zaheer\\alshaafi\\vendor\\laravel\\framework\\src\\Illuminate\\Foundation\\Http\\Middleware\\TrimStrings.php(51): Illuminate\\Foundation\\Http\\Middleware\\TransformsRequest->handle(Object(Illuminate\\Http\\Request), Object(Closure))
#43 E:\\freelancing\\local\\zaheer\\alshaafi\\vendor\\laravel\\framework\\src\\Illuminate\\Pipeline\\Pipeline.php(183): Illuminate\\Foundation\\Http\\Middleware\\TrimStrings->handle(Object(Illuminate\\Http\\Request), Object(Closure))
#44 E:\\freelancing\\local\\zaheer\\alshaafi\\vendor\\laravel\\framework\\src\\Illuminate\\Http\\Middleware\\ValidatePostSize.php(27): Illuminate\\Pipeline\\Pipeline->Illuminate\\Pipeline\\{closure}(Object(Illuminate\\Http\\Request))
#45 E:\\freelancing\\local\\zaheer\\alshaafi\\vendor\\laravel\\framework\\src\\Illuminate\\Pipeline\\Pipeline.php(183): Illuminate\\Http\\Middleware\\ValidatePostSize->handle(Object(Illuminate\\Http\\Request), Object(Closure))
#46 E:\\freelancing\\local\\zaheer\\alshaafi\\vendor\\laravel\\framework\\src\\Illuminate\\Foundation\\Http\\Middleware\\PreventRequestsDuringMaintenance.php(110): Illuminate\\Pipeline\\Pipeline->Illuminate\\Pipeline\\{closure}(Object(Illuminate\\Http\\Request))
#47 E:\\freelancing\\local\\zaheer\\alshaafi\\vendor\\laravel\\framework\\src\\Illuminate\\Pipeline\\Pipeline.php(183): Illuminate\\Foundation\\Http\\Middleware\\PreventRequestsDuringMaintenance->handle(Object(Illuminate\\Http\\Request), Object(Closure))
#48 E:\\freelancing\\local\\zaheer\\alshaafi\\vendor\\laravel\\framework\\src\\Illuminate\\Http\\Middleware\\HandleCors.php(49): Illuminate\\Pipeline\\Pipeline->Illuminate\\Pipeline\\{closure}(Object(Illuminate\\Http\\Request))
#49 E:\\freelancing\\local\\zaheer\\alshaafi\\vendor\\laravel\\framework\\src\\Illuminate\\Pipeline\\Pipeline.php(183): Illuminate\\Http\\Middleware\\HandleCors->handle(Object(Illuminate\\Http\\Request), Object(Closure))
#50 E:\\freelancing\\local\\zaheer\\alshaafi\\vendor\\laravel\\framework\\src\\Illuminate\\Http\\Middleware\\TrustProxies.php(57): Illuminate\\Pipeline\\Pipeline->Illuminate\\Pipeline\\{closure}(Object(Illuminate\\Http\\Request))
#51 E:\\freelancing\\local\\zaheer\\alshaafi\\vendor\\laravel\\framework\\src\\Illuminate\\Pipeline\\Pipeline.php(183): Illuminate\\Http\\Middleware\\TrustProxies->handle(Object(Illuminate\\Http\\Request), Object(Closure))
#52 E:\\freelancing\\local\\zaheer\\alshaafi\\vendor\\laravel\\framework\\src\\Illuminate\\Pipeline\\Pipeline.php(119): Illuminate\\Pipeline\\Pipeline->Illuminate\\Pipeline\\{closure}(Object(Illuminate\\Http\\Request))
#53 E:\\freelancing\\local\\zaheer\\alshaafi\\vendor\\laravel\\framework\\src\\Illuminate\\Foundation\\Http\\Kernel.php(175): Illuminate\\Pipeline\\Pipeline->then(Object(Closure))
#54 E:\\freelancing\\local\\zaheer\\alshaafi\\vendor\\laravel\\framework\\src\\Illuminate\\Foundation\\Http\\Kernel.php(144): Illuminate\\Foundation\\Http\\Kernel->sendRequestThroughRouter(Object(Illuminate\\Http\\Request))
#55 E:\\freelancing\\local\\zaheer\\alshaafi\\vendor\\laravel\\framework\\src\\Illuminate\\Foundation\\Application.php(1188): Illuminate\\Foundation\\Http\\Kernel->handle(Object(Illuminate\\Http\\Request))
#56 E:\\freelancing\\local\\zaheer\\alshaafi\\public\\index.php(17): Illuminate\\Foundation\\Application->handleRequest(Object(Illuminate\\Http\\Request))
#57 E:\\freelancing\\local\\zaheer\\alshaafi\\vendor\\laravel\\framework\\src\\Illuminate\\Foundation\\resources\\server.php(23): require_once('E:\\\\freelancing\\\\...')
#58 {main}

[previous exception] [object] (Error(code: 0): Call to a member function format() on null at E:\\freelancing\\local\\zaheer\\alshaafi\\storage\\framework\\views\\f733d7a2df1e1ee49b95640bbb7eba2e.php:28)
[stacktrace]
#0 E:\\freelancing\\local\\zaheer\\alshaafi\\vendor\\laravel\\framework\\src\\Illuminate\\Filesystem\\Filesystem.php(123): require()
#1 E:\\freelancing\\local\\zaheer\\alshaafi\\vendor\\laravel\\framework\\src\\Illuminate\\Filesystem\\Filesystem.php(124): Illuminate\\Filesystem\\Filesystem::Illuminate\\Filesystem\\{closure}()
#2 E:\\freelancing\\local\\zaheer\\alshaafi\\vendor\\laravel\\framework\\src\\Illuminate\\View\\Engines\\PhpEngine.php(58): Illuminate\\Filesystem\\Filesystem->getRequire('E:\\\\freelancing\\\\...', Array)
#3 E:\\freelancing\\local\\zaheer\\alshaafi\\vendor\\livewire\\livewire\\src\\Mechanisms\\ExtendBlade\\ExtendedCompilerEngine.php(22): Illuminate\\View\\Engines\\PhpEngine->evaluatePath('E:\\\\freelancing\\\\...', Array)
#4 E:\\freelancing\\local\\zaheer\\alshaafi\\vendor\\laravel\\framework\\src\\Illuminate\\View\\Engines\\CompilerEngine.php(73): Livewire\\Mechanisms\\ExtendBlade\\ExtendedCompilerEngine->evaluatePath('E:\\\\freelancing\\\\...', Array)
#5 E:\\freelancing\\local\\zaheer\\alshaafi\\vendor\\livewire\\livewire\\src\\Mechanisms\\ExtendBlade\\ExtendedCompilerEngine.php(10): Illuminate\\View\\Engines\\CompilerEngine->get('E:\\\\freelancing\\\\...', Array)
#6 E:\\freelancing\\local\\zaheer\\alshaafi\\vendor\\laravel\\framework\\src\\Illuminate\\View\\View.php(208): Livewire\\Mechanisms\\ExtendBlade\\ExtendedCompilerEngine->get('E:\\\\freelancing\\\\...', Array)
#7 E:\\freelancing\\local\\zaheer\\alshaafi\\vendor\\laravel\\framework\\src\\Illuminate\\View\\View.php(191): Illuminate\\View\\View->getContents()
#8 E:\\freelancing\\local\\zaheer\\alshaafi\\vendor\\laravel\\framework\\src\\Illuminate\\View\\View.php(160): Illuminate\\View\\View->renderContents()
#9 E:\\freelancing\\local\\zaheer\\alshaafi\\vendor\\laravel\\framework\\src\\Illuminate\\Http\\Response.php(70): Illuminate\\View\\View->render()
#10 E:\\freelancing\\local\\zaheer\\alshaafi\\vendor\\laravel\\framework\\src\\Illuminate\\Http\\Response.php(35): Illuminate\\Http\\Response->setContent(Object(Illuminate\\View\\View))
#11 E:\\freelancing\\local\\zaheer\\alshaafi\\vendor\\laravel\\framework\\src\\Illuminate\\Routing\\Router.php(920): Illuminate\\Http\\Response->__construct(Object(Illuminate\\View\\View), 200, Array)
#12 E:\\freelancing\\local\\zaheer\\alshaafi\\vendor\\laravel\\framework\\src\\Illuminate\\Routing\\Router.php(887): Illuminate\\Routing\\Router::toResponse(Object(Illuminate\\Http\\Request), Object(Illuminate\\View\\View))
#13 E:\\freelancing\\local\\zaheer\\alshaafi\\vendor\\laravel\\framework\\src\\Illuminate\\Routing\\Router.php(807): Illuminate\\Routing\\Router->prepareResponse(Object(Illuminate\\Http\\Request), Object(Illuminate\\View\\View))
#14 E:\\freelancing\\local\\zaheer\\alshaafi\\vendor\\laravel\\framework\\src\\Illuminate\\Pipeline\\Pipeline.php(144): Illuminate\\Routing\\Router->Illuminate\\Routing\\{closure}(Object(Illuminate\\Http\\Request))
#15 E:\\freelancing\\local\\zaheer\\alshaafi\\app\\Http\\Middleware\\SetLocaleAndCountry.php(50): Illuminate\\Pipeline\\Pipeline->Illuminate\\Pipeline\\{closure}(Object(Illuminate\\Http\\Request))
#16 E:\\freelancing\\local\\zaheer\\alshaafi\\vendor\\laravel\\framework\\src\\Illuminate\\Pipeline\\Pipeline.php(183): App\\Http\\Middleware\\SetLocaleAndCountry->handle(Object(Illuminate\\Http\\Request), Object(Closure))
#17 E:\\freelancing\\local\\zaheer\\alshaafi\\vendor\\laravel\\framework\\src\\Illuminate\\Routing\\Middleware\\SubstituteBindings.php(50): Illuminate\\Pipeline\\Pipeline->Illuminate\\Pipeline\\{closure}(Object(Illuminate\\Http\\Request))
#18 E:\\freelancing\\local\\zaheer\\alshaafi\\vendor\\laravel\\framework\\src\\Illuminate\\Pipeline\\Pipeline.php(183): Illuminate\\Routing\\Middleware\\SubstituteBindings->handle(Object(Illuminate\\Http\\Request), Object(Closure))
#19 E:\\freelancing\\local\\zaheer\\alshaafi\\vendor\\laravel\\framework\\src\\Illuminate\\Foundation\\Http\\Middleware\\VerifyCsrfToken.php(88): Illuminate\\Pipeline\\Pipeline->Illuminate\\Pipeline\\{closure}(Object(Illuminate\\Http\\Request))
#20 E:\\freelancing\\local\\zaheer\\alshaafi\\vendor\\laravel\\framework\\src\\Illuminate\\Pipeline\\Pipeline.php(183): Illuminate\\Foundation\\Http\\Middleware\\VerifyCsrfToken->handle(Object(Illuminate\\Http\\Request), Object(Closure))
#21 E:\\freelancing\\local\\zaheer\\alshaafi\\vendor\\laravel\\framework\\src\\Illuminate\\View\\Middleware\\ShareErrorsFromSession.php(49): Illuminate\\Pipeline\\Pipeline->Illuminate\\Pipeline\\{closure}(Object(Illuminate\\Http\\Request))
#22 E:\\freelancing\\local\\zaheer\\alshaafi\\vendor\\laravel\\framework\\src\\Illuminate\\Pipeline\\Pipeline.php(183): Illuminate\\View\\Middleware\\ShareErrorsFromSession->handle(Object(Illuminate\\Http\\Request), Object(Closure))
#23 E:\\freelancing\\local\\zaheer\\alshaafi\\vendor\\laravel\\framework\\src\\Illuminate\\Session\\Middleware\\StartSession.php(121): Illuminate\\Pipeline\\Pipeline->Illuminate\\Pipeline\\{closure}(Object(Illuminate\\Http\\Request))
#24 E:\\freelancing\\local\\zaheer\\alshaafi\\vendor\\laravel\\framework\\src\\Illuminate\\Session\\Middleware\\StartSession.php(64): Illuminate\\Session\\Middleware\\StartSession->handleStatefulRequest(Object(Illuminate\\Http\\Request), Object(Illuminate\\Session\\Store), Object(Closure))
#25 E:\\freelancing\\local\\zaheer\\alshaafi\\vendor\\laravel\\framework\\src\\Illuminate\\Pipeline\\Pipeline.php(183): Illuminate\\Session\\Middleware\\StartSession->handle(Object(Illuminate\\Http\\Request), Object(Closure))
#26 E:\\freelancing\\local\\zaheer\\alshaafi\\vendor\\laravel\\framework\\src\\Illuminate\\Cookie\\Middleware\\AddQueuedCookiesToResponse.php(37): Illuminate\\Pipeline\\Pipeline->Illuminate\\Pipeline\\{closure}(Object(Illuminate\\Http\\Request))
#27 E:\\freelancing\\local\\zaheer\\alshaafi\\vendor\\laravel\\framework\\src\\Illuminate\\Pipeline\\Pipeline.php(183): Illuminate\\Cookie\\Middleware\\AddQueuedCookiesToResponse->handle(Object(Illuminate\\Http\\Request), Object(Closure))
#28 E:\\freelancing\\local\\zaheer\\alshaafi\\vendor\\laravel\\framework\\src\\Illuminate\\Cookie\\Middleware\\EncryptCookies.php(75): Illuminate\\Pipeline\\Pipeline->Illuminate\\Pipeline\\{closure}(Object(Illuminate\\Http\\Request))
#29 E:\\freelancing\\local\\zaheer\\alshaafi\\vendor\\laravel\\framework\\src\\Illuminate\\Pipeline\\Pipeline.php(183): Illuminate\\Cookie\\Middleware\\EncryptCookies->handle(Object(Illuminate\\Http\\Request), Object(Closure))
#30 E:\\freelancing\\local\\zaheer\\alshaafi\\vendor\\laravel\\framework\\src\\Illuminate\\Pipeline\\Pipeline.php(119): Illuminate\\Pipeline\\Pipeline->Illuminate\\Pipeline\\{closure}(Object(Illuminate\\Http\\Request))
#31 E:\\freelancing\\local\\zaheer\\alshaafi\\vendor\\laravel\\framework\\src\\Illuminate\\Routing\\Router.php(807): Illuminate\\Pipeline\\Pipeline->then(Object(Closure))
#32 E:\\freelancing\\local\\zaheer\\alshaafi\\vendor\\laravel\\framework\\src\\Illuminate\\Routing\\Router.php(786): Illuminate\\Routing\\Router->runRouteWithinStack(Object(Illuminate\\Routing\\Route), Object(Illuminate\\Http\\Request))
#33 E:\\freelancing\\local\\zaheer\\alshaafi\\vendor\\laravel\\framework\\src\\Illuminate\\Routing\\Router.php(750): Illuminate\\Routing\\Router->runRoute(Object(Illuminate\\Http\\Request), Object(Illuminate\\Routing\\Route))
#34 E:\\freelancing\\local\\zaheer\\alshaafi\\vendor\\laravel\\framework\\src\\Illuminate\\Routing\\Router.php(739): Illuminate\\Routing\\Router->dispatchToRoute(Object(Illuminate\\Http\\Request))
#35 E:\\freelancing\\local\\zaheer\\alshaafi\\vendor\\laravel\\framework\\src\\Illuminate\\Foundation\\Http\\Kernel.php(200): Illuminate\\Routing\\Router->dispatch(Object(Illuminate\\Http\\Request))
#36 E:\\freelancing\\local\\zaheer\\alshaafi\\vendor\\laravel\\framework\\src\\Illuminate\\Pipeline\\Pipeline.php(144): Illuminate\\Foundation\\Http\\Kernel->Illuminate\\Foundation\\Http\\{closure}(Object(Illuminate\\Http\\Request))
#37 E:\\freelancing\\local\\zaheer\\alshaafi\\vendor\\livewire\\livewire\\src\\Features\\SupportDisablingBackButtonCache\\DisableBackButtonCacheMiddleware.php(19): Illuminate\\Pipeline\\Pipeline->Illuminate\\Pipeline\\{closure}(Object(Illuminate\\Http\\Request))
#38 E:\\freelancing\\local\\zaheer\\alshaafi\\vendor\\laravel\\framework\\src\\Illuminate\\Pipeline\\Pipeline.php(183): Livewire\\Features\\SupportDisablingBackButtonCache\\DisableBackButtonCacheMiddleware->handle(Object(Illuminate\\Http\\Request), Object(Closure))
#39 E:\\freelancing\\local\\zaheer\\alshaafi\\vendor\\laravel\\framework\\src\\Illuminate\\Foundation\\Http\\Middleware\\TransformsRequest.php(21): Illuminate\\Pipeline\\Pipeline->Illuminate\\Pipeline\\{closure}(Object(Illuminate\\Http\\Request))
#40 E:\\freelancing\\local\\zaheer\\alshaafi\\vendor\\laravel\\framework\\src\\Illuminate\\Foundation\\Http\\Middleware\\ConvertEmptyStringsToNull.php(31): Illuminate\\Foundation\\Http\\Middleware\\TransformsRequest->handle(Object(Illuminate\\Http\\Request), Object(Closure))
#41 E:\\freelancing\\local\\zaheer\\alshaafi\\vendor\\laravel\\framework\\src\\Illuminate\\Pipeline\\Pipeline.php(183): Illuminate\\Foundation\\Http\\Middleware\\ConvertEmptyStringsToNull->handle(Object(Illuminate\\Http\\Request), Object(Closure))
#42 E:\\freelancing\\local\\zaheer\\alshaafi\\vendor\\laravel\\framework\\src\\Illuminate\\Foundation\\Http\\Middleware\\TransformsRequest.php(21): Illuminate\\Pipeline\\Pipeline->Illuminate\\Pipeline\\{closure}(Object(Illuminate\\Http\\Request))
#43 E:\\freelancing\\local\\zaheer\\alshaafi\\vendor\\laravel\\framework\\src\\Illuminate\\Foundation\\Http\\Middleware\\TrimStrings.php(51): Illuminate\\Foundation\\Http\\Middleware\\TransformsRequest->handle(Object(Illuminate\\Http\\Request), Object(Closure))
#44 E:\\freelancing\\local\\zaheer\\alshaafi\\vendor\\laravel\\framework\\src\\Illuminate\\Pipeline\\Pipeline.php(183): Illuminate\\Foundation\\Http\\Middleware\\TrimStrings->handle(Object(Illuminate\\Http\\Request), Object(Closure))
#45 E:\\freelancing\\local\\zaheer\\alshaafi\\vendor\\laravel\\framework\\src\\Illuminate\\Http\\Middleware\\ValidatePostSize.php(27): Illuminate\\Pipeline\\Pipeline->Illuminate\\Pipeline\\{closure}(Object(Illuminate\\Http\\Request))
#46 E:\\freelancing\\local\\zaheer\\alshaafi\\vendor\\laravel\\framework\\src\\Illuminate\\Pipeline\\Pipeline.php(183): Illuminate\\Http\\Middleware\\ValidatePostSize->handle(Object(Illuminate\\Http\\Request), Object(Closure))
#47 E:\\freelancing\\local\\zaheer\\alshaafi\\vendor\\laravel\\framework\\src\\Illuminate\\Foundation\\Http\\Middleware\\PreventRequestsDuringMaintenance.php(110): Illuminate\\Pipeline\\Pipeline->Illuminate\\Pipeline\\{closure}(Object(Illuminate\\Http\\Request))
#48 E:\\freelancing\\local\\zaheer\\alshaafi\\vendor\\laravel\\framework\\src\\Illuminate\\Pipeline\\Pipeline.php(183): Illuminate\\Foundation\\Http\\Middleware\\PreventRequestsDuringMaintenance->handle(Object(Illuminate\\Http\\Request), Object(Closure))
#49 E:\\freelancing\\local\\zaheer\\alshaafi\\vendor\\laravel\\framework\\src\\Illuminate\\Http\\Middleware\\HandleCors.php(49): Illuminate\\Pipeline\\Pipeline->Illuminate\\Pipeline\\{closure}(Object(Illuminate\\Http\\Request))
#50 E:\\freelancing\\local\\zaheer\\alshaafi\\vendor\\laravel\\framework\\src\\Illuminate\\Pipeline\\Pipeline.php(183): Illuminate\\Http\\Middleware\\HandleCors->handle(Object(Illuminate\\Http\\Request), Object(Closure))
#51 E:\\freelancing\\local\\zaheer\\alshaafi\\vendor\\laravel\\framework\\src\\Illuminate\\Http\\Middleware\\TrustProxies.php(57): Illuminate\\Pipeline\\Pipeline->Illuminate\\Pipeline\\{closure}(Object(Illuminate\\Http\\Request))
#52 E:\\freelancing\\local\\zaheer\\alshaafi\\vendor\\laravel\\framework\\src\\Illuminate\\Pipeline\\Pipeline.php(183): Illuminate\\Http\\Middleware\\TrustProxies->handle(Object(Illuminate\\Http\\Request), Object(Closure))
#53 E:\\freelancing\\local\\zaheer\\alshaafi\\vendor\\laravel\\framework\\src\\Illuminate\\Pipeline\\Pipeline.php(119): Illuminate\\Pipeline\\Pipeline->Illuminate\\Pipeline\\{closure}(Object(Illuminate\\Http\\Request))
#54 E:\\freelancing\\local\\zaheer\\alshaafi\\vendor\\laravel\\framework\\src\\Illuminate\\Foundation\\Http\\Kernel.php(175): Illuminate\\Pipeline\\Pipeline->then(Object(Closure))
#55 E:\\freelancing\\local\\zaheer\\alshaafi\\vendor\\laravel\\framework\\src\\Illuminate\\Foundation\\Http\\Kernel.php(144): Illuminate\\Foundation\\Http\\Kernel->sendRequestThroughRouter(Object(Illuminate\\Http\\Request))
#56 E:\\freelancing\\local\\zaheer\\alshaafi\\vendor\\laravel\\framework\\src\\Illuminate\\Foundation\\Application.php(1188): Illuminate\\Foundation\\Http\\Kernel->handle(Object(Illuminate\\Http\\Request))
#57 E:\\freelancing\\local\\zaheer\\alshaafi\\public\\index.php(17): Illuminate\\Foundation\\Application->handleRequest(Object(Illuminate\\Http\\Request))
#58 E:\\freelancing\\local\\zaheer\\alshaafi\\vendor\\laravel\\framework\\src\\Illuminate\\Foundation\\resources\\server.php(23): require_once('E:\\\\freelancing\\\\...')
#59 {main}
"} 
[2025-07-03 07:03:17] local.ERROR: Trying to access array offset on value of type null (View: E:\freelancing\local\zaheer\alshaafi\resources\views\web\order-confirmation.blade.php) {"userId":5,"exception":"[object] (Illuminate\\View\\ViewException(code: 0): Trying to access array offset on value of type null (View: E:\\freelancing\\local\\zaheer\\alshaafi\\resources\\views\\web\\order-confirmation.blade.php) at E:\\freelancing\\local\\zaheer\\alshaafi\\storage\\framework\\views\\f733d7a2df1e1ee49b95640bbb7eba2e.php:51)
[stacktrace]
#0 E:\\freelancing\\local\\zaheer\\alshaafi\\vendor\\livewire\\livewire\\src\\Mechanisms\\ExtendBlade\\ExtendedCompilerEngine.php(58): Illuminate\\View\\Engines\\CompilerEngine->handleViewException(Object(ErrorException), 1)
#1 E:\\freelancing\\local\\zaheer\\alshaafi\\vendor\\laravel\\framework\\src\\Illuminate\\View\\Engines\\PhpEngine.php(60): Livewire\\Mechanisms\\ExtendBlade\\ExtendedCompilerEngine->handleViewException(Object(ErrorException), 1)
#2 E:\\freelancing\\local\\zaheer\\alshaafi\\vendor\\livewire\\livewire\\src\\Mechanisms\\ExtendBlade\\ExtendedCompilerEngine.php(22): Illuminate\\View\\Engines\\PhpEngine->evaluatePath('E:\\\\freelancing\\\\...', Array)
#3 E:\\freelancing\\local\\zaheer\\alshaafi\\vendor\\laravel\\framework\\src\\Illuminate\\View\\Engines\\CompilerEngine.php(73): Livewire\\Mechanisms\\ExtendBlade\\ExtendedCompilerEngine->evaluatePath('E:\\\\freelancing\\\\...', Array)
#4 E:\\freelancing\\local\\zaheer\\alshaafi\\vendor\\livewire\\livewire\\src\\Mechanisms\\ExtendBlade\\ExtendedCompilerEngine.php(10): Illuminate\\View\\Engines\\CompilerEngine->get('E:\\\\freelancing\\\\...', Array)
#5 E:\\freelancing\\local\\zaheer\\alshaafi\\vendor\\laravel\\framework\\src\\Illuminate\\View\\View.php(208): Livewire\\Mechanisms\\ExtendBlade\\ExtendedCompilerEngine->get('E:\\\\freelancing\\\\...', Array)
#6 E:\\freelancing\\local\\zaheer\\alshaafi\\vendor\\laravel\\framework\\src\\Illuminate\\View\\View.php(191): Illuminate\\View\\View->getContents()
#7 E:\\freelancing\\local\\zaheer\\alshaafi\\vendor\\laravel\\framework\\src\\Illuminate\\View\\View.php(160): Illuminate\\View\\View->renderContents()
#8 E:\\freelancing\\local\\zaheer\\alshaafi\\vendor\\laravel\\framework\\src\\Illuminate\\Http\\Response.php(70): Illuminate\\View\\View->render()
#9 E:\\freelancing\\local\\zaheer\\alshaafi\\vendor\\laravel\\framework\\src\\Illuminate\\Http\\Response.php(35): Illuminate\\Http\\Response->setContent(Object(Illuminate\\View\\View))
#10 E:\\freelancing\\local\\zaheer\\alshaafi\\vendor\\laravel\\framework\\src\\Illuminate\\Routing\\Router.php(920): Illuminate\\Http\\Response->__construct(Object(Illuminate\\View\\View), 200, Array)
#11 E:\\freelancing\\local\\zaheer\\alshaafi\\vendor\\laravel\\framework\\src\\Illuminate\\Routing\\Router.php(887): Illuminate\\Routing\\Router::toResponse(Object(Illuminate\\Http\\Request), Object(Illuminate\\View\\View))
#12 E:\\freelancing\\local\\zaheer\\alshaafi\\vendor\\laravel\\framework\\src\\Illuminate\\Routing\\Router.php(807): Illuminate\\Routing\\Router->prepareResponse(Object(Illuminate\\Http\\Request), Object(Illuminate\\View\\View))
#13 E:\\freelancing\\local\\zaheer\\alshaafi\\vendor\\laravel\\framework\\src\\Illuminate\\Pipeline\\Pipeline.php(144): Illuminate\\Routing\\Router->Illuminate\\Routing\\{closure}(Object(Illuminate\\Http\\Request))
#14 E:\\freelancing\\local\\zaheer\\alshaafi\\app\\Http\\Middleware\\SetLocaleAndCountry.php(50): Illuminate\\Pipeline\\Pipeline->Illuminate\\Pipeline\\{closure}(Object(Illuminate\\Http\\Request))
#15 E:\\freelancing\\local\\zaheer\\alshaafi\\vendor\\laravel\\framework\\src\\Illuminate\\Pipeline\\Pipeline.php(183): App\\Http\\Middleware\\SetLocaleAndCountry->handle(Object(Illuminate\\Http\\Request), Object(Closure))
#16 E:\\freelancing\\local\\zaheer\\alshaafi\\vendor\\laravel\\framework\\src\\Illuminate\\Routing\\Middleware\\SubstituteBindings.php(50): Illuminate\\Pipeline\\Pipeline->Illuminate\\Pipeline\\{closure}(Object(Illuminate\\Http\\Request))
#17 E:\\freelancing\\local\\zaheer\\alshaafi\\vendor\\laravel\\framework\\src\\Illuminate\\Pipeline\\Pipeline.php(183): Illuminate\\Routing\\Middleware\\SubstituteBindings->handle(Object(Illuminate\\Http\\Request), Object(Closure))
#18 E:\\freelancing\\local\\zaheer\\alshaafi\\vendor\\laravel\\framework\\src\\Illuminate\\Foundation\\Http\\Middleware\\VerifyCsrfToken.php(88): Illuminate\\Pipeline\\Pipeline->Illuminate\\Pipeline\\{closure}(Object(Illuminate\\Http\\Request))
#19 E:\\freelancing\\local\\zaheer\\alshaafi\\vendor\\laravel\\framework\\src\\Illuminate\\Pipeline\\Pipeline.php(183): Illuminate\\Foundation\\Http\\Middleware\\VerifyCsrfToken->handle(Object(Illuminate\\Http\\Request), Object(Closure))
#20 E:\\freelancing\\local\\zaheer\\alshaafi\\vendor\\laravel\\framework\\src\\Illuminate\\View\\Middleware\\ShareErrorsFromSession.php(49): Illuminate\\Pipeline\\Pipeline->Illuminate\\Pipeline\\{closure}(Object(Illuminate\\Http\\Request))
#21 E:\\freelancing\\local\\zaheer\\alshaafi\\vendor\\laravel\\framework\\src\\Illuminate\\Pipeline\\Pipeline.php(183): Illuminate\\View\\Middleware\\ShareErrorsFromSession->handle(Object(Illuminate\\Http\\Request), Object(Closure))
#22 E:\\freelancing\\local\\zaheer\\alshaafi\\vendor\\laravel\\framework\\src\\Illuminate\\Session\\Middleware\\StartSession.php(121): Illuminate\\Pipeline\\Pipeline->Illuminate\\Pipeline\\{closure}(Object(Illuminate\\Http\\Request))
#23 E:\\freelancing\\local\\zaheer\\alshaafi\\vendor\\laravel\\framework\\src\\Illuminate\\Session\\Middleware\\StartSession.php(64): Illuminate\\Session\\Middleware\\StartSession->handleStatefulRequest(Object(Illuminate\\Http\\Request), Object(Illuminate\\Session\\Store), Object(Closure))
#24 E:\\freelancing\\local\\zaheer\\alshaafi\\vendor\\laravel\\framework\\src\\Illuminate\\Pipeline\\Pipeline.php(183): Illuminate\\Session\\Middleware\\StartSession->handle(Object(Illuminate\\Http\\Request), Object(Closure))
#25 E:\\freelancing\\local\\zaheer\\alshaafi\\vendor\\laravel\\framework\\src\\Illuminate\\Cookie\\Middleware\\AddQueuedCookiesToResponse.php(37): Illuminate\\Pipeline\\Pipeline->Illuminate\\Pipeline\\{closure}(Object(Illuminate\\Http\\Request))
#26 E:\\freelancing\\local\\zaheer\\alshaafi\\vendor\\laravel\\framework\\src\\Illuminate\\Pipeline\\Pipeline.php(183): Illuminate\\Cookie\\Middleware\\AddQueuedCookiesToResponse->handle(Object(Illuminate\\Http\\Request), Object(Closure))
#27 E:\\freelancing\\local\\zaheer\\alshaafi\\vendor\\laravel\\framework\\src\\Illuminate\\Cookie\\Middleware\\EncryptCookies.php(75): Illuminate\\Pipeline\\Pipeline->Illuminate\\Pipeline\\{closure}(Object(Illuminate\\Http\\Request))
#28 E:\\freelancing\\local\\zaheer\\alshaafi\\vendor\\laravel\\framework\\src\\Illuminate\\Pipeline\\Pipeline.php(183): Illuminate\\Cookie\\Middleware\\EncryptCookies->handle(Object(Illuminate\\Http\\Request), Object(Closure))
#29 E:\\freelancing\\local\\zaheer\\alshaafi\\vendor\\laravel\\framework\\src\\Illuminate\\Pipeline\\Pipeline.php(119): Illuminate\\Pipeline\\Pipeline->Illuminate\\Pipeline\\{closure}(Object(Illuminate\\Http\\Request))
#30 E:\\freelancing\\local\\zaheer\\alshaafi\\vendor\\laravel\\framework\\src\\Illuminate\\Routing\\Router.php(807): Illuminate\\Pipeline\\Pipeline->then(Object(Closure))
#31 E:\\freelancing\\local\\zaheer\\alshaafi\\vendor\\laravel\\framework\\src\\Illuminate\\Routing\\Router.php(786): Illuminate\\Routing\\Router->runRouteWithinStack(Object(Illuminate\\Routing\\Route), Object(Illuminate\\Http\\Request))
#32 E:\\freelancing\\local\\zaheer\\alshaafi\\vendor\\laravel\\framework\\src\\Illuminate\\Routing\\Router.php(750): Illuminate\\Routing\\Router->runRoute(Object(Illuminate\\Http\\Request), Object(Illuminate\\Routing\\Route))
#33 E:\\freelancing\\local\\zaheer\\alshaafi\\vendor\\laravel\\framework\\src\\Illuminate\\Routing\\Router.php(739): Illuminate\\Routing\\Router->dispatchToRoute(Object(Illuminate\\Http\\Request))
#34 E:\\freelancing\\local\\zaheer\\alshaafi\\vendor\\laravel\\framework\\src\\Illuminate\\Foundation\\Http\\Kernel.php(200): Illuminate\\Routing\\Router->dispatch(Object(Illuminate\\Http\\Request))
#35 E:\\freelancing\\local\\zaheer\\alshaafi\\vendor\\laravel\\framework\\src\\Illuminate\\Pipeline\\Pipeline.php(144): Illuminate\\Foundation\\Http\\Kernel->Illuminate\\Foundation\\Http\\{closure}(Object(Illuminate\\Http\\Request))
#36 E:\\freelancing\\local\\zaheer\\alshaafi\\vendor\\livewire\\livewire\\src\\Features\\SupportDisablingBackButtonCache\\DisableBackButtonCacheMiddleware.php(19): Illuminate\\Pipeline\\Pipeline->Illuminate\\Pipeline\\{closure}(Object(Illuminate\\Http\\Request))
#37 E:\\freelancing\\local\\zaheer\\alshaafi\\vendor\\laravel\\framework\\src\\Illuminate\\Pipeline\\Pipeline.php(183): Livewire\\Features\\SupportDisablingBackButtonCache\\DisableBackButtonCacheMiddleware->handle(Object(Illuminate\\Http\\Request), Object(Closure))
#38 E:\\freelancing\\local\\zaheer\\alshaafi\\vendor\\laravel\\framework\\src\\Illuminate\\Foundation\\Http\\Middleware\\TransformsRequest.php(21): Illuminate\\Pipeline\\Pipeline->Illuminate\\Pipeline\\{closure}(Object(Illuminate\\Http\\Request))
#39 E:\\freelancing\\local\\zaheer\\alshaafi\\vendor\\laravel\\framework\\src\\Illuminate\\Foundation\\Http\\Middleware\\ConvertEmptyStringsToNull.php(31): Illuminate\\Foundation\\Http\\Middleware\\TransformsRequest->handle(Object(Illuminate\\Http\\Request), Object(Closure))
#40 E:\\freelancing\\local\\zaheer\\alshaafi\\vendor\\laravel\\framework\\src\\Illuminate\\Pipeline\\Pipeline.php(183): Illuminate\\Foundation\\Http\\Middleware\\ConvertEmptyStringsToNull->handle(Object(Illuminate\\Http\\Request), Object(Closure))
#41 E:\\freelancing\\local\\zaheer\\alshaafi\\vendor\\laravel\\framework\\src\\Illuminate\\Foundation\\Http\\Middleware\\TransformsRequest.php(21): Illuminate\\Pipeline\\Pipeline->Illuminate\\Pipeline\\{closure}(Object(Illuminate\\Http\\Request))
#42 E:\\freelancing\\local\\zaheer\\alshaafi\\vendor\\laravel\\framework\\src\\Illuminate\\Foundation\\Http\\Middleware\\TrimStrings.php(51): Illuminate\\Foundation\\Http\\Middleware\\TransformsRequest->handle(Object(Illuminate\\Http\\Request), Object(Closure))
#43 E:\\freelancing\\local\\zaheer\\alshaafi\\vendor\\laravel\\framework\\src\\Illuminate\\Pipeline\\Pipeline.php(183): Illuminate\\Foundation\\Http\\Middleware\\TrimStrings->handle(Object(Illuminate\\Http\\Request), Object(Closure))
#44 E:\\freelancing\\local\\zaheer\\alshaafi\\vendor\\laravel\\framework\\src\\Illuminate\\Http\\Middleware\\ValidatePostSize.php(27): Illuminate\\Pipeline\\Pipeline->Illuminate\\Pipeline\\{closure}(Object(Illuminate\\Http\\Request))
#45 E:\\freelancing\\local\\zaheer\\alshaafi\\vendor\\laravel\\framework\\src\\Illuminate\\Pipeline\\Pipeline.php(183): Illuminate\\Http\\Middleware\\ValidatePostSize->handle(Object(Illuminate\\Http\\Request), Object(Closure))
#46 E:\\freelancing\\local\\zaheer\\alshaafi\\vendor\\laravel\\framework\\src\\Illuminate\\Foundation\\Http\\Middleware\\PreventRequestsDuringMaintenance.php(110): Illuminate\\Pipeline\\Pipeline->Illuminate\\Pipeline\\{closure}(Object(Illuminate\\Http\\Request))
#47 E:\\freelancing\\local\\zaheer\\alshaafi\\vendor\\laravel\\framework\\src\\Illuminate\\Pipeline\\Pipeline.php(183): Illuminate\\Foundation\\Http\\Middleware\\PreventRequestsDuringMaintenance->handle(Object(Illuminate\\Http\\Request), Object(Closure))
#48 E:\\freelancing\\local\\zaheer\\alshaafi\\vendor\\laravel\\framework\\src\\Illuminate\\Http\\Middleware\\HandleCors.php(49): Illuminate\\Pipeline\\Pipeline->Illuminate\\Pipeline\\{closure}(Object(Illuminate\\Http\\Request))
#49 E:\\freelancing\\local\\zaheer\\alshaafi\\vendor\\laravel\\framework\\src\\Illuminate\\Pipeline\\Pipeline.php(183): Illuminate\\Http\\Middleware\\HandleCors->handle(Object(Illuminate\\Http\\Request), Object(Closure))
#50 E:\\freelancing\\local\\zaheer\\alshaafi\\vendor\\laravel\\framework\\src\\Illuminate\\Http\\Middleware\\TrustProxies.php(57): Illuminate\\Pipeline\\Pipeline->Illuminate\\Pipeline\\{closure}(Object(Illuminate\\Http\\Request))
#51 E:\\freelancing\\local\\zaheer\\alshaafi\\vendor\\laravel\\framework\\src\\Illuminate\\Pipeline\\Pipeline.php(183): Illuminate\\Http\\Middleware\\TrustProxies->handle(Object(Illuminate\\Http\\Request), Object(Closure))
#52 E:\\freelancing\\local\\zaheer\\alshaafi\\vendor\\laravel\\framework\\src\\Illuminate\\Pipeline\\Pipeline.php(119): Illuminate\\Pipeline\\Pipeline->Illuminate\\Pipeline\\{closure}(Object(Illuminate\\Http\\Request))
#53 E:\\freelancing\\local\\zaheer\\alshaafi\\vendor\\laravel\\framework\\src\\Illuminate\\Foundation\\Http\\Kernel.php(175): Illuminate\\Pipeline\\Pipeline->then(Object(Closure))
#54 E:\\freelancing\\local\\zaheer\\alshaafi\\vendor\\laravel\\framework\\src\\Illuminate\\Foundation\\Http\\Kernel.php(144): Illuminate\\Foundation\\Http\\Kernel->sendRequestThroughRouter(Object(Illuminate\\Http\\Request))
#55 E:\\freelancing\\local\\zaheer\\alshaafi\\vendor\\laravel\\framework\\src\\Illuminate\\Foundation\\Application.php(1188): Illuminate\\Foundation\\Http\\Kernel->handle(Object(Illuminate\\Http\\Request))
#56 E:\\freelancing\\local\\zaheer\\alshaafi\\public\\index.php(17): Illuminate\\Foundation\\Application->handleRequest(Object(Illuminate\\Http\\Request))
#57 E:\\freelancing\\local\\zaheer\\alshaafi\\vendor\\laravel\\framework\\src\\Illuminate\\Foundation\\resources\\server.php(23): require_once('E:\\\\freelancing\\\\...')
#58 {main}

[previous exception] [object] (ErrorException(code: 0): Trying to access array offset on value of type null at E:\\freelancing\\local\\zaheer\\alshaafi\\storage\\framework\\views\\f733d7a2df1e1ee49b95640bbb7eba2e.php:51)
[stacktrace]
#0 E:\\freelancing\\local\\zaheer\\alshaafi\\vendor\\laravel\\framework\\src\\Illuminate\\Foundation\\Bootstrap\\HandleExceptions.php(256): Illuminate\\Foundation\\Bootstrap\\HandleExceptions->handleError(2, 'Trying to acces...', 'E:\\\\freelancing\\\\...', 51)
#1 E:\\freelancing\\local\\zaheer\\alshaafi\\storage\\framework\\views\\f733d7a2df1e1ee49b95640bbb7eba2e.php(51): Illuminate\\Foundation\\Bootstrap\\HandleExceptions->Illuminate\\Foundation\\Bootstrap\\{closure}(2, 'Trying to acces...', 'E:\\\\freelancing\\\\...', 51)
#2 E:\\freelancing\\local\\zaheer\\alshaafi\\vendor\\laravel\\framework\\src\\Illuminate\\Filesystem\\Filesystem.php(123): require('E:\\\\freelancing\\\\...')
#3 E:\\freelancing\\local\\zaheer\\alshaafi\\vendor\\laravel\\framework\\src\\Illuminate\\Filesystem\\Filesystem.php(124): Illuminate\\Filesystem\\Filesystem::Illuminate\\Filesystem\\{closure}()
#4 E:\\freelancing\\local\\zaheer\\alshaafi\\vendor\\laravel\\framework\\src\\Illuminate\\View\\Engines\\PhpEngine.php(58): Illuminate\\Filesystem\\Filesystem->getRequire('E:\\\\freelancing\\\\...', Array)
#5 E:\\freelancing\\local\\zaheer\\alshaafi\\vendor\\livewire\\livewire\\src\\Mechanisms\\ExtendBlade\\ExtendedCompilerEngine.php(22): Illuminate\\View\\Engines\\PhpEngine->evaluatePath('E:\\\\freelancing\\\\...', Array)
#6 E:\\freelancing\\local\\zaheer\\alshaafi\\vendor\\laravel\\framework\\src\\Illuminate\\View\\Engines\\CompilerEngine.php(73): Livewire\\Mechanisms\\ExtendBlade\\ExtendedCompilerEngine->evaluatePath('E:\\\\freelancing\\\\...', Array)
#7 E:\\freelancing\\local\\zaheer\\alshaafi\\vendor\\livewire\\livewire\\src\\Mechanisms\\ExtendBlade\\ExtendedCompilerEngine.php(10): Illuminate\\View\\Engines\\CompilerEngine->get('E:\\\\freelancing\\\\...', Array)
#8 E:\\freelancing\\local\\zaheer\\alshaafi\\vendor\\laravel\\framework\\src\\Illuminate\\View\\View.php(208): Livewire\\Mechanisms\\ExtendBlade\\ExtendedCompilerEngine->get('E:\\\\freelancing\\\\...', Array)
#9 E:\\freelancing\\local\\zaheer\\alshaafi\\vendor\\laravel\\framework\\src\\Illuminate\\View\\View.php(191): Illuminate\\View\\View->getContents()
#10 E:\\freelancing\\local\\zaheer\\alshaafi\\vendor\\laravel\\framework\\src\\Illuminate\\View\\View.php(160): Illuminate\\View\\View->renderContents()
#11 E:\\freelancing\\local\\zaheer\\alshaafi\\vendor\\laravel\\framework\\src\\Illuminate\\Http\\Response.php(70): Illuminate\\View\\View->render()
#12 E:\\freelancing\\local\\zaheer\\alshaafi\\vendor\\laravel\\framework\\src\\Illuminate\\Http\\Response.php(35): Illuminate\\Http\\Response->setContent(Object(Illuminate\\View\\View))
#13 E:\\freelancing\\local\\zaheer\\alshaafi\\vendor\\laravel\\framework\\src\\Illuminate\\Routing\\Router.php(920): Illuminate\\Http\\Response->__construct(Object(Illuminate\\View\\View), 200, Array)
#14 E:\\freelancing\\local\\zaheer\\alshaafi\\vendor\\laravel\\framework\\src\\Illuminate\\Routing\\Router.php(887): Illuminate\\Routing\\Router::toResponse(Object(Illuminate\\Http\\Request), Object(Illuminate\\View\\View))
#15 E:\\freelancing\\local\\zaheer\\alshaafi\\vendor\\laravel\\framework\\src\\Illuminate\\Routing\\Router.php(807): Illuminate\\Routing\\Router->prepareResponse(Object(Illuminate\\Http\\Request), Object(Illuminate\\View\\View))
#16 E:\\freelancing\\local\\zaheer\\alshaafi\\vendor\\laravel\\framework\\src\\Illuminate\\Pipeline\\Pipeline.php(144): Illuminate\\Routing\\Router->Illuminate\\Routing\\{closure}(Object(Illuminate\\Http\\Request))
#17 E:\\freelancing\\local\\zaheer\\alshaafi\\app\\Http\\Middleware\\SetLocaleAndCountry.php(50): Illuminate\\Pipeline\\Pipeline->Illuminate\\Pipeline\\{closure}(Object(Illuminate\\Http\\Request))
#18 E:\\freelancing\\local\\zaheer\\alshaafi\\vendor\\laravel\\framework\\src\\Illuminate\\Pipeline\\Pipeline.php(183): App\\Http\\Middleware\\SetLocaleAndCountry->handle(Object(Illuminate\\Http\\Request), Object(Closure))
#19 E:\\freelancing\\local\\zaheer\\alshaafi\\vendor\\laravel\\framework\\src\\Illuminate\\Routing\\Middleware\\SubstituteBindings.php(50): Illuminate\\Pipeline\\Pipeline->Illuminate\\Pipeline\\{closure}(Object(Illuminate\\Http\\Request))
#20 E:\\freelancing\\local\\zaheer\\alshaafi\\vendor\\laravel\\framework\\src\\Illuminate\\Pipeline\\Pipeline.php(183): Illuminate\\Routing\\Middleware\\SubstituteBindings->handle(Object(Illuminate\\Http\\Request), Object(Closure))
#21 E:\\freelancing\\local\\zaheer\\alshaafi\\vendor\\laravel\\framework\\src\\Illuminate\\Foundation\\Http\\Middleware\\VerifyCsrfToken.php(88): Illuminate\\Pipeline\\Pipeline->Illuminate\\Pipeline\\{closure}(Object(Illuminate\\Http\\Request))
#22 E:\\freelancing\\local\\zaheer\\alshaafi\\vendor\\laravel\\framework\\src\\Illuminate\\Pipeline\\Pipeline.php(183): Illuminate\\Foundation\\Http\\Middleware\\VerifyCsrfToken->handle(Object(Illuminate\\Http\\Request), Object(Closure))
#23 E:\\freelancing\\local\\zaheer\\alshaafi\\vendor\\laravel\\framework\\src\\Illuminate\\View\\Middleware\\ShareErrorsFromSession.php(49): Illuminate\\Pipeline\\Pipeline->Illuminate\\Pipeline\\{closure}(Object(Illuminate\\Http\\Request))
#24 E:\\freelancing\\local\\zaheer\\alshaafi\\vendor\\laravel\\framework\\src\\Illuminate\\Pipeline\\Pipeline.php(183): Illuminate\\View\\Middleware\\ShareErrorsFromSession->handle(Object(Illuminate\\Http\\Request), Object(Closure))
#25 E:\\freelancing\\local\\zaheer\\alshaafi\\vendor\\laravel\\framework\\src\\Illuminate\\Session\\Middleware\\StartSession.php(121): Illuminate\\Pipeline\\Pipeline->Illuminate\\Pipeline\\{closure}(Object(Illuminate\\Http\\Request))
#26 E:\\freelancing\\local\\zaheer\\alshaafi\\vendor\\laravel\\framework\\src\\Illuminate\\Session\\Middleware\\StartSession.php(64): Illuminate\\Session\\Middleware\\StartSession->handleStatefulRequest(Object(Illuminate\\Http\\Request), Object(Illuminate\\Session\\Store), Object(Closure))
#27 E:\\freelancing\\local\\zaheer\\alshaafi\\vendor\\laravel\\framework\\src\\Illuminate\\Pipeline\\Pipeline.php(183): Illuminate\\Session\\Middleware\\StartSession->handle(Object(Illuminate\\Http\\Request), Object(Closure))
#28 E:\\freelancing\\local\\zaheer\\alshaafi\\vendor\\laravel\\framework\\src\\Illuminate\\Cookie\\Middleware\\AddQueuedCookiesToResponse.php(37): Illuminate\\Pipeline\\Pipeline->Illuminate\\Pipeline\\{closure}(Object(Illuminate\\Http\\Request))
#29 E:\\freelancing\\local\\zaheer\\alshaafi\\vendor\\laravel\\framework\\src\\Illuminate\\Pipeline\\Pipeline.php(183): Illuminate\\Cookie\\Middleware\\AddQueuedCookiesToResponse->handle(Object(Illuminate\\Http\\Request), Object(Closure))
#30 E:\\freelancing\\local\\zaheer\\alshaafi\\vendor\\laravel\\framework\\src\\Illuminate\\Cookie\\Middleware\\EncryptCookies.php(75): Illuminate\\Pipeline\\Pipeline->Illuminate\\Pipeline\\{closure}(Object(Illuminate\\Http\\Request))
#31 E:\\freelancing\\local\\zaheer\\alshaafi\\vendor\\laravel\\framework\\src\\Illuminate\\Pipeline\\Pipeline.php(183): Illuminate\\Cookie\\Middleware\\EncryptCookies->handle(Object(Illuminate\\Http\\Request), Object(Closure))
#32 E:\\freelancing\\local\\zaheer\\alshaafi\\vendor\\laravel\\framework\\src\\Illuminate\\Pipeline\\Pipeline.php(119): Illuminate\\Pipeline\\Pipeline->Illuminate\\Pipeline\\{closure}(Object(Illuminate\\Http\\Request))
#33 E:\\freelancing\\local\\zaheer\\alshaafi\\vendor\\laravel\\framework\\src\\Illuminate\\Routing\\Router.php(807): Illuminate\\Pipeline\\Pipeline->then(Object(Closure))
#34 E:\\freelancing\\local\\zaheer\\alshaafi\\vendor\\laravel\\framework\\src\\Illuminate\\Routing\\Router.php(786): Illuminate\\Routing\\Router->runRouteWithinStack(Object(Illuminate\\Routing\\Route), Object(Illuminate\\Http\\Request))
#35 E:\\freelancing\\local\\zaheer\\alshaafi\\vendor\\laravel\\framework\\src\\Illuminate\\Routing\\Router.php(750): Illuminate\\Routing\\Router->runRoute(Object(Illuminate\\Http\\Request), Object(Illuminate\\Routing\\Route))
#36 E:\\freelancing\\local\\zaheer\\alshaafi\\vendor\\laravel\\framework\\src\\Illuminate\\Routing\\Router.php(739): Illuminate\\Routing\\Router->dispatchToRoute(Object(Illuminate\\Http\\Request))
#37 E:\\freelancing\\local\\zaheer\\alshaafi\\vendor\\laravel\\framework\\src\\Illuminate\\Foundation\\Http\\Kernel.php(200): Illuminate\\Routing\\Router->dispatch(Object(Illuminate\\Http\\Request))
#38 E:\\freelancing\\local\\zaheer\\alshaafi\\vendor\\laravel\\framework\\src\\Illuminate\\Pipeline\\Pipeline.php(144): Illuminate\\Foundation\\Http\\Kernel->Illuminate\\Foundation\\Http\\{closure}(Object(Illuminate\\Http\\Request))
#39 E:\\freelancing\\local\\zaheer\\alshaafi\\vendor\\livewire\\livewire\\src\\Features\\SupportDisablingBackButtonCache\\DisableBackButtonCacheMiddleware.php(19): Illuminate\\Pipeline\\Pipeline->Illuminate\\Pipeline\\{closure}(Object(Illuminate\\Http\\Request))
#40 E:\\freelancing\\local\\zaheer\\alshaafi\\vendor\\laravel\\framework\\src\\Illuminate\\Pipeline\\Pipeline.php(183): Livewire\\Features\\SupportDisablingBackButtonCache\\DisableBackButtonCacheMiddleware->handle(Object(Illuminate\\Http\\Request), Object(Closure))
#41 E:\\freelancing\\local\\zaheer\\alshaafi\\vendor\\laravel\\framework\\src\\Illuminate\\Foundation\\Http\\Middleware\\TransformsRequest.php(21): Illuminate\\Pipeline\\Pipeline->Illuminate\\Pipeline\\{closure}(Object(Illuminate\\Http\\Request))
#42 E:\\freelancing\\local\\zaheer\\alshaafi\\vendor\\laravel\\framework\\src\\Illuminate\\Foundation\\Http\\Middleware\\ConvertEmptyStringsToNull.php(31): Illuminate\\Foundation\\Http\\Middleware\\TransformsRequest->handle(Object(Illuminate\\Http\\Request), Object(Closure))
#43 E:\\freelancing\\local\\zaheer\\alshaafi\\vendor\\laravel\\framework\\src\\Illuminate\\Pipeline\\Pipeline.php(183): Illuminate\\Foundation\\Http\\Middleware\\ConvertEmptyStringsToNull->handle(Object(Illuminate\\Http\\Request), Object(Closure))
#44 E:\\freelancing\\local\\zaheer\\alshaafi\\vendor\\laravel\\framework\\src\\Illuminate\\Foundation\\Http\\Middleware\\TransformsRequest.php(21): Illuminate\\Pipeline\\Pipeline->Illuminate\\Pipeline\\{closure}(Object(Illuminate\\Http\\Request))
#45 E:\\freelancing\\local\\zaheer\\alshaafi\\vendor\\laravel\\framework\\src\\Illuminate\\Foundation\\Http\\Middleware\\TrimStrings.php(51): Illuminate\\Foundation\\Http\\Middleware\\TransformsRequest->handle(Object(Illuminate\\Http\\Request), Object(Closure))
#46 E:\\freelancing\\local\\zaheer\\alshaafi\\vendor\\laravel\\framework\\src\\Illuminate\\Pipeline\\Pipeline.php(183): Illuminate\\Foundation\\Http\\Middleware\\TrimStrings->handle(Object(Illuminate\\Http\\Request), Object(Closure))
#47 E:\\freelancing\\local\\zaheer\\alshaafi\\vendor\\laravel\\framework\\src\\Illuminate\\Http\\Middleware\\ValidatePostSize.php(27): Illuminate\\Pipeline\\Pipeline->Illuminate\\Pipeline\\{closure}(Object(Illuminate\\Http\\Request))
#48 E:\\freelancing\\local\\zaheer\\alshaafi\\vendor\\laravel\\framework\\src\\Illuminate\\Pipeline\\Pipeline.php(183): Illuminate\\Http\\Middleware\\ValidatePostSize->handle(Object(Illuminate\\Http\\Request), Object(Closure))
#49 E:\\freelancing\\local\\zaheer\\alshaafi\\vendor\\laravel\\framework\\src\\Illuminate\\Foundation\\Http\\Middleware\\PreventRequestsDuringMaintenance.php(110): Illuminate\\Pipeline\\Pipeline->Illuminate\\Pipeline\\{closure}(Object(Illuminate\\Http\\Request))
#50 E:\\freelancing\\local\\zaheer\\alshaafi\\vendor\\laravel\\framework\\src\\Illuminate\\Pipeline\\Pipeline.php(183): Illuminate\\Foundation\\Http\\Middleware\\PreventRequestsDuringMaintenance->handle(Object(Illuminate\\Http\\Request), Object(Closure))
#51 E:\\freelancing\\local\\zaheer\\alshaafi\\vendor\\laravel\\framework\\src\\Illuminate\\Http\\Middleware\\HandleCors.php(49): Illuminate\\Pipeline\\Pipeline->Illuminate\\Pipeline\\{closure}(Object(Illuminate\\Http\\Request))
#52 E:\\freelancing\\local\\zaheer\\alshaafi\\vendor\\laravel\\framework\\src\\Illuminate\\Pipeline\\Pipeline.php(183): Illuminate\\Http\\Middleware\\HandleCors->handle(Object(Illuminate\\Http\\Request), Object(Closure))
#53 E:\\freelancing\\local\\zaheer\\alshaafi\\vendor\\laravel\\framework\\src\\Illuminate\\Http\\Middleware\\TrustProxies.php(57): Illuminate\\Pipeline\\Pipeline->Illuminate\\Pipeline\\{closure}(Object(Illuminate\\Http\\Request))
#54 E:\\freelancing\\local\\zaheer\\alshaafi\\vendor\\laravel\\framework\\src\\Illuminate\\Pipeline\\Pipeline.php(183): Illuminate\\Http\\Middleware\\TrustProxies->handle(Object(Illuminate\\Http\\Request), Object(Closure))
#55 E:\\freelancing\\local\\zaheer\\alshaafi\\vendor\\laravel\\framework\\src\\Illuminate\\Pipeline\\Pipeline.php(119): Illuminate\\Pipeline\\Pipeline->Illuminate\\Pipeline\\{closure}(Object(Illuminate\\Http\\Request))
#56 E:\\freelancing\\local\\zaheer\\alshaafi\\vendor\\laravel\\framework\\src\\Illuminate\\Foundation\\Http\\Kernel.php(175): Illuminate\\Pipeline\\Pipeline->then(Object(Closure))
#57 E:\\freelancing\\local\\zaheer\\alshaafi\\vendor\\laravel\\framework\\src\\Illuminate\\Foundation\\Http\\Kernel.php(144): Illuminate\\Foundation\\Http\\Kernel->sendRequestThroughRouter(Object(Illuminate\\Http\\Request))
#58 E:\\freelancing\\local\\zaheer\\alshaafi\\vendor\\laravel\\framework\\src\\Illuminate\\Foundation\\Application.php(1188): Illuminate\\Foundation\\Http\\Kernel->handle(Object(Illuminate\\Http\\Request))
#59 E:\\freelancing\\local\\zaheer\\alshaafi\\public\\index.php(17): Illuminate\\Foundation\\Application->handleRequest(Object(Illuminate\\Http\\Request))
#60 E:\\freelancing\\local\\zaheer\\alshaafi\\vendor\\laravel\\framework\\src\\Illuminate\\Foundation\\resources\\server.php(23): require_once('E:\\\\freelancing\\\\...')
#61 {main}
"} 
[2025-07-03 07:03:39] local.ERROR: Trying to access array offset on value of type null (View: E:\freelancing\local\zaheer\alshaafi\resources\views\web\order-confirmation.blade.php) {"userId":5,"exception":"[object] (Illuminate\\View\\ViewException(code: 0): Trying to access array offset on value of type null (View: E:\\freelancing\\local\\zaheer\\alshaafi\\resources\\views\\web\\order-confirmation.blade.php) at E:\\freelancing\\local\\zaheer\\alshaafi\\storage\\framework\\views\\f733d7a2df1e1ee49b95640bbb7eba2e.php:51)
[stacktrace]
#0 E:\\freelancing\\local\\zaheer\\alshaafi\\vendor\\livewire\\livewire\\src\\Mechanisms\\ExtendBlade\\ExtendedCompilerEngine.php(58): Illuminate\\View\\Engines\\CompilerEngine->handleViewException(Object(ErrorException), 1)
#1 E:\\freelancing\\local\\zaheer\\alshaafi\\vendor\\laravel\\framework\\src\\Illuminate\\View\\Engines\\PhpEngine.php(60): Livewire\\Mechanisms\\ExtendBlade\\ExtendedCompilerEngine->handleViewException(Object(ErrorException), 1)
#2 E:\\freelancing\\local\\zaheer\\alshaafi\\vendor\\livewire\\livewire\\src\\Mechanisms\\ExtendBlade\\ExtendedCompilerEngine.php(22): Illuminate\\View\\Engines\\PhpEngine->evaluatePath('E:\\\\freelancing\\\\...', Array)
#3 E:\\freelancing\\local\\zaheer\\alshaafi\\vendor\\laravel\\framework\\src\\Illuminate\\View\\Engines\\CompilerEngine.php(73): Livewire\\Mechanisms\\ExtendBlade\\ExtendedCompilerEngine->evaluatePath('E:\\\\freelancing\\\\...', Array)
#4 E:\\freelancing\\local\\zaheer\\alshaafi\\vendor\\livewire\\livewire\\src\\Mechanisms\\ExtendBlade\\ExtendedCompilerEngine.php(10): Illuminate\\View\\Engines\\CompilerEngine->get('E:\\\\freelancing\\\\...', Array)
#5 E:\\freelancing\\local\\zaheer\\alshaafi\\vendor\\laravel\\framework\\src\\Illuminate\\View\\View.php(208): Livewire\\Mechanisms\\ExtendBlade\\ExtendedCompilerEngine->get('E:\\\\freelancing\\\\...', Array)
#6 E:\\freelancing\\local\\zaheer\\alshaafi\\vendor\\laravel\\framework\\src\\Illuminate\\View\\View.php(191): Illuminate\\View\\View->getContents()
#7 E:\\freelancing\\local\\zaheer\\alshaafi\\vendor\\laravel\\framework\\src\\Illuminate\\View\\View.php(160): Illuminate\\View\\View->renderContents()
#8 E:\\freelancing\\local\\zaheer\\alshaafi\\vendor\\laravel\\framework\\src\\Illuminate\\Http\\Response.php(70): Illuminate\\View\\View->render()
#9 E:\\freelancing\\local\\zaheer\\alshaafi\\vendor\\laravel\\framework\\src\\Illuminate\\Http\\Response.php(35): Illuminate\\Http\\Response->setContent(Object(Illuminate\\View\\View))
#10 E:\\freelancing\\local\\zaheer\\alshaafi\\vendor\\laravel\\framework\\src\\Illuminate\\Routing\\Router.php(920): Illuminate\\Http\\Response->__construct(Object(Illuminate\\View\\View), 200, Array)
#11 E:\\freelancing\\local\\zaheer\\alshaafi\\vendor\\laravel\\framework\\src\\Illuminate\\Routing\\Router.php(887): Illuminate\\Routing\\Router::toResponse(Object(Illuminate\\Http\\Request), Object(Illuminate\\View\\View))
#12 E:\\freelancing\\local\\zaheer\\alshaafi\\vendor\\laravel\\framework\\src\\Illuminate\\Routing\\Router.php(807): Illuminate\\Routing\\Router->prepareResponse(Object(Illuminate\\Http\\Request), Object(Illuminate\\View\\View))
#13 E:\\freelancing\\local\\zaheer\\alshaafi\\vendor\\laravel\\framework\\src\\Illuminate\\Pipeline\\Pipeline.php(144): Illuminate\\Routing\\Router->Illuminate\\Routing\\{closure}(Object(Illuminate\\Http\\Request))
#14 E:\\freelancing\\local\\zaheer\\alshaafi\\app\\Http\\Middleware\\SetLocaleAndCountry.php(50): Illuminate\\Pipeline\\Pipeline->Illuminate\\Pipeline\\{closure}(Object(Illuminate\\Http\\Request))
#15 E:\\freelancing\\local\\zaheer\\alshaafi\\vendor\\laravel\\framework\\src\\Illuminate\\Pipeline\\Pipeline.php(183): App\\Http\\Middleware\\SetLocaleAndCountry->handle(Object(Illuminate\\Http\\Request), Object(Closure))
#16 E:\\freelancing\\local\\zaheer\\alshaafi\\vendor\\laravel\\framework\\src\\Illuminate\\Routing\\Middleware\\SubstituteBindings.php(50): Illuminate\\Pipeline\\Pipeline->Illuminate\\Pipeline\\{closure}(Object(Illuminate\\Http\\Request))
#17 E:\\freelancing\\local\\zaheer\\alshaafi\\vendor\\laravel\\framework\\src\\Illuminate\\Pipeline\\Pipeline.php(183): Illuminate\\Routing\\Middleware\\SubstituteBindings->handle(Object(Illuminate\\Http\\Request), Object(Closure))
#18 E:\\freelancing\\local\\zaheer\\alshaafi\\vendor\\laravel\\framework\\src\\Illuminate\\Foundation\\Http\\Middleware\\VerifyCsrfToken.php(88): Illuminate\\Pipeline\\Pipeline->Illuminate\\Pipeline\\{closure}(Object(Illuminate\\Http\\Request))
#19 E:\\freelancing\\local\\zaheer\\alshaafi\\vendor\\laravel\\framework\\src\\Illuminate\\Pipeline\\Pipeline.php(183): Illuminate\\Foundation\\Http\\Middleware\\VerifyCsrfToken->handle(Object(Illuminate\\Http\\Request), Object(Closure))
#20 E:\\freelancing\\local\\zaheer\\alshaafi\\vendor\\laravel\\framework\\src\\Illuminate\\View\\Middleware\\ShareErrorsFromSession.php(49): Illuminate\\Pipeline\\Pipeline->Illuminate\\Pipeline\\{closure}(Object(Illuminate\\Http\\Request))
#21 E:\\freelancing\\local\\zaheer\\alshaafi\\vendor\\laravel\\framework\\src\\Illuminate\\Pipeline\\Pipeline.php(183): Illuminate\\View\\Middleware\\ShareErrorsFromSession->handle(Object(Illuminate\\Http\\Request), Object(Closure))
#22 E:\\freelancing\\local\\zaheer\\alshaafi\\vendor\\laravel\\framework\\src\\Illuminate\\Session\\Middleware\\StartSession.php(121): Illuminate\\Pipeline\\Pipeline->Illuminate\\Pipeline\\{closure}(Object(Illuminate\\Http\\Request))
#23 E:\\freelancing\\local\\zaheer\\alshaafi\\vendor\\laravel\\framework\\src\\Illuminate\\Session\\Middleware\\StartSession.php(64): Illuminate\\Session\\Middleware\\StartSession->handleStatefulRequest(Object(Illuminate\\Http\\Request), Object(Illuminate\\Session\\Store), Object(Closure))
#24 E:\\freelancing\\local\\zaheer\\alshaafi\\vendor\\laravel\\framework\\src\\Illuminate\\Pipeline\\Pipeline.php(183): Illuminate\\Session\\Middleware\\StartSession->handle(Object(Illuminate\\Http\\Request), Object(Closure))
#25 E:\\freelancing\\local\\zaheer\\alshaafi\\vendor\\laravel\\framework\\src\\Illuminate\\Cookie\\Middleware\\AddQueuedCookiesToResponse.php(37): Illuminate\\Pipeline\\Pipeline->Illuminate\\Pipeline\\{closure}(Object(Illuminate\\Http\\Request))
#26 E:\\freelancing\\local\\zaheer\\alshaafi\\vendor\\laravel\\framework\\src\\Illuminate\\Pipeline\\Pipeline.php(183): Illuminate\\Cookie\\Middleware\\AddQueuedCookiesToResponse->handle(Object(Illuminate\\Http\\Request), Object(Closure))
#27 E:\\freelancing\\local\\zaheer\\alshaafi\\vendor\\laravel\\framework\\src\\Illuminate\\Cookie\\Middleware\\EncryptCookies.php(75): Illuminate\\Pipeline\\Pipeline->Illuminate\\Pipeline\\{closure}(Object(Illuminate\\Http\\Request))
#28 E:\\freelancing\\local\\zaheer\\alshaafi\\vendor\\laravel\\framework\\src\\Illuminate\\Pipeline\\Pipeline.php(183): Illuminate\\Cookie\\Middleware\\EncryptCookies->handle(Object(Illuminate\\Http\\Request), Object(Closure))
#29 E:\\freelancing\\local\\zaheer\\alshaafi\\vendor\\laravel\\framework\\src\\Illuminate\\Pipeline\\Pipeline.php(119): Illuminate\\Pipeline\\Pipeline->Illuminate\\Pipeline\\{closure}(Object(Illuminate\\Http\\Request))
#30 E:\\freelancing\\local\\zaheer\\alshaafi\\vendor\\laravel\\framework\\src\\Illuminate\\Routing\\Router.php(807): Illuminate\\Pipeline\\Pipeline->then(Object(Closure))
#31 E:\\freelancing\\local\\zaheer\\alshaafi\\vendor\\laravel\\framework\\src\\Illuminate\\Routing\\Router.php(786): Illuminate\\Routing\\Router->runRouteWithinStack(Object(Illuminate\\Routing\\Route), Object(Illuminate\\Http\\Request))
#32 E:\\freelancing\\local\\zaheer\\alshaafi\\vendor\\laravel\\framework\\src\\Illuminate\\Routing\\Router.php(750): Illuminate\\Routing\\Router->runRoute(Object(Illuminate\\Http\\Request), Object(Illuminate\\Routing\\Route))
#33 E:\\freelancing\\local\\zaheer\\alshaafi\\vendor\\laravel\\framework\\src\\Illuminate\\Routing\\Router.php(739): Illuminate\\Routing\\Router->dispatchToRoute(Object(Illuminate\\Http\\Request))
#34 E:\\freelancing\\local\\zaheer\\alshaafi\\vendor\\laravel\\framework\\src\\Illuminate\\Foundation\\Http\\Kernel.php(200): Illuminate\\Routing\\Router->dispatch(Object(Illuminate\\Http\\Request))
#35 E:\\freelancing\\local\\zaheer\\alshaafi\\vendor\\laravel\\framework\\src\\Illuminate\\Pipeline\\Pipeline.php(144): Illuminate\\Foundation\\Http\\Kernel->Illuminate\\Foundation\\Http\\{closure}(Object(Illuminate\\Http\\Request))
#36 E:\\freelancing\\local\\zaheer\\alshaafi\\vendor\\livewire\\livewire\\src\\Features\\SupportDisablingBackButtonCache\\DisableBackButtonCacheMiddleware.php(19): Illuminate\\Pipeline\\Pipeline->Illuminate\\Pipeline\\{closure}(Object(Illuminate\\Http\\Request))
#37 E:\\freelancing\\local\\zaheer\\alshaafi\\vendor\\laravel\\framework\\src\\Illuminate\\Pipeline\\Pipeline.php(183): Livewire\\Features\\SupportDisablingBackButtonCache\\DisableBackButtonCacheMiddleware->handle(Object(Illuminate\\Http\\Request), Object(Closure))
#38 E:\\freelancing\\local\\zaheer\\alshaafi\\vendor\\laravel\\framework\\src\\Illuminate\\Foundation\\Http\\Middleware\\TransformsRequest.php(21): Illuminate\\Pipeline\\Pipeline->Illuminate\\Pipeline\\{closure}(Object(Illuminate\\Http\\Request))
#39 E:\\freelancing\\local\\zaheer\\alshaafi\\vendor\\laravel\\framework\\src\\Illuminate\\Foundation\\Http\\Middleware\\ConvertEmptyStringsToNull.php(31): Illuminate\\Foundation\\Http\\Middleware\\TransformsRequest->handle(Object(Illuminate\\Http\\Request), Object(Closure))
#40 E:\\freelancing\\local\\zaheer\\alshaafi\\vendor\\laravel\\framework\\src\\Illuminate\\Pipeline\\Pipeline.php(183): Illuminate\\Foundation\\Http\\Middleware\\ConvertEmptyStringsToNull->handle(Object(Illuminate\\Http\\Request), Object(Closure))
#41 E:\\freelancing\\local\\zaheer\\alshaafi\\vendor\\laravel\\framework\\src\\Illuminate\\Foundation\\Http\\Middleware\\TransformsRequest.php(21): Illuminate\\Pipeline\\Pipeline->Illuminate\\Pipeline\\{closure}(Object(Illuminate\\Http\\Request))
#42 E:\\freelancing\\local\\zaheer\\alshaafi\\vendor\\laravel\\framework\\src\\Illuminate\\Foundation\\Http\\Middleware\\TrimStrings.php(51): Illuminate\\Foundation\\Http\\Middleware\\TransformsRequest->handle(Object(Illuminate\\Http\\Request), Object(Closure))
#43 E:\\freelancing\\local\\zaheer\\alshaafi\\vendor\\laravel\\framework\\src\\Illuminate\\Pipeline\\Pipeline.php(183): Illuminate\\Foundation\\Http\\Middleware\\TrimStrings->handle(Object(Illuminate\\Http\\Request), Object(Closure))
#44 E:\\freelancing\\local\\zaheer\\alshaafi\\vendor\\laravel\\framework\\src\\Illuminate\\Http\\Middleware\\ValidatePostSize.php(27): Illuminate\\Pipeline\\Pipeline->Illuminate\\Pipeline\\{closure}(Object(Illuminate\\Http\\Request))
#45 E:\\freelancing\\local\\zaheer\\alshaafi\\vendor\\laravel\\framework\\src\\Illuminate\\Pipeline\\Pipeline.php(183): Illuminate\\Http\\Middleware\\ValidatePostSize->handle(Object(Illuminate\\Http\\Request), Object(Closure))
#46 E:\\freelancing\\local\\zaheer\\alshaafi\\vendor\\laravel\\framework\\src\\Illuminate\\Foundation\\Http\\Middleware\\PreventRequestsDuringMaintenance.php(110): Illuminate\\Pipeline\\Pipeline->Illuminate\\Pipeline\\{closure}(Object(Illuminate\\Http\\Request))
#47 E:\\freelancing\\local\\zaheer\\alshaafi\\vendor\\laravel\\framework\\src\\Illuminate\\Pipeline\\Pipeline.php(183): Illuminate\\Foundation\\Http\\Middleware\\PreventRequestsDuringMaintenance->handle(Object(Illuminate\\Http\\Request), Object(Closure))
#48 E:\\freelancing\\local\\zaheer\\alshaafi\\vendor\\laravel\\framework\\src\\Illuminate\\Http\\Middleware\\HandleCors.php(49): Illuminate\\Pipeline\\Pipeline->Illuminate\\Pipeline\\{closure}(Object(Illuminate\\Http\\Request))
#49 E:\\freelancing\\local\\zaheer\\alshaafi\\vendor\\laravel\\framework\\src\\Illuminate\\Pipeline\\Pipeline.php(183): Illuminate\\Http\\Middleware\\HandleCors->handle(Object(Illuminate\\Http\\Request), Object(Closure))
#50 E:\\freelancing\\local\\zaheer\\alshaafi\\vendor\\laravel\\framework\\src\\Illuminate\\Http\\Middleware\\TrustProxies.php(57): Illuminate\\Pipeline\\Pipeline->Illuminate\\Pipeline\\{closure}(Object(Illuminate\\Http\\Request))
#51 E:\\freelancing\\local\\zaheer\\alshaafi\\vendor\\laravel\\framework\\src\\Illuminate\\Pipeline\\Pipeline.php(183): Illuminate\\Http\\Middleware\\TrustProxies->handle(Object(Illuminate\\Http\\Request), Object(Closure))
#52 E:\\freelancing\\local\\zaheer\\alshaafi\\vendor\\laravel\\framework\\src\\Illuminate\\Pipeline\\Pipeline.php(119): Illuminate\\Pipeline\\Pipeline->Illuminate\\Pipeline\\{closure}(Object(Illuminate\\Http\\Request))
#53 E:\\freelancing\\local\\zaheer\\alshaafi\\vendor\\laravel\\framework\\src\\Illuminate\\Foundation\\Http\\Kernel.php(175): Illuminate\\Pipeline\\Pipeline->then(Object(Closure))
#54 E:\\freelancing\\local\\zaheer\\alshaafi\\vendor\\laravel\\framework\\src\\Illuminate\\Foundation\\Http\\Kernel.php(144): Illuminate\\Foundation\\Http\\Kernel->sendRequestThroughRouter(Object(Illuminate\\Http\\Request))
#55 E:\\freelancing\\local\\zaheer\\alshaafi\\vendor\\laravel\\framework\\src\\Illuminate\\Foundation\\Application.php(1188): Illuminate\\Foundation\\Http\\Kernel->handle(Object(Illuminate\\Http\\Request))
#56 E:\\freelancing\\local\\zaheer\\alshaafi\\public\\index.php(17): Illuminate\\Foundation\\Application->handleRequest(Object(Illuminate\\Http\\Request))
#57 E:\\freelancing\\local\\zaheer\\alshaafi\\vendor\\laravel\\framework\\src\\Illuminate\\Foundation\\resources\\server.php(23): require_once('E:\\\\freelancing\\\\...')
#58 {main}

[previous exception] [object] (ErrorException(code: 0): Trying to access array offset on value of type null at E:\\freelancing\\local\\zaheer\\alshaafi\\storage\\framework\\views\\f733d7a2df1e1ee49b95640bbb7eba2e.php:51)
[stacktrace]
#0 E:\\freelancing\\local\\zaheer\\alshaafi\\vendor\\laravel\\framework\\src\\Illuminate\\Foundation\\Bootstrap\\HandleExceptions.php(256): Illuminate\\Foundation\\Bootstrap\\HandleExceptions->handleError(2, 'Trying to acces...', 'E:\\\\freelancing\\\\...', 51)
#1 E:\\freelancing\\local\\zaheer\\alshaafi\\storage\\framework\\views\\f733d7a2df1e1ee49b95640bbb7eba2e.php(51): Illuminate\\Foundation\\Bootstrap\\HandleExceptions->Illuminate\\Foundation\\Bootstrap\\{closure}(2, 'Trying to acces...', 'E:\\\\freelancing\\\\...', 51)
#2 E:\\freelancing\\local\\zaheer\\alshaafi\\vendor\\laravel\\framework\\src\\Illuminate\\Filesystem\\Filesystem.php(123): require('E:\\\\freelancing\\\\...')
#3 E:\\freelancing\\local\\zaheer\\alshaafi\\vendor\\laravel\\framework\\src\\Illuminate\\Filesystem\\Filesystem.php(124): Illuminate\\Filesystem\\Filesystem::Illuminate\\Filesystem\\{closure}()
#4 E:\\freelancing\\local\\zaheer\\alshaafi\\vendor\\laravel\\framework\\src\\Illuminate\\View\\Engines\\PhpEngine.php(58): Illuminate\\Filesystem\\Filesystem->getRequire('E:\\\\freelancing\\\\...', Array)
#5 E:\\freelancing\\local\\zaheer\\alshaafi\\vendor\\livewire\\livewire\\src\\Mechanisms\\ExtendBlade\\ExtendedCompilerEngine.php(22): Illuminate\\View\\Engines\\PhpEngine->evaluatePath('E:\\\\freelancing\\\\...', Array)
#6 E:\\freelancing\\local\\zaheer\\alshaafi\\vendor\\laravel\\framework\\src\\Illuminate\\View\\Engines\\CompilerEngine.php(73): Livewire\\Mechanisms\\ExtendBlade\\ExtendedCompilerEngine->evaluatePath('E:\\\\freelancing\\\\...', Array)
#7 E:\\freelancing\\local\\zaheer\\alshaafi\\vendor\\livewire\\livewire\\src\\Mechanisms\\ExtendBlade\\ExtendedCompilerEngine.php(10): Illuminate\\View\\Engines\\CompilerEngine->get('E:\\\\freelancing\\\\...', Array)
#8 E:\\freelancing\\local\\zaheer\\alshaafi\\vendor\\laravel\\framework\\src\\Illuminate\\View\\View.php(208): Livewire\\Mechanisms\\ExtendBlade\\ExtendedCompilerEngine->get('E:\\\\freelancing\\\\...', Array)
#9 E:\\freelancing\\local\\zaheer\\alshaafi\\vendor\\laravel\\framework\\src\\Illuminate\\View\\View.php(191): Illuminate\\View\\View->getContents()
#10 E:\\freelancing\\local\\zaheer\\alshaafi\\vendor\\laravel\\framework\\src\\Illuminate\\View\\View.php(160): Illuminate\\View\\View->renderContents()
#11 E:\\freelancing\\local\\zaheer\\alshaafi\\vendor\\laravel\\framework\\src\\Illuminate\\Http\\Response.php(70): Illuminate\\View\\View->render()
#12 E:\\freelancing\\local\\zaheer\\alshaafi\\vendor\\laravel\\framework\\src\\Illuminate\\Http\\Response.php(35): Illuminate\\Http\\Response->setContent(Object(Illuminate\\View\\View))
#13 E:\\freelancing\\local\\zaheer\\alshaafi\\vendor\\laravel\\framework\\src\\Illuminate\\Routing\\Router.php(920): Illuminate\\Http\\Response->__construct(Object(Illuminate\\View\\View), 200, Array)
#14 E:\\freelancing\\local\\zaheer\\alshaafi\\vendor\\laravel\\framework\\src\\Illuminate\\Routing\\Router.php(887): Illuminate\\Routing\\Router::toResponse(Object(Illuminate\\Http\\Request), Object(Illuminate\\View\\View))
#15 E:\\freelancing\\local\\zaheer\\alshaafi\\vendor\\laravel\\framework\\src\\Illuminate\\Routing\\Router.php(807): Illuminate\\Routing\\Router->prepareResponse(Object(Illuminate\\Http\\Request), Object(Illuminate\\View\\View))
#16 E:\\freelancing\\local\\zaheer\\alshaafi\\vendor\\laravel\\framework\\src\\Illuminate\\Pipeline\\Pipeline.php(144): Illuminate\\Routing\\Router->Illuminate\\Routing\\{closure}(Object(Illuminate\\Http\\Request))
#17 E:\\freelancing\\local\\zaheer\\alshaafi\\app\\Http\\Middleware\\SetLocaleAndCountry.php(50): Illuminate\\Pipeline\\Pipeline->Illuminate\\Pipeline\\{closure}(Object(Illuminate\\Http\\Request))
#18 E:\\freelancing\\local\\zaheer\\alshaafi\\vendor\\laravel\\framework\\src\\Illuminate\\Pipeline\\Pipeline.php(183): App\\Http\\Middleware\\SetLocaleAndCountry->handle(Object(Illuminate\\Http\\Request), Object(Closure))
#19 E:\\freelancing\\local\\zaheer\\alshaafi\\vendor\\laravel\\framework\\src\\Illuminate\\Routing\\Middleware\\SubstituteBindings.php(50): Illuminate\\Pipeline\\Pipeline->Illuminate\\Pipeline\\{closure}(Object(Illuminate\\Http\\Request))
#20 E:\\freelancing\\local\\zaheer\\alshaafi\\vendor\\laravel\\framework\\src\\Illuminate\\Pipeline\\Pipeline.php(183): Illuminate\\Routing\\Middleware\\SubstituteBindings->handle(Object(Illuminate\\Http\\Request), Object(Closure))
#21 E:\\freelancing\\local\\zaheer\\alshaafi\\vendor\\laravel\\framework\\src\\Illuminate\\Foundation\\Http\\Middleware\\VerifyCsrfToken.php(88): Illuminate\\Pipeline\\Pipeline->Illuminate\\Pipeline\\{closure}(Object(Illuminate\\Http\\Request))
#22 E:\\freelancing\\local\\zaheer\\alshaafi\\vendor\\laravel\\framework\\src\\Illuminate\\Pipeline\\Pipeline.php(183): Illuminate\\Foundation\\Http\\Middleware\\VerifyCsrfToken->handle(Object(Illuminate\\Http\\Request), Object(Closure))
#23 E:\\freelancing\\local\\zaheer\\alshaafi\\vendor\\laravel\\framework\\src\\Illuminate\\View\\Middleware\\ShareErrorsFromSession.php(49): Illuminate\\Pipeline\\Pipeline->Illuminate\\Pipeline\\{closure}(Object(Illuminate\\Http\\Request))
#24 E:\\freelancing\\local\\zaheer\\alshaafi\\vendor\\laravel\\framework\\src\\Illuminate\\Pipeline\\Pipeline.php(183): Illuminate\\View\\Middleware\\ShareErrorsFromSession->handle(Object(Illuminate\\Http\\Request), Object(Closure))
#25 E:\\freelancing\\local\\zaheer\\alshaafi\\vendor\\laravel\\framework\\src\\Illuminate\\Session\\Middleware\\StartSession.php(121): Illuminate\\Pipeline\\Pipeline->Illuminate\\Pipeline\\{closure}(Object(Illuminate\\Http\\Request))
#26 E:\\freelancing\\local\\zaheer\\alshaafi\\vendor\\laravel\\framework\\src\\Illuminate\\Session\\Middleware\\StartSession.php(64): Illuminate\\Session\\Middleware\\StartSession->handleStatefulRequest(Object(Illuminate\\Http\\Request), Object(Illuminate\\Session\\Store), Object(Closure))
#27 E:\\freelancing\\local\\zaheer\\alshaafi\\vendor\\laravel\\framework\\src\\Illuminate\\Pipeline\\Pipeline.php(183): Illuminate\\Session\\Middleware\\StartSession->handle(Object(Illuminate\\Http\\Request), Object(Closure))
#28 E:\\freelancing\\local\\zaheer\\alshaafi\\vendor\\laravel\\framework\\src\\Illuminate\\Cookie\\Middleware\\AddQueuedCookiesToResponse.php(37): Illuminate\\Pipeline\\Pipeline->Illuminate\\Pipeline\\{closure}(Object(Illuminate\\Http\\Request))
#29 E:\\freelancing\\local\\zaheer\\alshaafi\\vendor\\laravel\\framework\\src\\Illuminate\\Pipeline\\Pipeline.php(183): Illuminate\\Cookie\\Middleware\\AddQueuedCookiesToResponse->handle(Object(Illuminate\\Http\\Request), Object(Closure))
#30 E:\\freelancing\\local\\zaheer\\alshaafi\\vendor\\laravel\\framework\\src\\Illuminate\\Cookie\\Middleware\\EncryptCookies.php(75): Illuminate\\Pipeline\\Pipeline->Illuminate\\Pipeline\\{closure}(Object(Illuminate\\Http\\Request))
#31 E:\\freelancing\\local\\zaheer\\alshaafi\\vendor\\laravel\\framework\\src\\Illuminate\\Pipeline\\Pipeline.php(183): Illuminate\\Cookie\\Middleware\\EncryptCookies->handle(Object(Illuminate\\Http\\Request), Object(Closure))
#32 E:\\freelancing\\local\\zaheer\\alshaafi\\vendor\\laravel\\framework\\src\\Illuminate\\Pipeline\\Pipeline.php(119): Illuminate\\Pipeline\\Pipeline->Illuminate\\Pipeline\\{closure}(Object(Illuminate\\Http\\Request))
#33 E:\\freelancing\\local\\zaheer\\alshaafi\\vendor\\laravel\\framework\\src\\Illuminate\\Routing\\Router.php(807): Illuminate\\Pipeline\\Pipeline->then(Object(Closure))
#34 E:\\freelancing\\local\\zaheer\\alshaafi\\vendor\\laravel\\framework\\src\\Illuminate\\Routing\\Router.php(786): Illuminate\\Routing\\Router->runRouteWithinStack(Object(Illuminate\\Routing\\Route), Object(Illuminate\\Http\\Request))
#35 E:\\freelancing\\local\\zaheer\\alshaafi\\vendor\\laravel\\framework\\src\\Illuminate\\Routing\\Router.php(750): Illuminate\\Routing\\Router->runRoute(Object(Illuminate\\Http\\Request), Object(Illuminate\\Routing\\Route))
#36 E:\\freelancing\\local\\zaheer\\alshaafi\\vendor\\laravel\\framework\\src\\Illuminate\\Routing\\Router.php(739): Illuminate\\Routing\\Router->dispatchToRoute(Object(Illuminate\\Http\\Request))
#37 E:\\freelancing\\local\\zaheer\\alshaafi\\vendor\\laravel\\framework\\src\\Illuminate\\Foundation\\Http\\Kernel.php(200): Illuminate\\Routing\\Router->dispatch(Object(Illuminate\\Http\\Request))
#38 E:\\freelancing\\local\\zaheer\\alshaafi\\vendor\\laravel\\framework\\src\\Illuminate\\Pipeline\\Pipeline.php(144): Illuminate\\Foundation\\Http\\Kernel->Illuminate\\Foundation\\Http\\{closure}(Object(Illuminate\\Http\\Request))
#39 E:\\freelancing\\local\\zaheer\\alshaafi\\vendor\\livewire\\livewire\\src\\Features\\SupportDisablingBackButtonCache\\DisableBackButtonCacheMiddleware.php(19): Illuminate\\Pipeline\\Pipeline->Illuminate\\Pipeline\\{closure}(Object(Illuminate\\Http\\Request))
#40 E:\\freelancing\\local\\zaheer\\alshaafi\\vendor\\laravel\\framework\\src\\Illuminate\\Pipeline\\Pipeline.php(183): Livewire\\Features\\SupportDisablingBackButtonCache\\DisableBackButtonCacheMiddleware->handle(Object(Illuminate\\Http\\Request), Object(Closure))
#41 E:\\freelancing\\local\\zaheer\\alshaafi\\vendor\\laravel\\framework\\src\\Illuminate\\Foundation\\Http\\Middleware\\TransformsRequest.php(21): Illuminate\\Pipeline\\Pipeline->Illuminate\\Pipeline\\{closure}(Object(Illuminate\\Http\\Request))
#42 E:\\freelancing\\local\\zaheer\\alshaafi\\vendor\\laravel\\framework\\src\\Illuminate\\Foundation\\Http\\Middleware\\ConvertEmptyStringsToNull.php(31): Illuminate\\Foundation\\Http\\Middleware\\TransformsRequest->handle(Object(Illuminate\\Http\\Request), Object(Closure))
#43 E:\\freelancing\\local\\zaheer\\alshaafi\\vendor\\laravel\\framework\\src\\Illuminate\\Pipeline\\Pipeline.php(183): Illuminate\\Foundation\\Http\\Middleware\\ConvertEmptyStringsToNull->handle(Object(Illuminate\\Http\\Request), Object(Closure))
#44 E:\\freelancing\\local\\zaheer\\alshaafi\\vendor\\laravel\\framework\\src\\Illuminate\\Foundation\\Http\\Middleware\\TransformsRequest.php(21): Illuminate\\Pipeline\\Pipeline->Illuminate\\Pipeline\\{closure}(Object(Illuminate\\Http\\Request))
#45 E:\\freelancing\\local\\zaheer\\alshaafi\\vendor\\laravel\\framework\\src\\Illuminate\\Foundation\\Http\\Middleware\\TrimStrings.php(51): Illuminate\\Foundation\\Http\\Middleware\\TransformsRequest->handle(Object(Illuminate\\Http\\Request), Object(Closure))
#46 E:\\freelancing\\local\\zaheer\\alshaafi\\vendor\\laravel\\framework\\src\\Illuminate\\Pipeline\\Pipeline.php(183): Illuminate\\Foundation\\Http\\Middleware\\TrimStrings->handle(Object(Illuminate\\Http\\Request), Object(Closure))
#47 E:\\freelancing\\local\\zaheer\\alshaafi\\vendor\\laravel\\framework\\src\\Illuminate\\Http\\Middleware\\ValidatePostSize.php(27): Illuminate\\Pipeline\\Pipeline->Illuminate\\Pipeline\\{closure}(Object(Illuminate\\Http\\Request))
#48 E:\\freelancing\\local\\zaheer\\alshaafi\\vendor\\laravel\\framework\\src\\Illuminate\\Pipeline\\Pipeline.php(183): Illuminate\\Http\\Middleware\\ValidatePostSize->handle(Object(Illuminate\\Http\\Request), Object(Closure))
#49 E:\\freelancing\\local\\zaheer\\alshaafi\\vendor\\laravel\\framework\\src\\Illuminate\\Foundation\\Http\\Middleware\\PreventRequestsDuringMaintenance.php(110): Illuminate\\Pipeline\\Pipeline->Illuminate\\Pipeline\\{closure}(Object(Illuminate\\Http\\Request))
#50 E:\\freelancing\\local\\zaheer\\alshaafi\\vendor\\laravel\\framework\\src\\Illuminate\\Pipeline\\Pipeline.php(183): Illuminate\\Foundation\\Http\\Middleware\\PreventRequestsDuringMaintenance->handle(Object(Illuminate\\Http\\Request), Object(Closure))
#51 E:\\freelancing\\local\\zaheer\\alshaafi\\vendor\\laravel\\framework\\src\\Illuminate\\Http\\Middleware\\HandleCors.php(49): Illuminate\\Pipeline\\Pipeline->Illuminate\\Pipeline\\{closure}(Object(Illuminate\\Http\\Request))
#52 E:\\freelancing\\local\\zaheer\\alshaafi\\vendor\\laravel\\framework\\src\\Illuminate\\Pipeline\\Pipeline.php(183): Illuminate\\Http\\Middleware\\HandleCors->handle(Object(Illuminate\\Http\\Request), Object(Closure))
#53 E:\\freelancing\\local\\zaheer\\alshaafi\\vendor\\laravel\\framework\\src\\Illuminate\\Http\\Middleware\\TrustProxies.php(57): Illuminate\\Pipeline\\Pipeline->Illuminate\\Pipeline\\{closure}(Object(Illuminate\\Http\\Request))
#54 E:\\freelancing\\local\\zaheer\\alshaafi\\vendor\\laravel\\framework\\src\\Illuminate\\Pipeline\\Pipeline.php(183): Illuminate\\Http\\Middleware\\TrustProxies->handle(Object(Illuminate\\Http\\Request), Object(Closure))
#55 E:\\freelancing\\local\\zaheer\\alshaafi\\vendor\\laravel\\framework\\src\\Illuminate\\Pipeline\\Pipeline.php(119): Illuminate\\Pipeline\\Pipeline->Illuminate\\Pipeline\\{closure}(Object(Illuminate\\Http\\Request))
#56 E:\\freelancing\\local\\zaheer\\alshaafi\\vendor\\laravel\\framework\\src\\Illuminate\\Foundation\\Http\\Kernel.php(175): Illuminate\\Pipeline\\Pipeline->then(Object(Closure))
#57 E:\\freelancing\\local\\zaheer\\alshaafi\\vendor\\laravel\\framework\\src\\Illuminate\\Foundation\\Http\\Kernel.php(144): Illuminate\\Foundation\\Http\\Kernel->sendRequestThroughRouter(Object(Illuminate\\Http\\Request))
#58 E:\\freelancing\\local\\zaheer\\alshaafi\\vendor\\laravel\\framework\\src\\Illuminate\\Foundation\\Application.php(1188): Illuminate\\Foundation\\Http\\Kernel->handle(Object(Illuminate\\Http\\Request))
#59 E:\\freelancing\\local\\zaheer\\alshaafi\\public\\index.php(17): Illuminate\\Foundation\\Application->handleRequest(Object(Illuminate\\Http\\Request))
#60 E:\\freelancing\\local\\zaheer\\alshaafi\\vendor\\laravel\\framework\\src\\Illuminate\\Foundation\\resources\\server.php(23): require_once('E:\\\\freelancing\\\\...')
#61 {main}
"} 
[2025-07-03 07:04:06] local.ERROR: Class "App\Models\ShippingAddress" not found (View: E:\freelancing\local\zaheer\alshaafi\resources\views\web\order-confirmation.blade.php) {"userId":5,"exception":"[object] (Illuminate\\View\\ViewException(code: 0): Class \"App\\Models\\ShippingAddress\" not found (View: E:\\freelancing\\local\\zaheer\\alshaafi\\resources\\views\\web\\order-confirmation.blade.php) at E:\\freelancing\\local\\zaheer\\alshaafi\\vendor\\laravel\\framework\\src\\Illuminate\\Database\\Eloquent\\Concerns\\HasRelationships.php:853)
[stacktrace]
#0 E:\\freelancing\\local\\zaheer\\alshaafi\\vendor\\livewire\\livewire\\src\\Mechanisms\\ExtendBlade\\ExtendedCompilerEngine.php(58): Illuminate\\View\\Engines\\CompilerEngine->handleViewException(Object(Error), 1)
#1 E:\\freelancing\\local\\zaheer\\alshaafi\\vendor\\laravel\\framework\\src\\Illuminate\\View\\Engines\\PhpEngine.php(60): Livewire\\Mechanisms\\ExtendBlade\\ExtendedCompilerEngine->handleViewException(Object(Error), 1)
#2 E:\\freelancing\\local\\zaheer\\alshaafi\\vendor\\livewire\\livewire\\src\\Mechanisms\\ExtendBlade\\ExtendedCompilerEngine.php(22): Illuminate\\View\\Engines\\PhpEngine->evaluatePath('E:\\\\freelancing\\\\...', Array)
#3 E:\\freelancing\\local\\zaheer\\alshaafi\\vendor\\laravel\\framework\\src\\Illuminate\\View\\Engines\\CompilerEngine.php(73): Livewire\\Mechanisms\\ExtendBlade\\ExtendedCompilerEngine->evaluatePath('E:\\\\freelancing\\\\...', Array)
#4 E:\\freelancing\\local\\zaheer\\alshaafi\\vendor\\livewire\\livewire\\src\\Mechanisms\\ExtendBlade\\ExtendedCompilerEngine.php(10): Illuminate\\View\\Engines\\CompilerEngine->get('E:\\\\freelancing\\\\...', Array)
#5 E:\\freelancing\\local\\zaheer\\alshaafi\\vendor\\laravel\\framework\\src\\Illuminate\\View\\View.php(208): Livewire\\Mechanisms\\ExtendBlade\\ExtendedCompilerEngine->get('E:\\\\freelancing\\\\...', Array)
#6 E:\\freelancing\\local\\zaheer\\alshaafi\\vendor\\laravel\\framework\\src\\Illuminate\\View\\View.php(191): Illuminate\\View\\View->getContents()
#7 E:\\freelancing\\local\\zaheer\\alshaafi\\vendor\\laravel\\framework\\src\\Illuminate\\View\\View.php(160): Illuminate\\View\\View->renderContents()
#8 E:\\freelancing\\local\\zaheer\\alshaafi\\vendor\\laravel\\framework\\src\\Illuminate\\Http\\Response.php(70): Illuminate\\View\\View->render()
#9 E:\\freelancing\\local\\zaheer\\alshaafi\\vendor\\laravel\\framework\\src\\Illuminate\\Http\\Response.php(35): Illuminate\\Http\\Response->setContent(Object(Illuminate\\View\\View))
#10 E:\\freelancing\\local\\zaheer\\alshaafi\\vendor\\laravel\\framework\\src\\Illuminate\\Routing\\Router.php(920): Illuminate\\Http\\Response->__construct(Object(Illuminate\\View\\View), 200, Array)
#11 E:\\freelancing\\local\\zaheer\\alshaafi\\vendor\\laravel\\framework\\src\\Illuminate\\Routing\\Router.php(887): Illuminate\\Routing\\Router::toResponse(Object(Illuminate\\Http\\Request), Object(Illuminate\\View\\View))
#12 E:\\freelancing\\local\\zaheer\\alshaafi\\vendor\\laravel\\framework\\src\\Illuminate\\Routing\\Router.php(807): Illuminate\\Routing\\Router->prepareResponse(Object(Illuminate\\Http\\Request), Object(Illuminate\\View\\View))
#13 E:\\freelancing\\local\\zaheer\\alshaafi\\vendor\\laravel\\framework\\src\\Illuminate\\Pipeline\\Pipeline.php(144): Illuminate\\Routing\\Router->Illuminate\\Routing\\{closure}(Object(Illuminate\\Http\\Request))
#14 E:\\freelancing\\local\\zaheer\\alshaafi\\app\\Http\\Middleware\\SetLocaleAndCountry.php(50): Illuminate\\Pipeline\\Pipeline->Illuminate\\Pipeline\\{closure}(Object(Illuminate\\Http\\Request))
#15 E:\\freelancing\\local\\zaheer\\alshaafi\\vendor\\laravel\\framework\\src\\Illuminate\\Pipeline\\Pipeline.php(183): App\\Http\\Middleware\\SetLocaleAndCountry->handle(Object(Illuminate\\Http\\Request), Object(Closure))
#16 E:\\freelancing\\local\\zaheer\\alshaafi\\vendor\\laravel\\framework\\src\\Illuminate\\Routing\\Middleware\\SubstituteBindings.php(50): Illuminate\\Pipeline\\Pipeline->Illuminate\\Pipeline\\{closure}(Object(Illuminate\\Http\\Request))
#17 E:\\freelancing\\local\\zaheer\\alshaafi\\vendor\\laravel\\framework\\src\\Illuminate\\Pipeline\\Pipeline.php(183): Illuminate\\Routing\\Middleware\\SubstituteBindings->handle(Object(Illuminate\\Http\\Request), Object(Closure))
#18 E:\\freelancing\\local\\zaheer\\alshaafi\\vendor\\laravel\\framework\\src\\Illuminate\\Foundation\\Http\\Middleware\\VerifyCsrfToken.php(88): Illuminate\\Pipeline\\Pipeline->Illuminate\\Pipeline\\{closure}(Object(Illuminate\\Http\\Request))
#19 E:\\freelancing\\local\\zaheer\\alshaafi\\vendor\\laravel\\framework\\src\\Illuminate\\Pipeline\\Pipeline.php(183): Illuminate\\Foundation\\Http\\Middleware\\VerifyCsrfToken->handle(Object(Illuminate\\Http\\Request), Object(Closure))
#20 E:\\freelancing\\local\\zaheer\\alshaafi\\vendor\\laravel\\framework\\src\\Illuminate\\View\\Middleware\\ShareErrorsFromSession.php(49): Illuminate\\Pipeline\\Pipeline->Illuminate\\Pipeline\\{closure}(Object(Illuminate\\Http\\Request))
#21 E:\\freelancing\\local\\zaheer\\alshaafi\\vendor\\laravel\\framework\\src\\Illuminate\\Pipeline\\Pipeline.php(183): Illuminate\\View\\Middleware\\ShareErrorsFromSession->handle(Object(Illuminate\\Http\\Request), Object(Closure))
#22 E:\\freelancing\\local\\zaheer\\alshaafi\\vendor\\laravel\\framework\\src\\Illuminate\\Session\\Middleware\\StartSession.php(121): Illuminate\\Pipeline\\Pipeline->Illuminate\\Pipeline\\{closure}(Object(Illuminate\\Http\\Request))
#23 E:\\freelancing\\local\\zaheer\\alshaafi\\vendor\\laravel\\framework\\src\\Illuminate\\Session\\Middleware\\StartSession.php(64): Illuminate\\Session\\Middleware\\StartSession->handleStatefulRequest(Object(Illuminate\\Http\\Request), Object(Illuminate\\Session\\Store), Object(Closure))
#24 E:\\freelancing\\local\\zaheer\\alshaafi\\vendor\\laravel\\framework\\src\\Illuminate\\Pipeline\\Pipeline.php(183): Illuminate\\Session\\Middleware\\StartSession->handle(Object(Illuminate\\Http\\Request), Object(Closure))
#25 E:\\freelancing\\local\\zaheer\\alshaafi\\vendor\\laravel\\framework\\src\\Illuminate\\Cookie\\Middleware\\AddQueuedCookiesToResponse.php(37): Illuminate\\Pipeline\\Pipeline->Illuminate\\Pipeline\\{closure}(Object(Illuminate\\Http\\Request))
#26 E:\\freelancing\\local\\zaheer\\alshaafi\\vendor\\laravel\\framework\\src\\Illuminate\\Pipeline\\Pipeline.php(183): Illuminate\\Cookie\\Middleware\\AddQueuedCookiesToResponse->handle(Object(Illuminate\\Http\\Request), Object(Closure))
#27 E:\\freelancing\\local\\zaheer\\alshaafi\\vendor\\laravel\\framework\\src\\Illuminate\\Cookie\\Middleware\\EncryptCookies.php(75): Illuminate\\Pipeline\\Pipeline->Illuminate\\Pipeline\\{closure}(Object(Illuminate\\Http\\Request))
#28 E:\\freelancing\\local\\zaheer\\alshaafi\\vendor\\laravel\\framework\\src\\Illuminate\\Pipeline\\Pipeline.php(183): Illuminate\\Cookie\\Middleware\\EncryptCookies->handle(Object(Illuminate\\Http\\Request), Object(Closure))
#29 E:\\freelancing\\local\\zaheer\\alshaafi\\vendor\\laravel\\framework\\src\\Illuminate\\Pipeline\\Pipeline.php(119): Illuminate\\Pipeline\\Pipeline->Illuminate\\Pipeline\\{closure}(Object(Illuminate\\Http\\Request))
#30 E:\\freelancing\\local\\zaheer\\alshaafi\\vendor\\laravel\\framework\\src\\Illuminate\\Routing\\Router.php(807): Illuminate\\Pipeline\\Pipeline->then(Object(Closure))
#31 E:\\freelancing\\local\\zaheer\\alshaafi\\vendor\\laravel\\framework\\src\\Illuminate\\Routing\\Router.php(786): Illuminate\\Routing\\Router->runRouteWithinStack(Object(Illuminate\\Routing\\Route), Object(Illuminate\\Http\\Request))
#32 E:\\freelancing\\local\\zaheer\\alshaafi\\vendor\\laravel\\framework\\src\\Illuminate\\Routing\\Router.php(750): Illuminate\\Routing\\Router->runRoute(Object(Illuminate\\Http\\Request), Object(Illuminate\\Routing\\Route))
#33 E:\\freelancing\\local\\zaheer\\alshaafi\\vendor\\laravel\\framework\\src\\Illuminate\\Routing\\Router.php(739): Illuminate\\Routing\\Router->dispatchToRoute(Object(Illuminate\\Http\\Request))
#34 E:\\freelancing\\local\\zaheer\\alshaafi\\vendor\\laravel\\framework\\src\\Illuminate\\Foundation\\Http\\Kernel.php(200): Illuminate\\Routing\\Router->dispatch(Object(Illuminate\\Http\\Request))
#35 E:\\freelancing\\local\\zaheer\\alshaafi\\vendor\\laravel\\framework\\src\\Illuminate\\Pipeline\\Pipeline.php(144): Illuminate\\Foundation\\Http\\Kernel->Illuminate\\Foundation\\Http\\{closure}(Object(Illuminate\\Http\\Request))
#36 E:\\freelancing\\local\\zaheer\\alshaafi\\vendor\\livewire\\livewire\\src\\Features\\SupportDisablingBackButtonCache\\DisableBackButtonCacheMiddleware.php(19): Illuminate\\Pipeline\\Pipeline->Illuminate\\Pipeline\\{closure}(Object(Illuminate\\Http\\Request))
#37 E:\\freelancing\\local\\zaheer\\alshaafi\\vendor\\laravel\\framework\\src\\Illuminate\\Pipeline\\Pipeline.php(183): Livewire\\Features\\SupportDisablingBackButtonCache\\DisableBackButtonCacheMiddleware->handle(Object(Illuminate\\Http\\Request), Object(Closure))
#38 E:\\freelancing\\local\\zaheer\\alshaafi\\vendor\\laravel\\framework\\src\\Illuminate\\Foundation\\Http\\Middleware\\TransformsRequest.php(21): Illuminate\\Pipeline\\Pipeline->Illuminate\\Pipeline\\{closure}(Object(Illuminate\\Http\\Request))
#39 E:\\freelancing\\local\\zaheer\\alshaafi\\vendor\\laravel\\framework\\src\\Illuminate\\Foundation\\Http\\Middleware\\ConvertEmptyStringsToNull.php(31): Illuminate\\Foundation\\Http\\Middleware\\TransformsRequest->handle(Object(Illuminate\\Http\\Request), Object(Closure))
#40 E:\\freelancing\\local\\zaheer\\alshaafi\\vendor\\laravel\\framework\\src\\Illuminate\\Pipeline\\Pipeline.php(183): Illuminate\\Foundation\\Http\\Middleware\\ConvertEmptyStringsToNull->handle(Object(Illuminate\\Http\\Request), Object(Closure))
#41 E:\\freelancing\\local\\zaheer\\alshaafi\\vendor\\laravel\\framework\\src\\Illuminate\\Foundation\\Http\\Middleware\\TransformsRequest.php(21): Illuminate\\Pipeline\\Pipeline->Illuminate\\Pipeline\\{closure}(Object(Illuminate\\Http\\Request))
#42 E:\\freelancing\\local\\zaheer\\alshaafi\\vendor\\laravel\\framework\\src\\Illuminate\\Foundation\\Http\\Middleware\\TrimStrings.php(51): Illuminate\\Foundation\\Http\\Middleware\\TransformsRequest->handle(Object(Illuminate\\Http\\Request), Object(Closure))
#43 E:\\freelancing\\local\\zaheer\\alshaafi\\vendor\\laravel\\framework\\src\\Illuminate\\Pipeline\\Pipeline.php(183): Illuminate\\Foundation\\Http\\Middleware\\TrimStrings->handle(Object(Illuminate\\Http\\Request), Object(Closure))
#44 E:\\freelancing\\local\\zaheer\\alshaafi\\vendor\\laravel\\framework\\src\\Illuminate\\Http\\Middleware\\ValidatePostSize.php(27): Illuminate\\Pipeline\\Pipeline->Illuminate\\Pipeline\\{closure}(Object(Illuminate\\Http\\Request))
#45 E:\\freelancing\\local\\zaheer\\alshaafi\\vendor\\laravel\\framework\\src\\Illuminate\\Pipeline\\Pipeline.php(183): Illuminate\\Http\\Middleware\\ValidatePostSize->handle(Object(Illuminate\\Http\\Request), Object(Closure))
#46 E:\\freelancing\\local\\zaheer\\alshaafi\\vendor\\laravel\\framework\\src\\Illuminate\\Foundation\\Http\\Middleware\\PreventRequestsDuringMaintenance.php(110): Illuminate\\Pipeline\\Pipeline->Illuminate\\Pipeline\\{closure}(Object(Illuminate\\Http\\Request))
#47 E:\\freelancing\\local\\zaheer\\alshaafi\\vendor\\laravel\\framework\\src\\Illuminate\\Pipeline\\Pipeline.php(183): Illuminate\\Foundation\\Http\\Middleware\\PreventRequestsDuringMaintenance->handle(Object(Illuminate\\Http\\Request), Object(Closure))
#48 E:\\freelancing\\local\\zaheer\\alshaafi\\vendor\\laravel\\framework\\src\\Illuminate\\Http\\Middleware\\HandleCors.php(49): Illuminate\\Pipeline\\Pipeline->Illuminate\\Pipeline\\{closure}(Object(Illuminate\\Http\\Request))
#49 E:\\freelancing\\local\\zaheer\\alshaafi\\vendor\\laravel\\framework\\src\\Illuminate\\Pipeline\\Pipeline.php(183): Illuminate\\Http\\Middleware\\HandleCors->handle(Object(Illuminate\\Http\\Request), Object(Closure))
#50 E:\\freelancing\\local\\zaheer\\alshaafi\\vendor\\laravel\\framework\\src\\Illuminate\\Http\\Middleware\\TrustProxies.php(57): Illuminate\\Pipeline\\Pipeline->Illuminate\\Pipeline\\{closure}(Object(Illuminate\\Http\\Request))
#51 E:\\freelancing\\local\\zaheer\\alshaafi\\vendor\\laravel\\framework\\src\\Illuminate\\Pipeline\\Pipeline.php(183): Illuminate\\Http\\Middleware\\TrustProxies->handle(Object(Illuminate\\Http\\Request), Object(Closure))
#52 E:\\freelancing\\local\\zaheer\\alshaafi\\vendor\\laravel\\framework\\src\\Illuminate\\Pipeline\\Pipeline.php(119): Illuminate\\Pipeline\\Pipeline->Illuminate\\Pipeline\\{closure}(Object(Illuminate\\Http\\Request))
#53 E:\\freelancing\\local\\zaheer\\alshaafi\\vendor\\laravel\\framework\\src\\Illuminate\\Foundation\\Http\\Kernel.php(175): Illuminate\\Pipeline\\Pipeline->then(Object(Closure))
#54 E:\\freelancing\\local\\zaheer\\alshaafi\\vendor\\laravel\\framework\\src\\Illuminate\\Foundation\\Http\\Kernel.php(144): Illuminate\\Foundation\\Http\\Kernel->sendRequestThroughRouter(Object(Illuminate\\Http\\Request))
#55 E:\\freelancing\\local\\zaheer\\alshaafi\\vendor\\laravel\\framework\\src\\Illuminate\\Foundation\\Application.php(1188): Illuminate\\Foundation\\Http\\Kernel->handle(Object(Illuminate\\Http\\Request))
#56 E:\\freelancing\\local\\zaheer\\alshaafi\\public\\index.php(17): Illuminate\\Foundation\\Application->handleRequest(Object(Illuminate\\Http\\Request))
#57 E:\\freelancing\\local\\zaheer\\alshaafi\\vendor\\laravel\\framework\\src\\Illuminate\\Foundation\\resources\\server.php(23): require_once('E:\\\\freelancing\\\\...')
#58 {main}

[previous exception] [object] (Error(code: 0): Class \"App\\Models\\ShippingAddress\" not found at E:\\freelancing\\local\\zaheer\\alshaafi\\vendor\\laravel\\framework\\src\\Illuminate\\Database\\Eloquent\\Concerns\\HasRelationships.php:853)
[stacktrace]
#0 E:\\freelancing\\local\\zaheer\\alshaafi\\vendor\\laravel\\framework\\src\\Illuminate\\Database\\Eloquent\\Concerns\\HasRelationships.php(105): Illuminate\\Database\\Eloquent\\Model->newRelatedInstance('App\\\\Models\\\\Ship...')
#1 E:\\freelancing\\local\\zaheer\\alshaafi\\app\\Models\\Order.php(65): Illuminate\\Database\\Eloquent\\Model->hasOne('App\\\\Models\\\\Ship...')
#2 E:\\freelancing\\local\\zaheer\\alshaafi\\vendor\\laravel\\framework\\src\\Illuminate\\Database\\Eloquent\\Concerns\\HasAttributes.php(605): App\\Models\\Order->shipping_address()
#3 E:\\freelancing\\local\\zaheer\\alshaafi\\vendor\\laravel\\framework\\src\\Illuminate\\Database\\Eloquent\\Concerns\\HasAttributes.php(557): Illuminate\\Database\\Eloquent\\Model->getRelationshipFromMethod('shipping_addres...')
#4 E:\\freelancing\\local\\zaheer\\alshaafi\\vendor\\laravel\\framework\\src\\Illuminate\\Database\\Eloquent\\Concerns\\HasAttributes.php(482): Illuminate\\Database\\Eloquent\\Model->getRelationValue('shipping_addres...')
#5 E:\\freelancing\\local\\zaheer\\alshaafi\\vendor\\laravel\\framework\\src\\Illuminate\\Database\\Eloquent\\Model.php(2242): Illuminate\\Database\\Eloquent\\Model->getAttribute('shipping_addres...')
#6 E:\\freelancing\\local\\zaheer\\alshaafi\\storage\\framework\\views\\f733d7a2df1e1ee49b95640bbb7eba2e.php(48): Illuminate\\Database\\Eloquent\\Model->__get('shipping_addres...')
#7 E:\\freelancing\\local\\zaheer\\alshaafi\\vendor\\laravel\\framework\\src\\Illuminate\\Filesystem\\Filesystem.php(123): require('E:\\\\freelancing\\\\...')
#8 E:\\freelancing\\local\\zaheer\\alshaafi\\vendor\\laravel\\framework\\src\\Illuminate\\Filesystem\\Filesystem.php(124): Illuminate\\Filesystem\\Filesystem::Illuminate\\Filesystem\\{closure}()
#9 E:\\freelancing\\local\\zaheer\\alshaafi\\vendor\\laravel\\framework\\src\\Illuminate\\View\\Engines\\PhpEngine.php(58): Illuminate\\Filesystem\\Filesystem->getRequire('E:\\\\freelancing\\\\...', Array)
#10 E:\\freelancing\\local\\zaheer\\alshaafi\\vendor\\livewire\\livewire\\src\\Mechanisms\\ExtendBlade\\ExtendedCompilerEngine.php(22): Illuminate\\View\\Engines\\PhpEngine->evaluatePath('E:\\\\freelancing\\\\...', Array)
#11 E:\\freelancing\\local\\zaheer\\alshaafi\\vendor\\laravel\\framework\\src\\Illuminate\\View\\Engines\\CompilerEngine.php(73): Livewire\\Mechanisms\\ExtendBlade\\ExtendedCompilerEngine->evaluatePath('E:\\\\freelancing\\\\...', Array)
#12 E:\\freelancing\\local\\zaheer\\alshaafi\\vendor\\livewire\\livewire\\src\\Mechanisms\\ExtendBlade\\ExtendedCompilerEngine.php(10): Illuminate\\View\\Engines\\CompilerEngine->get('E:\\\\freelancing\\\\...', Array)
#13 E:\\freelancing\\local\\zaheer\\alshaafi\\vendor\\laravel\\framework\\src\\Illuminate\\View\\View.php(208): Livewire\\Mechanisms\\ExtendBlade\\ExtendedCompilerEngine->get('E:\\\\freelancing\\\\...', Array)
#14 E:\\freelancing\\local\\zaheer\\alshaafi\\vendor\\laravel\\framework\\src\\Illuminate\\View\\View.php(191): Illuminate\\View\\View->getContents()
#15 E:\\freelancing\\local\\zaheer\\alshaafi\\vendor\\laravel\\framework\\src\\Illuminate\\View\\View.php(160): Illuminate\\View\\View->renderContents()
#16 E:\\freelancing\\local\\zaheer\\alshaafi\\vendor\\laravel\\framework\\src\\Illuminate\\Http\\Response.php(70): Illuminate\\View\\View->render()
#17 E:\\freelancing\\local\\zaheer\\alshaafi\\vendor\\laravel\\framework\\src\\Illuminate\\Http\\Response.php(35): Illuminate\\Http\\Response->setContent(Object(Illuminate\\View\\View))
#18 E:\\freelancing\\local\\zaheer\\alshaafi\\vendor\\laravel\\framework\\src\\Illuminate\\Routing\\Router.php(920): Illuminate\\Http\\Response->__construct(Object(Illuminate\\View\\View), 200, Array)
#19 E:\\freelancing\\local\\zaheer\\alshaafi\\vendor\\laravel\\framework\\src\\Illuminate\\Routing\\Router.php(887): Illuminate\\Routing\\Router::toResponse(Object(Illuminate\\Http\\Request), Object(Illuminate\\View\\View))
#20 E:\\freelancing\\local\\zaheer\\alshaafi\\vendor\\laravel\\framework\\src\\Illuminate\\Routing\\Router.php(807): Illuminate\\Routing\\Router->prepareResponse(Object(Illuminate\\Http\\Request), Object(Illuminate\\View\\View))
#21 E:\\freelancing\\local\\zaheer\\alshaafi\\vendor\\laravel\\framework\\src\\Illuminate\\Pipeline\\Pipeline.php(144): Illuminate\\Routing\\Router->Illuminate\\Routing\\{closure}(Object(Illuminate\\Http\\Request))
#22 E:\\freelancing\\local\\zaheer\\alshaafi\\app\\Http\\Middleware\\SetLocaleAndCountry.php(50): Illuminate\\Pipeline\\Pipeline->Illuminate\\Pipeline\\{closure}(Object(Illuminate\\Http\\Request))
#23 E:\\freelancing\\local\\zaheer\\alshaafi\\vendor\\laravel\\framework\\src\\Illuminate\\Pipeline\\Pipeline.php(183): App\\Http\\Middleware\\SetLocaleAndCountry->handle(Object(Illuminate\\Http\\Request), Object(Closure))
#24 E:\\freelancing\\local\\zaheer\\alshaafi\\vendor\\laravel\\framework\\src\\Illuminate\\Routing\\Middleware\\SubstituteBindings.php(50): Illuminate\\Pipeline\\Pipeline->Illuminate\\Pipeline\\{closure}(Object(Illuminate\\Http\\Request))
#25 E:\\freelancing\\local\\zaheer\\alshaafi\\vendor\\laravel\\framework\\src\\Illuminate\\Pipeline\\Pipeline.php(183): Illuminate\\Routing\\Middleware\\SubstituteBindings->handle(Object(Illuminate\\Http\\Request), Object(Closure))
#26 E:\\freelancing\\local\\zaheer\\alshaafi\\vendor\\laravel\\framework\\src\\Illuminate\\Foundation\\Http\\Middleware\\VerifyCsrfToken.php(88): Illuminate\\Pipeline\\Pipeline->Illuminate\\Pipeline\\{closure}(Object(Illuminate\\Http\\Request))
#27 E:\\freelancing\\local\\zaheer\\alshaafi\\vendor\\laravel\\framework\\src\\Illuminate\\Pipeline\\Pipeline.php(183): Illuminate\\Foundation\\Http\\Middleware\\VerifyCsrfToken->handle(Object(Illuminate\\Http\\Request), Object(Closure))
#28 E:\\freelancing\\local\\zaheer\\alshaafi\\vendor\\laravel\\framework\\src\\Illuminate\\View\\Middleware\\ShareErrorsFromSession.php(49): Illuminate\\Pipeline\\Pipeline->Illuminate\\Pipeline\\{closure}(Object(Illuminate\\Http\\Request))
#29 E:\\freelancing\\local\\zaheer\\alshaafi\\vendor\\laravel\\framework\\src\\Illuminate\\Pipeline\\Pipeline.php(183): Illuminate\\View\\Middleware\\ShareErrorsFromSession->handle(Object(Illuminate\\Http\\Request), Object(Closure))
#30 E:\\freelancing\\local\\zaheer\\alshaafi\\vendor\\laravel\\framework\\src\\Illuminate\\Session\\Middleware\\StartSession.php(121): Illuminate\\Pipeline\\Pipeline->Illuminate\\Pipeline\\{closure}(Object(Illuminate\\Http\\Request))
#31 E:\\freelancing\\local\\zaheer\\alshaafi\\vendor\\laravel\\framework\\src\\Illuminate\\Session\\Middleware\\StartSession.php(64): Illuminate\\Session\\Middleware\\StartSession->handleStatefulRequest(Object(Illuminate\\Http\\Request), Object(Illuminate\\Session\\Store), Object(Closure))
#32 E:\\freelancing\\local\\zaheer\\alshaafi\\vendor\\laravel\\framework\\src\\Illuminate\\Pipeline\\Pipeline.php(183): Illuminate\\Session\\Middleware\\StartSession->handle(Object(Illuminate\\Http\\Request), Object(Closure))
#33 E:\\freelancing\\local\\zaheer\\alshaafi\\vendor\\laravel\\framework\\src\\Illuminate\\Cookie\\Middleware\\AddQueuedCookiesToResponse.php(37): Illuminate\\Pipeline\\Pipeline->Illuminate\\Pipeline\\{closure}(Object(Illuminate\\Http\\Request))
#34 E:\\freelancing\\local\\zaheer\\alshaafi\\vendor\\laravel\\framework\\src\\Illuminate\\Pipeline\\Pipeline.php(183): Illuminate\\Cookie\\Middleware\\AddQueuedCookiesToResponse->handle(Object(Illuminate\\Http\\Request), Object(Closure))
#35 E:\\freelancing\\local\\zaheer\\alshaafi\\vendor\\laravel\\framework\\src\\Illuminate\\Cookie\\Middleware\\EncryptCookies.php(75): Illuminate\\Pipeline\\Pipeline->Illuminate\\Pipeline\\{closure}(Object(Illuminate\\Http\\Request))
#36 E:\\freelancing\\local\\zaheer\\alshaafi\\vendor\\laravel\\framework\\src\\Illuminate\\Pipeline\\Pipeline.php(183): Illuminate\\Cookie\\Middleware\\EncryptCookies->handle(Object(Illuminate\\Http\\Request), Object(Closure))
#37 E:\\freelancing\\local\\zaheer\\alshaafi\\vendor\\laravel\\framework\\src\\Illuminate\\Pipeline\\Pipeline.php(119): Illuminate\\Pipeline\\Pipeline->Illuminate\\Pipeline\\{closure}(Object(Illuminate\\Http\\Request))
#38 E:\\freelancing\\local\\zaheer\\alshaafi\\vendor\\laravel\\framework\\src\\Illuminate\\Routing\\Router.php(807): Illuminate\\Pipeline\\Pipeline->then(Object(Closure))
#39 E:\\freelancing\\local\\zaheer\\alshaafi\\vendor\\laravel\\framework\\src\\Illuminate\\Routing\\Router.php(786): Illuminate\\Routing\\Router->runRouteWithinStack(Object(Illuminate\\Routing\\Route), Object(Illuminate\\Http\\Request))
#40 E:\\freelancing\\local\\zaheer\\alshaafi\\vendor\\laravel\\framework\\src\\Illuminate\\Routing\\Router.php(750): Illuminate\\Routing\\Router->runRoute(Object(Illuminate\\Http\\Request), Object(Illuminate\\Routing\\Route))
#41 E:\\freelancing\\local\\zaheer\\alshaafi\\vendor\\laravel\\framework\\src\\Illuminate\\Routing\\Router.php(739): Illuminate\\Routing\\Router->dispatchToRoute(Object(Illuminate\\Http\\Request))
#42 E:\\freelancing\\local\\zaheer\\alshaafi\\vendor\\laravel\\framework\\src\\Illuminate\\Foundation\\Http\\Kernel.php(200): Illuminate\\Routing\\Router->dispatch(Object(Illuminate\\Http\\Request))
#43 E:\\freelancing\\local\\zaheer\\alshaafi\\vendor\\laravel\\framework\\src\\Illuminate\\Pipeline\\Pipeline.php(144): Illuminate\\Foundation\\Http\\Kernel->Illuminate\\Foundation\\Http\\{closure}(Object(Illuminate\\Http\\Request))
#44 E:\\freelancing\\local\\zaheer\\alshaafi\\vendor\\livewire\\livewire\\src\\Features\\SupportDisablingBackButtonCache\\DisableBackButtonCacheMiddleware.php(19): Illuminate\\Pipeline\\Pipeline->Illuminate\\Pipeline\\{closure}(Object(Illuminate\\Http\\Request))
#45 E:\\freelancing\\local\\zaheer\\alshaafi\\vendor\\laravel\\framework\\src\\Illuminate\\Pipeline\\Pipeline.php(183): Livewire\\Features\\SupportDisablingBackButtonCache\\DisableBackButtonCacheMiddleware->handle(Object(Illuminate\\Http\\Request), Object(Closure))
#46 E:\\freelancing\\local\\zaheer\\alshaafi\\vendor\\laravel\\framework\\src\\Illuminate\\Foundation\\Http\\Middleware\\TransformsRequest.php(21): Illuminate\\Pipeline\\Pipeline->Illuminate\\Pipeline\\{closure}(Object(Illuminate\\Http\\Request))
#47 E:\\freelancing\\local\\zaheer\\alshaafi\\vendor\\laravel\\framework\\src\\Illuminate\\Foundation\\Http\\Middleware\\ConvertEmptyStringsToNull.php(31): Illuminate\\Foundation\\Http\\Middleware\\TransformsRequest->handle(Object(Illuminate\\Http\\Request), Object(Closure))
#48 E:\\freelancing\\local\\zaheer\\alshaafi\\vendor\\laravel\\framework\\src\\Illuminate\\Pipeline\\Pipeline.php(183): Illuminate\\Foundation\\Http\\Middleware\\ConvertEmptyStringsToNull->handle(Object(Illuminate\\Http\\Request), Object(Closure))
#49 E:\\freelancing\\local\\zaheer\\alshaafi\\vendor\\laravel\\framework\\src\\Illuminate\\Foundation\\Http\\Middleware\\TransformsRequest.php(21): Illuminate\\Pipeline\\Pipeline->Illuminate\\Pipeline\\{closure}(Object(Illuminate\\Http\\Request))
#50 E:\\freelancing\\local\\zaheer\\alshaafi\\vendor\\laravel\\framework\\src\\Illuminate\\Foundation\\Http\\Middleware\\TrimStrings.php(51): Illuminate\\Foundation\\Http\\Middleware\\TransformsRequest->handle(Object(Illuminate\\Http\\Request), Object(Closure))
#51 E:\\freelancing\\local\\zaheer\\alshaafi\\vendor\\laravel\\framework\\src\\Illuminate\\Pipeline\\Pipeline.php(183): Illuminate\\Foundation\\Http\\Middleware\\TrimStrings->handle(Object(Illuminate\\Http\\Request), Object(Closure))
#52 E:\\freelancing\\local\\zaheer\\alshaafi\\vendor\\laravel\\framework\\src\\Illuminate\\Http\\Middleware\\ValidatePostSize.php(27): Illuminate\\Pipeline\\Pipeline->Illuminate\\Pipeline\\{closure}(Object(Illuminate\\Http\\Request))
#53 E:\\freelancing\\local\\zaheer\\alshaafi\\vendor\\laravel\\framework\\src\\Illuminate\\Pipeline\\Pipeline.php(183): Illuminate\\Http\\Middleware\\ValidatePostSize->handle(Object(Illuminate\\Http\\Request), Object(Closure))
#54 E:\\freelancing\\local\\zaheer\\alshaafi\\vendor\\laravel\\framework\\src\\Illuminate\\Foundation\\Http\\Middleware\\PreventRequestsDuringMaintenance.php(110): Illuminate\\Pipeline\\Pipeline->Illuminate\\Pipeline\\{closure}(Object(Illuminate\\Http\\Request))
#55 E:\\freelancing\\local\\zaheer\\alshaafi\\vendor\\laravel\\framework\\src\\Illuminate\\Pipeline\\Pipeline.php(183): Illuminate\\Foundation\\Http\\Middleware\\PreventRequestsDuringMaintenance->handle(Object(Illuminate\\Http\\Request), Object(Closure))
#56 E:\\freelancing\\local\\zaheer\\alshaafi\\vendor\\laravel\\framework\\src\\Illuminate\\Http\\Middleware\\HandleCors.php(49): Illuminate\\Pipeline\\Pipeline->Illuminate\\Pipeline\\{closure}(Object(Illuminate\\Http\\Request))
#57 E:\\freelancing\\local\\zaheer\\alshaafi\\vendor\\laravel\\framework\\src\\Illuminate\\Pipeline\\Pipeline.php(183): Illuminate\\Http\\Middleware\\HandleCors->handle(Object(Illuminate\\Http\\Request), Object(Closure))
#58 E:\\freelancing\\local\\zaheer\\alshaafi\\vendor\\laravel\\framework\\src\\Illuminate\\Http\\Middleware\\TrustProxies.php(57): Illuminate\\Pipeline\\Pipeline->Illuminate\\Pipeline\\{closure}(Object(Illuminate\\Http\\Request))
#59 E:\\freelancing\\local\\zaheer\\alshaafi\\vendor\\laravel\\framework\\src\\Illuminate\\Pipeline\\Pipeline.php(183): Illuminate\\Http\\Middleware\\TrustProxies->handle(Object(Illuminate\\Http\\Request), Object(Closure))
#60 E:\\freelancing\\local\\zaheer\\alshaafi\\vendor\\laravel\\framework\\src\\Illuminate\\Pipeline\\Pipeline.php(119): Illuminate\\Pipeline\\Pipeline->Illuminate\\Pipeline\\{closure}(Object(Illuminate\\Http\\Request))
#61 E:\\freelancing\\local\\zaheer\\alshaafi\\vendor\\laravel\\framework\\src\\Illuminate\\Foundation\\Http\\Kernel.php(175): Illuminate\\Pipeline\\Pipeline->then(Object(Closure))
#62 E:\\freelancing\\local\\zaheer\\alshaafi\\vendor\\laravel\\framework\\src\\Illuminate\\Foundation\\Http\\Kernel.php(144): Illuminate\\Foundation\\Http\\Kernel->sendRequestThroughRouter(Object(Illuminate\\Http\\Request))
#63 E:\\freelancing\\local\\zaheer\\alshaafi\\vendor\\laravel\\framework\\src\\Illuminate\\Foundation\\Application.php(1188): Illuminate\\Foundation\\Http\\Kernel->handle(Object(Illuminate\\Http\\Request))
#64 E:\\freelancing\\local\\zaheer\\alshaafi\\public\\index.php(17): Illuminate\\Foundation\\Application->handleRequest(Object(Illuminate\\Http\\Request))
#65 E:\\freelancing\\local\\zaheer\\alshaafi\\vendor\\laravel\\framework\\src\\Illuminate\\Foundation\\resources\\server.php(23): require_once('E:\\\\freelancing\\\\...')
#66 {main}
"} 
[2025-07-03 07:04:11] local.ERROR: Class "App\Models\ShippingAddress" not found (View: E:\freelancing\local\zaheer\alshaafi\resources\views\web\order-confirmation.blade.php) {"userId":5,"exception":"[object] (Illuminate\\View\\ViewException(code: 0): Class \"App\\Models\\ShippingAddress\" not found (View: E:\\freelancing\\local\\zaheer\\alshaafi\\resources\\views\\web\\order-confirmation.blade.php) at E:\\freelancing\\local\\zaheer\\alshaafi\\vendor\\laravel\\framework\\src\\Illuminate\\Database\\Eloquent\\Concerns\\HasRelationships.php:853)
[stacktrace]
#0 E:\\freelancing\\local\\zaheer\\alshaafi\\vendor\\livewire\\livewire\\src\\Mechanisms\\ExtendBlade\\ExtendedCompilerEngine.php(58): Illuminate\\View\\Engines\\CompilerEngine->handleViewException(Object(Error), 1)
#1 E:\\freelancing\\local\\zaheer\\alshaafi\\vendor\\laravel\\framework\\src\\Illuminate\\View\\Engines\\PhpEngine.php(60): Livewire\\Mechanisms\\ExtendBlade\\ExtendedCompilerEngine->handleViewException(Object(Error), 1)
#2 E:\\freelancing\\local\\zaheer\\alshaafi\\vendor\\livewire\\livewire\\src\\Mechanisms\\ExtendBlade\\ExtendedCompilerEngine.php(22): Illuminate\\View\\Engines\\PhpEngine->evaluatePath('E:\\\\freelancing\\\\...', Array)
#3 E:\\freelancing\\local\\zaheer\\alshaafi\\vendor\\laravel\\framework\\src\\Illuminate\\View\\Engines\\CompilerEngine.php(73): Livewire\\Mechanisms\\ExtendBlade\\ExtendedCompilerEngine->evaluatePath('E:\\\\freelancing\\\\...', Array)
#4 E:\\freelancing\\local\\zaheer\\alshaafi\\vendor\\livewire\\livewire\\src\\Mechanisms\\ExtendBlade\\ExtendedCompilerEngine.php(10): Illuminate\\View\\Engines\\CompilerEngine->get('E:\\\\freelancing\\\\...', Array)
#5 E:\\freelancing\\local\\zaheer\\alshaafi\\vendor\\laravel\\framework\\src\\Illuminate\\View\\View.php(208): Livewire\\Mechanisms\\ExtendBlade\\ExtendedCompilerEngine->get('E:\\\\freelancing\\\\...', Array)
#6 E:\\freelancing\\local\\zaheer\\alshaafi\\vendor\\laravel\\framework\\src\\Illuminate\\View\\View.php(191): Illuminate\\View\\View->getContents()
#7 E:\\freelancing\\local\\zaheer\\alshaafi\\vendor\\laravel\\framework\\src\\Illuminate\\View\\View.php(160): Illuminate\\View\\View->renderContents()
#8 E:\\freelancing\\local\\zaheer\\alshaafi\\vendor\\laravel\\framework\\src\\Illuminate\\Http\\Response.php(70): Illuminate\\View\\View->render()
#9 E:\\freelancing\\local\\zaheer\\alshaafi\\vendor\\laravel\\framework\\src\\Illuminate\\Http\\Response.php(35): Illuminate\\Http\\Response->setContent(Object(Illuminate\\View\\View))
#10 E:\\freelancing\\local\\zaheer\\alshaafi\\vendor\\laravel\\framework\\src\\Illuminate\\Routing\\Router.php(920): Illuminate\\Http\\Response->__construct(Object(Illuminate\\View\\View), 200, Array)
#11 E:\\freelancing\\local\\zaheer\\alshaafi\\vendor\\laravel\\framework\\src\\Illuminate\\Routing\\Router.php(887): Illuminate\\Routing\\Router::toResponse(Object(Illuminate\\Http\\Request), Object(Illuminate\\View\\View))
#12 E:\\freelancing\\local\\zaheer\\alshaafi\\vendor\\laravel\\framework\\src\\Illuminate\\Routing\\Router.php(807): Illuminate\\Routing\\Router->prepareResponse(Object(Illuminate\\Http\\Request), Object(Illuminate\\View\\View))
#13 E:\\freelancing\\local\\zaheer\\alshaafi\\vendor\\laravel\\framework\\src\\Illuminate\\Pipeline\\Pipeline.php(144): Illuminate\\Routing\\Router->Illuminate\\Routing\\{closure}(Object(Illuminate\\Http\\Request))
#14 E:\\freelancing\\local\\zaheer\\alshaafi\\app\\Http\\Middleware\\SetLocaleAndCountry.php(50): Illuminate\\Pipeline\\Pipeline->Illuminate\\Pipeline\\{closure}(Object(Illuminate\\Http\\Request))
#15 E:\\freelancing\\local\\zaheer\\alshaafi\\vendor\\laravel\\framework\\src\\Illuminate\\Pipeline\\Pipeline.php(183): App\\Http\\Middleware\\SetLocaleAndCountry->handle(Object(Illuminate\\Http\\Request), Object(Closure))
#16 E:\\freelancing\\local\\zaheer\\alshaafi\\vendor\\laravel\\framework\\src\\Illuminate\\Routing\\Middleware\\SubstituteBindings.php(50): Illuminate\\Pipeline\\Pipeline->Illuminate\\Pipeline\\{closure}(Object(Illuminate\\Http\\Request))
#17 E:\\freelancing\\local\\zaheer\\alshaafi\\vendor\\laravel\\framework\\src\\Illuminate\\Pipeline\\Pipeline.php(183): Illuminate\\Routing\\Middleware\\SubstituteBindings->handle(Object(Illuminate\\Http\\Request), Object(Closure))
#18 E:\\freelancing\\local\\zaheer\\alshaafi\\vendor\\laravel\\framework\\src\\Illuminate\\Foundation\\Http\\Middleware\\VerifyCsrfToken.php(88): Illuminate\\Pipeline\\Pipeline->Illuminate\\Pipeline\\{closure}(Object(Illuminate\\Http\\Request))
#19 E:\\freelancing\\local\\zaheer\\alshaafi\\vendor\\laravel\\framework\\src\\Illuminate\\Pipeline\\Pipeline.php(183): Illuminate\\Foundation\\Http\\Middleware\\VerifyCsrfToken->handle(Object(Illuminate\\Http\\Request), Object(Closure))
#20 E:\\freelancing\\local\\zaheer\\alshaafi\\vendor\\laravel\\framework\\src\\Illuminate\\View\\Middleware\\ShareErrorsFromSession.php(49): Illuminate\\Pipeline\\Pipeline->Illuminate\\Pipeline\\{closure}(Object(Illuminate\\Http\\Request))
#21 E:\\freelancing\\local\\zaheer\\alshaafi\\vendor\\laravel\\framework\\src\\Illuminate\\Pipeline\\Pipeline.php(183): Illuminate\\View\\Middleware\\ShareErrorsFromSession->handle(Object(Illuminate\\Http\\Request), Object(Closure))
#22 E:\\freelancing\\local\\zaheer\\alshaafi\\vendor\\laravel\\framework\\src\\Illuminate\\Session\\Middleware\\StartSession.php(121): Illuminate\\Pipeline\\Pipeline->Illuminate\\Pipeline\\{closure}(Object(Illuminate\\Http\\Request))
#23 E:\\freelancing\\local\\zaheer\\alshaafi\\vendor\\laravel\\framework\\src\\Illuminate\\Session\\Middleware\\StartSession.php(64): Illuminate\\Session\\Middleware\\StartSession->handleStatefulRequest(Object(Illuminate\\Http\\Request), Object(Illuminate\\Session\\Store), Object(Closure))
#24 E:\\freelancing\\local\\zaheer\\alshaafi\\vendor\\laravel\\framework\\src\\Illuminate\\Pipeline\\Pipeline.php(183): Illuminate\\Session\\Middleware\\StartSession->handle(Object(Illuminate\\Http\\Request), Object(Closure))
#25 E:\\freelancing\\local\\zaheer\\alshaafi\\vendor\\laravel\\framework\\src\\Illuminate\\Cookie\\Middleware\\AddQueuedCookiesToResponse.php(37): Illuminate\\Pipeline\\Pipeline->Illuminate\\Pipeline\\{closure}(Object(Illuminate\\Http\\Request))
#26 E:\\freelancing\\local\\zaheer\\alshaafi\\vendor\\laravel\\framework\\src\\Illuminate\\Pipeline\\Pipeline.php(183): Illuminate\\Cookie\\Middleware\\AddQueuedCookiesToResponse->handle(Object(Illuminate\\Http\\Request), Object(Closure))
#27 E:\\freelancing\\local\\zaheer\\alshaafi\\vendor\\laravel\\framework\\src\\Illuminate\\Cookie\\Middleware\\EncryptCookies.php(75): Illuminate\\Pipeline\\Pipeline->Illuminate\\Pipeline\\{closure}(Object(Illuminate\\Http\\Request))
#28 E:\\freelancing\\local\\zaheer\\alshaafi\\vendor\\laravel\\framework\\src\\Illuminate\\Pipeline\\Pipeline.php(183): Illuminate\\Cookie\\Middleware\\EncryptCookies->handle(Object(Illuminate\\Http\\Request), Object(Closure))
#29 E:\\freelancing\\local\\zaheer\\alshaafi\\vendor\\laravel\\framework\\src\\Illuminate\\Pipeline\\Pipeline.php(119): Illuminate\\Pipeline\\Pipeline->Illuminate\\Pipeline\\{closure}(Object(Illuminate\\Http\\Request))
#30 E:\\freelancing\\local\\zaheer\\alshaafi\\vendor\\laravel\\framework\\src\\Illuminate\\Routing\\Router.php(807): Illuminate\\Pipeline\\Pipeline->then(Object(Closure))
#31 E:\\freelancing\\local\\zaheer\\alshaafi\\vendor\\laravel\\framework\\src\\Illuminate\\Routing\\Router.php(786): Illuminate\\Routing\\Router->runRouteWithinStack(Object(Illuminate\\Routing\\Route), Object(Illuminate\\Http\\Request))
#32 E:\\freelancing\\local\\zaheer\\alshaafi\\vendor\\laravel\\framework\\src\\Illuminate\\Routing\\Router.php(750): Illuminate\\Routing\\Router->runRoute(Object(Illuminate\\Http\\Request), Object(Illuminate\\Routing\\Route))
#33 E:\\freelancing\\local\\zaheer\\alshaafi\\vendor\\laravel\\framework\\src\\Illuminate\\Routing\\Router.php(739): Illuminate\\Routing\\Router->dispatchToRoute(Object(Illuminate\\Http\\Request))
#34 E:\\freelancing\\local\\zaheer\\alshaafi\\vendor\\laravel\\framework\\src\\Illuminate\\Foundation\\Http\\Kernel.php(200): Illuminate\\Routing\\Router->dispatch(Object(Illuminate\\Http\\Request))
#35 E:\\freelancing\\local\\zaheer\\alshaafi\\vendor\\laravel\\framework\\src\\Illuminate\\Pipeline\\Pipeline.php(144): Illuminate\\Foundation\\Http\\Kernel->Illuminate\\Foundation\\Http\\{closure}(Object(Illuminate\\Http\\Request))
#36 E:\\freelancing\\local\\zaheer\\alshaafi\\vendor\\livewire\\livewire\\src\\Features\\SupportDisablingBackButtonCache\\DisableBackButtonCacheMiddleware.php(19): Illuminate\\Pipeline\\Pipeline->Illuminate\\Pipeline\\{closure}(Object(Illuminate\\Http\\Request))
#37 E:\\freelancing\\local\\zaheer\\alshaafi\\vendor\\laravel\\framework\\src\\Illuminate\\Pipeline\\Pipeline.php(183): Livewire\\Features\\SupportDisablingBackButtonCache\\DisableBackButtonCacheMiddleware->handle(Object(Illuminate\\Http\\Request), Object(Closure))
#38 E:\\freelancing\\local\\zaheer\\alshaafi\\vendor\\laravel\\framework\\src\\Illuminate\\Foundation\\Http\\Middleware\\TransformsRequest.php(21): Illuminate\\Pipeline\\Pipeline->Illuminate\\Pipeline\\{closure}(Object(Illuminate\\Http\\Request))
#39 E:\\freelancing\\local\\zaheer\\alshaafi\\vendor\\laravel\\framework\\src\\Illuminate\\Foundation\\Http\\Middleware\\ConvertEmptyStringsToNull.php(31): Illuminate\\Foundation\\Http\\Middleware\\TransformsRequest->handle(Object(Illuminate\\Http\\Request), Object(Closure))
#40 E:\\freelancing\\local\\zaheer\\alshaafi\\vendor\\laravel\\framework\\src\\Illuminate\\Pipeline\\Pipeline.php(183): Illuminate\\Foundation\\Http\\Middleware\\ConvertEmptyStringsToNull->handle(Object(Illuminate\\Http\\Request), Object(Closure))
#41 E:\\freelancing\\local\\zaheer\\alshaafi\\vendor\\laravel\\framework\\src\\Illuminate\\Foundation\\Http\\Middleware\\TransformsRequest.php(21): Illuminate\\Pipeline\\Pipeline->Illuminate\\Pipeline\\{closure}(Object(Illuminate\\Http\\Request))
#42 E:\\freelancing\\local\\zaheer\\alshaafi\\vendor\\laravel\\framework\\src\\Illuminate\\Foundation\\Http\\Middleware\\TrimStrings.php(51): Illuminate\\Foundation\\Http\\Middleware\\TransformsRequest->handle(Object(Illuminate\\Http\\Request), Object(Closure))
#43 E:\\freelancing\\local\\zaheer\\alshaafi\\vendor\\laravel\\framework\\src\\Illuminate\\Pipeline\\Pipeline.php(183): Illuminate\\Foundation\\Http\\Middleware\\TrimStrings->handle(Object(Illuminate\\Http\\Request), Object(Closure))
#44 E:\\freelancing\\local\\zaheer\\alshaafi\\vendor\\laravel\\framework\\src\\Illuminate\\Http\\Middleware\\ValidatePostSize.php(27): Illuminate\\Pipeline\\Pipeline->Illuminate\\Pipeline\\{closure}(Object(Illuminate\\Http\\Request))
#45 E:\\freelancing\\local\\zaheer\\alshaafi\\vendor\\laravel\\framework\\src\\Illuminate\\Pipeline\\Pipeline.php(183): Illuminate\\Http\\Middleware\\ValidatePostSize->handle(Object(Illuminate\\Http\\Request), Object(Closure))
#46 E:\\freelancing\\local\\zaheer\\alshaafi\\vendor\\laravel\\framework\\src\\Illuminate\\Foundation\\Http\\Middleware\\PreventRequestsDuringMaintenance.php(110): Illuminate\\Pipeline\\Pipeline->Illuminate\\Pipeline\\{closure}(Object(Illuminate\\Http\\Request))
#47 E:\\freelancing\\local\\zaheer\\alshaafi\\vendor\\laravel\\framework\\src\\Illuminate\\Pipeline\\Pipeline.php(183): Illuminate\\Foundation\\Http\\Middleware\\PreventRequestsDuringMaintenance->handle(Object(Illuminate\\Http\\Request), Object(Closure))
#48 E:\\freelancing\\local\\zaheer\\alshaafi\\vendor\\laravel\\framework\\src\\Illuminate\\Http\\Middleware\\HandleCors.php(49): Illuminate\\Pipeline\\Pipeline->Illuminate\\Pipeline\\{closure}(Object(Illuminate\\Http\\Request))
#49 E:\\freelancing\\local\\zaheer\\alshaafi\\vendor\\laravel\\framework\\src\\Illuminate\\Pipeline\\Pipeline.php(183): Illuminate\\Http\\Middleware\\HandleCors->handle(Object(Illuminate\\Http\\Request), Object(Closure))
#50 E:\\freelancing\\local\\zaheer\\alshaafi\\vendor\\laravel\\framework\\src\\Illuminate\\Http\\Middleware\\TrustProxies.php(57): Illuminate\\Pipeline\\Pipeline->Illuminate\\Pipeline\\{closure}(Object(Illuminate\\Http\\Request))
#51 E:\\freelancing\\local\\zaheer\\alshaafi\\vendor\\laravel\\framework\\src\\Illuminate\\Pipeline\\Pipeline.php(183): Illuminate\\Http\\Middleware\\TrustProxies->handle(Object(Illuminate\\Http\\Request), Object(Closure))
#52 E:\\freelancing\\local\\zaheer\\alshaafi\\vendor\\laravel\\framework\\src\\Illuminate\\Pipeline\\Pipeline.php(119): Illuminate\\Pipeline\\Pipeline->Illuminate\\Pipeline\\{closure}(Object(Illuminate\\Http\\Request))
#53 E:\\freelancing\\local\\zaheer\\alshaafi\\vendor\\laravel\\framework\\src\\Illuminate\\Foundation\\Http\\Kernel.php(175): Illuminate\\Pipeline\\Pipeline->then(Object(Closure))
#54 E:\\freelancing\\local\\zaheer\\alshaafi\\vendor\\laravel\\framework\\src\\Illuminate\\Foundation\\Http\\Kernel.php(144): Illuminate\\Foundation\\Http\\Kernel->sendRequestThroughRouter(Object(Illuminate\\Http\\Request))
#55 E:\\freelancing\\local\\zaheer\\alshaafi\\vendor\\laravel\\framework\\src\\Illuminate\\Foundation\\Application.php(1188): Illuminate\\Foundation\\Http\\Kernel->handle(Object(Illuminate\\Http\\Request))
#56 E:\\freelancing\\local\\zaheer\\alshaafi\\public\\index.php(17): Illuminate\\Foundation\\Application->handleRequest(Object(Illuminate\\Http\\Request))
#57 E:\\freelancing\\local\\zaheer\\alshaafi\\vendor\\laravel\\framework\\src\\Illuminate\\Foundation\\resources\\server.php(23): require_once('E:\\\\freelancing\\\\...')
#58 {main}

[previous exception] [object] (Error(code: 0): Class \"App\\Models\\ShippingAddress\" not found at E:\\freelancing\\local\\zaheer\\alshaafi\\vendor\\laravel\\framework\\src\\Illuminate\\Database\\Eloquent\\Concerns\\HasRelationships.php:853)
[stacktrace]
#0 E:\\freelancing\\local\\zaheer\\alshaafi\\vendor\\laravel\\framework\\src\\Illuminate\\Database\\Eloquent\\Concerns\\HasRelationships.php(105): Illuminate\\Database\\Eloquent\\Model->newRelatedInstance('App\\\\Models\\\\Ship...')
#1 E:\\freelancing\\local\\zaheer\\alshaafi\\app\\Models\\Order.php(65): Illuminate\\Database\\Eloquent\\Model->hasOne('App\\\\Models\\\\Ship...')
#2 E:\\freelancing\\local\\zaheer\\alshaafi\\vendor\\laravel\\framework\\src\\Illuminate\\Database\\Eloquent\\Concerns\\HasAttributes.php(605): App\\Models\\Order->shipping_address()
#3 E:\\freelancing\\local\\zaheer\\alshaafi\\vendor\\laravel\\framework\\src\\Illuminate\\Database\\Eloquent\\Concerns\\HasAttributes.php(557): Illuminate\\Database\\Eloquent\\Model->getRelationshipFromMethod('shipping_addres...')
#4 E:\\freelancing\\local\\zaheer\\alshaafi\\vendor\\laravel\\framework\\src\\Illuminate\\Database\\Eloquent\\Concerns\\HasAttributes.php(482): Illuminate\\Database\\Eloquent\\Model->getRelationValue('shipping_addres...')
#5 E:\\freelancing\\local\\zaheer\\alshaafi\\vendor\\laravel\\framework\\src\\Illuminate\\Database\\Eloquent\\Model.php(2242): Illuminate\\Database\\Eloquent\\Model->getAttribute('shipping_addres...')
#6 E:\\freelancing\\local\\zaheer\\alshaafi\\storage\\framework\\views\\f733d7a2df1e1ee49b95640bbb7eba2e.php(48): Illuminate\\Database\\Eloquent\\Model->__get('shipping_addres...')
#7 E:\\freelancing\\local\\zaheer\\alshaafi\\vendor\\laravel\\framework\\src\\Illuminate\\Filesystem\\Filesystem.php(123): require('E:\\\\freelancing\\\\...')
#8 E:\\freelancing\\local\\zaheer\\alshaafi\\vendor\\laravel\\framework\\src\\Illuminate\\Filesystem\\Filesystem.php(124): Illuminate\\Filesystem\\Filesystem::Illuminate\\Filesystem\\{closure}()
#9 E:\\freelancing\\local\\zaheer\\alshaafi\\vendor\\laravel\\framework\\src\\Illuminate\\View\\Engines\\PhpEngine.php(58): Illuminate\\Filesystem\\Filesystem->getRequire('E:\\\\freelancing\\\\...', Array)
#10 E:\\freelancing\\local\\zaheer\\alshaafi\\vendor\\livewire\\livewire\\src\\Mechanisms\\ExtendBlade\\ExtendedCompilerEngine.php(22): Illuminate\\View\\Engines\\PhpEngine->evaluatePath('E:\\\\freelancing\\\\...', Array)
#11 E:\\freelancing\\local\\zaheer\\alshaafi\\vendor\\laravel\\framework\\src\\Illuminate\\View\\Engines\\CompilerEngine.php(73): Livewire\\Mechanisms\\ExtendBlade\\ExtendedCompilerEngine->evaluatePath('E:\\\\freelancing\\\\...', Array)
#12 E:\\freelancing\\local\\zaheer\\alshaafi\\vendor\\livewire\\livewire\\src\\Mechanisms\\ExtendBlade\\ExtendedCompilerEngine.php(10): Illuminate\\View\\Engines\\CompilerEngine->get('E:\\\\freelancing\\\\...', Array)
#13 E:\\freelancing\\local\\zaheer\\alshaafi\\vendor\\laravel\\framework\\src\\Illuminate\\View\\View.php(208): Livewire\\Mechanisms\\ExtendBlade\\ExtendedCompilerEngine->get('E:\\\\freelancing\\\\...', Array)
#14 E:\\freelancing\\local\\zaheer\\alshaafi\\vendor\\laravel\\framework\\src\\Illuminate\\View\\View.php(191): Illuminate\\View\\View->getContents()
#15 E:\\freelancing\\local\\zaheer\\alshaafi\\vendor\\laravel\\framework\\src\\Illuminate\\View\\View.php(160): Illuminate\\View\\View->renderContents()
#16 E:\\freelancing\\local\\zaheer\\alshaafi\\vendor\\laravel\\framework\\src\\Illuminate\\Http\\Response.php(70): Illuminate\\View\\View->render()
#17 E:\\freelancing\\local\\zaheer\\alshaafi\\vendor\\laravel\\framework\\src\\Illuminate\\Http\\Response.php(35): Illuminate\\Http\\Response->setContent(Object(Illuminate\\View\\View))
#18 E:\\freelancing\\local\\zaheer\\alshaafi\\vendor\\laravel\\framework\\src\\Illuminate\\Routing\\Router.php(920): Illuminate\\Http\\Response->__construct(Object(Illuminate\\View\\View), 200, Array)
#19 E:\\freelancing\\local\\zaheer\\alshaafi\\vendor\\laravel\\framework\\src\\Illuminate\\Routing\\Router.php(887): Illuminate\\Routing\\Router::toResponse(Object(Illuminate\\Http\\Request), Object(Illuminate\\View\\View))
#20 E:\\freelancing\\local\\zaheer\\alshaafi\\vendor\\laravel\\framework\\src\\Illuminate\\Routing\\Router.php(807): Illuminate\\Routing\\Router->prepareResponse(Object(Illuminate\\Http\\Request), Object(Illuminate\\View\\View))
#21 E:\\freelancing\\local\\zaheer\\alshaafi\\vendor\\laravel\\framework\\src\\Illuminate\\Pipeline\\Pipeline.php(144): Illuminate\\Routing\\Router->Illuminate\\Routing\\{closure}(Object(Illuminate\\Http\\Request))
#22 E:\\freelancing\\local\\zaheer\\alshaafi\\app\\Http\\Middleware\\SetLocaleAndCountry.php(50): Illuminate\\Pipeline\\Pipeline->Illuminate\\Pipeline\\{closure}(Object(Illuminate\\Http\\Request))
#23 E:\\freelancing\\local\\zaheer\\alshaafi\\vendor\\laravel\\framework\\src\\Illuminate\\Pipeline\\Pipeline.php(183): App\\Http\\Middleware\\SetLocaleAndCountry->handle(Object(Illuminate\\Http\\Request), Object(Closure))
#24 E:\\freelancing\\local\\zaheer\\alshaafi\\vendor\\laravel\\framework\\src\\Illuminate\\Routing\\Middleware\\SubstituteBindings.php(50): Illuminate\\Pipeline\\Pipeline->Illuminate\\Pipeline\\{closure}(Object(Illuminate\\Http\\Request))
#25 E:\\freelancing\\local\\zaheer\\alshaafi\\vendor\\laravel\\framework\\src\\Illuminate\\Pipeline\\Pipeline.php(183): Illuminate\\Routing\\Middleware\\SubstituteBindings->handle(Object(Illuminate\\Http\\Request), Object(Closure))
#26 E:\\freelancing\\local\\zaheer\\alshaafi\\vendor\\laravel\\framework\\src\\Illuminate\\Foundation\\Http\\Middleware\\VerifyCsrfToken.php(88): Illuminate\\Pipeline\\Pipeline->Illuminate\\Pipeline\\{closure}(Object(Illuminate\\Http\\Request))
#27 E:\\freelancing\\local\\zaheer\\alshaafi\\vendor\\laravel\\framework\\src\\Illuminate\\Pipeline\\Pipeline.php(183): Illuminate\\Foundation\\Http\\Middleware\\VerifyCsrfToken->handle(Object(Illuminate\\Http\\Request), Object(Closure))
#28 E:\\freelancing\\local\\zaheer\\alshaafi\\vendor\\laravel\\framework\\src\\Illuminate\\View\\Middleware\\ShareErrorsFromSession.php(49): Illuminate\\Pipeline\\Pipeline->Illuminate\\Pipeline\\{closure}(Object(Illuminate\\Http\\Request))
#29 E:\\freelancing\\local\\zaheer\\alshaafi\\vendor\\laravel\\framework\\src\\Illuminate\\Pipeline\\Pipeline.php(183): Illuminate\\View\\Middleware\\ShareErrorsFromSession->handle(Object(Illuminate\\Http\\Request), Object(Closure))
#30 E:\\freelancing\\local\\zaheer\\alshaafi\\vendor\\laravel\\framework\\src\\Illuminate\\Session\\Middleware\\StartSession.php(121): Illuminate\\Pipeline\\Pipeline->Illuminate\\Pipeline\\{closure}(Object(Illuminate\\Http\\Request))
#31 E:\\freelancing\\local\\zaheer\\alshaafi\\vendor\\laravel\\framework\\src\\Illuminate\\Session\\Middleware\\StartSession.php(64): Illuminate\\Session\\Middleware\\StartSession->handleStatefulRequest(Object(Illuminate\\Http\\Request), Object(Illuminate\\Session\\Store), Object(Closure))
#32 E:\\freelancing\\local\\zaheer\\alshaafi\\vendor\\laravel\\framework\\src\\Illuminate\\Pipeline\\Pipeline.php(183): Illuminate\\Session\\Middleware\\StartSession->handle(Object(Illuminate\\Http\\Request), Object(Closure))
#33 E:\\freelancing\\local\\zaheer\\alshaafi\\vendor\\laravel\\framework\\src\\Illuminate\\Cookie\\Middleware\\AddQueuedCookiesToResponse.php(37): Illuminate\\Pipeline\\Pipeline->Illuminate\\Pipeline\\{closure}(Object(Illuminate\\Http\\Request))
#34 E:\\freelancing\\local\\zaheer\\alshaafi\\vendor\\laravel\\framework\\src\\Illuminate\\Pipeline\\Pipeline.php(183): Illuminate\\Cookie\\Middleware\\AddQueuedCookiesToResponse->handle(Object(Illuminate\\Http\\Request), Object(Closure))
#35 E:\\freelancing\\local\\zaheer\\alshaafi\\vendor\\laravel\\framework\\src\\Illuminate\\Cookie\\Middleware\\EncryptCookies.php(75): Illuminate\\Pipeline\\Pipeline->Illuminate\\Pipeline\\{closure}(Object(Illuminate\\Http\\Request))
#36 E:\\freelancing\\local\\zaheer\\alshaafi\\vendor\\laravel\\framework\\src\\Illuminate\\Pipeline\\Pipeline.php(183): Illuminate\\Cookie\\Middleware\\EncryptCookies->handle(Object(Illuminate\\Http\\Request), Object(Closure))
#37 E:\\freelancing\\local\\zaheer\\alshaafi\\vendor\\laravel\\framework\\src\\Illuminate\\Pipeline\\Pipeline.php(119): Illuminate\\Pipeline\\Pipeline->Illuminate\\Pipeline\\{closure}(Object(Illuminate\\Http\\Request))
#38 E:\\freelancing\\local\\zaheer\\alshaafi\\vendor\\laravel\\framework\\src\\Illuminate\\Routing\\Router.php(807): Illuminate\\Pipeline\\Pipeline->then(Object(Closure))
#39 E:\\freelancing\\local\\zaheer\\alshaafi\\vendor\\laravel\\framework\\src\\Illuminate\\Routing\\Router.php(786): Illuminate\\Routing\\Router->runRouteWithinStack(Object(Illuminate\\Routing\\Route), Object(Illuminate\\Http\\Request))
#40 E:\\freelancing\\local\\zaheer\\alshaafi\\vendor\\laravel\\framework\\src\\Illuminate\\Routing\\Router.php(750): Illuminate\\Routing\\Router->runRoute(Object(Illuminate\\Http\\Request), Object(Illuminate\\Routing\\Route))
#41 E:\\freelancing\\local\\zaheer\\alshaafi\\vendor\\laravel\\framework\\src\\Illuminate\\Routing\\Router.php(739): Illuminate\\Routing\\Router->dispatchToRoute(Object(Illuminate\\Http\\Request))
#42 E:\\freelancing\\local\\zaheer\\alshaafi\\vendor\\laravel\\framework\\src\\Illuminate\\Foundation\\Http\\Kernel.php(200): Illuminate\\Routing\\Router->dispatch(Object(Illuminate\\Http\\Request))
#43 E:\\freelancing\\local\\zaheer\\alshaafi\\vendor\\laravel\\framework\\src\\Illuminate\\Pipeline\\Pipeline.php(144): Illuminate\\Foundation\\Http\\Kernel->Illuminate\\Foundation\\Http\\{closure}(Object(Illuminate\\Http\\Request))
#44 E:\\freelancing\\local\\zaheer\\alshaafi\\vendor\\livewire\\livewire\\src\\Features\\SupportDisablingBackButtonCache\\DisableBackButtonCacheMiddleware.php(19): Illuminate\\Pipeline\\Pipeline->Illuminate\\Pipeline\\{closure}(Object(Illuminate\\Http\\Request))
#45 E:\\freelancing\\local\\zaheer\\alshaafi\\vendor\\laravel\\framework\\src\\Illuminate\\Pipeline\\Pipeline.php(183): Livewire\\Features\\SupportDisablingBackButtonCache\\DisableBackButtonCacheMiddleware->handle(Object(Illuminate\\Http\\Request), Object(Closure))
#46 E:\\freelancing\\local\\zaheer\\alshaafi\\vendor\\laravel\\framework\\src\\Illuminate\\Foundation\\Http\\Middleware\\TransformsRequest.php(21): Illuminate\\Pipeline\\Pipeline->Illuminate\\Pipeline\\{closure}(Object(Illuminate\\Http\\Request))
#47 E:\\freelancing\\local\\zaheer\\alshaafi\\vendor\\laravel\\framework\\src\\Illuminate\\Foundation\\Http\\Middleware\\ConvertEmptyStringsToNull.php(31): Illuminate\\Foundation\\Http\\Middleware\\TransformsRequest->handle(Object(Illuminate\\Http\\Request), Object(Closure))
#48 E:\\freelancing\\local\\zaheer\\alshaafi\\vendor\\laravel\\framework\\src\\Illuminate\\Pipeline\\Pipeline.php(183): Illuminate\\Foundation\\Http\\Middleware\\ConvertEmptyStringsToNull->handle(Object(Illuminate\\Http\\Request), Object(Closure))
#49 E:\\freelancing\\local\\zaheer\\alshaafi\\vendor\\laravel\\framework\\src\\Illuminate\\Foundation\\Http\\Middleware\\TransformsRequest.php(21): Illuminate\\Pipeline\\Pipeline->Illuminate\\Pipeline\\{closure}(Object(Illuminate\\Http\\Request))
#50 E:\\freelancing\\local\\zaheer\\alshaafi\\vendor\\laravel\\framework\\src\\Illuminate\\Foundation\\Http\\Middleware\\TrimStrings.php(51): Illuminate\\Foundation\\Http\\Middleware\\TransformsRequest->handle(Object(Illuminate\\Http\\Request), Object(Closure))
#51 E:\\freelancing\\local\\zaheer\\alshaafi\\vendor\\laravel\\framework\\src\\Illuminate\\Pipeline\\Pipeline.php(183): Illuminate\\Foundation\\Http\\Middleware\\TrimStrings->handle(Object(Illuminate\\Http\\Request), Object(Closure))
#52 E:\\freelancing\\local\\zaheer\\alshaafi\\vendor\\laravel\\framework\\src\\Illuminate\\Http\\Middleware\\ValidatePostSize.php(27): Illuminate\\Pipeline\\Pipeline->Illuminate\\Pipeline\\{closure}(Object(Illuminate\\Http\\Request))
#53 E:\\freelancing\\local\\zaheer\\alshaafi\\vendor\\laravel\\framework\\src\\Illuminate\\Pipeline\\Pipeline.php(183): Illuminate\\Http\\Middleware\\ValidatePostSize->handle(Object(Illuminate\\Http\\Request), Object(Closure))
#54 E:\\freelancing\\local\\zaheer\\alshaafi\\vendor\\laravel\\framework\\src\\Illuminate\\Foundation\\Http\\Middleware\\PreventRequestsDuringMaintenance.php(110): Illuminate\\Pipeline\\Pipeline->Illuminate\\Pipeline\\{closure}(Object(Illuminate\\Http\\Request))
#55 E:\\freelancing\\local\\zaheer\\alshaafi\\vendor\\laravel\\framework\\src\\Illuminate\\Pipeline\\Pipeline.php(183): Illuminate\\Foundation\\Http\\Middleware\\PreventRequestsDuringMaintenance->handle(Object(Illuminate\\Http\\Request), Object(Closure))
#56 E:\\freelancing\\local\\zaheer\\alshaafi\\vendor\\laravel\\framework\\src\\Illuminate\\Http\\Middleware\\HandleCors.php(49): Illuminate\\Pipeline\\Pipeline->Illuminate\\Pipeline\\{closure}(Object(Illuminate\\Http\\Request))
#57 E:\\freelancing\\local\\zaheer\\alshaafi\\vendor\\laravel\\framework\\src\\Illuminate\\Pipeline\\Pipeline.php(183): Illuminate\\Http\\Middleware\\HandleCors->handle(Object(Illuminate\\Http\\Request), Object(Closure))
#58 E:\\freelancing\\local\\zaheer\\alshaafi\\vendor\\laravel\\framework\\src\\Illuminate\\Http\\Middleware\\TrustProxies.php(57): Illuminate\\Pipeline\\Pipeline->Illuminate\\Pipeline\\{closure}(Object(Illuminate\\Http\\Request))
#59 E:\\freelancing\\local\\zaheer\\alshaafi\\vendor\\laravel\\framework\\src\\Illuminate\\Pipeline\\Pipeline.php(183): Illuminate\\Http\\Middleware\\TrustProxies->handle(Object(Illuminate\\Http\\Request), Object(Closure))
#60 E:\\freelancing\\local\\zaheer\\alshaafi\\vendor\\laravel\\framework\\src\\Illuminate\\Pipeline\\Pipeline.php(119): Illuminate\\Pipeline\\Pipeline->Illuminate\\Pipeline\\{closure}(Object(Illuminate\\Http\\Request))
#61 E:\\freelancing\\local\\zaheer\\alshaafi\\vendor\\laravel\\framework\\src\\Illuminate\\Foundation\\Http\\Kernel.php(175): Illuminate\\Pipeline\\Pipeline->then(Object(Closure))
#62 E:\\freelancing\\local\\zaheer\\alshaafi\\vendor\\laravel\\framework\\src\\Illuminate\\Foundation\\Http\\Kernel.php(144): Illuminate\\Foundation\\Http\\Kernel->sendRequestThroughRouter(Object(Illuminate\\Http\\Request))
#63 E:\\freelancing\\local\\zaheer\\alshaafi\\vendor\\laravel\\framework\\src\\Illuminate\\Foundation\\Application.php(1188): Illuminate\\Foundation\\Http\\Kernel->handle(Object(Illuminate\\Http\\Request))
#64 E:\\freelancing\\local\\zaheer\\alshaafi\\public\\index.php(17): Illuminate\\Foundation\\Application->handleRequest(Object(Illuminate\\Http\\Request))
#65 E:\\freelancing\\local\\zaheer\\alshaafi\\vendor\\laravel\\framework\\src\\Illuminate\\Foundation\\resources\\server.php(23): require_once('E:\\\\freelancing\\\\...')
#66 {main}
"} 
[2025-07-03 13:08:59] local.ERROR: SQLSTATE[42S22]: Column not found: 1054 Unknown column 'rating' in 'order clause' (Connection: mysql, SQL: select * from `products` where `country_id` = 3 order by `rating` desc limit 16 offset 0) {"exception":"[object] (Illuminate\\Database\\QueryException(code: 42S22): SQLSTATE[42S22]: Column not found: 1054 Unknown column 'rating' in 'order clause' (Connection: mysql, SQL: select * from `products` where `country_id` = 3 order by `rating` desc limit 16 offset 0) at E:\\freelancing\\local\\zaheer\\alshaafi\\vendor\\laravel\\framework\\src\\Illuminate\\Database\\Connection.php:813)
[stacktrace]
#0 E:\\freelancing\\local\\zaheer\\alshaafi\\vendor\\laravel\\framework\\src\\Illuminate\\Database\\Connection.php(767): Illuminate\\Database\\Connection->runQueryCallback('select * from `...', Array, Object(Closure))
#1 E:\\freelancing\\local\\zaheer\\alshaafi\\vendor\\laravel\\framework\\src\\Illuminate\\Database\\Connection.php(398): Illuminate\\Database\\Connection->run('select * from `...', Array, Object(Closure))
#2 E:\\freelancing\\local\\zaheer\\alshaafi\\vendor\\laravel\\framework\\src\\Illuminate\\Database\\Query\\Builder.php(2996): Illuminate\\Database\\Connection->select('select * from `...', Array, true)
#3 E:\\freelancing\\local\\zaheer\\alshaafi\\vendor\\laravel\\framework\\src\\Illuminate\\Database\\Query\\Builder.php(2981): Illuminate\\Database\\Query\\Builder->runSelect()
#4 E:\\freelancing\\local\\zaheer\\alshaafi\\vendor\\laravel\\framework\\src\\Illuminate\\Database\\Query\\Builder.php(3569): Illuminate\\Database\\Query\\Builder->Illuminate\\Database\\Query\\{closure}()
#5 E:\\freelancing\\local\\zaheer\\alshaafi\\vendor\\laravel\\framework\\src\\Illuminate\\Database\\Query\\Builder.php(2980): Illuminate\\Database\\Query\\Builder->onceWithColumns(Array, Object(Closure))
#6 E:\\freelancing\\local\\zaheer\\alshaafi\\vendor\\laravel\\framework\\src\\Illuminate\\Database\\Eloquent\\Builder.php(759): Illuminate\\Database\\Query\\Builder->get(Array)
#7 E:\\freelancing\\local\\zaheer\\alshaafi\\vendor\\laravel\\framework\\src\\Illuminate\\Database\\Eloquent\\Builder.php(741): Illuminate\\Database\\Eloquent\\Builder->getModels(Array)
#8 E:\\freelancing\\local\\zaheer\\alshaafi\\vendor\\laravel\\framework\\src\\Illuminate\\Database\\Eloquent\\Builder.php(985): Illuminate\\Database\\Eloquent\\Builder->get(Array)
#9 E:\\freelancing\\local\\zaheer\\alshaafi\\app\\Http\\Controllers\\WebController.php(115): Illuminate\\Database\\Eloquent\\Builder->paginate(16)
#10 E:\\freelancing\\local\\zaheer\\alshaafi\\vendor\\laravel\\framework\\src\\Illuminate\\Routing\\ControllerDispatcher.php(46): App\\Http\\Controllers\\WebController->products()
#11 E:\\freelancing\\local\\zaheer\\alshaafi\\vendor\\laravel\\framework\\src\\Illuminate\\Routing\\Route.php(260): Illuminate\\Routing\\ControllerDispatcher->dispatch(Object(Illuminate\\Routing\\Route), Object(App\\Http\\Controllers\\WebController), 'products')
#12 E:\\freelancing\\local\\zaheer\\alshaafi\\vendor\\laravel\\framework\\src\\Illuminate\\Routing\\Route.php(206): Illuminate\\Routing\\Route->runController()
#13 E:\\freelancing\\local\\zaheer\\alshaafi\\vendor\\laravel\\framework\\src\\Illuminate\\Routing\\Router.php(808): Illuminate\\Routing\\Route->run()
#14 E:\\freelancing\\local\\zaheer\\alshaafi\\vendor\\laravel\\framework\\src\\Illuminate\\Pipeline\\Pipeline.php(144): Illuminate\\Routing\\Router->Illuminate\\Routing\\{closure}(Object(Illuminate\\Http\\Request))
#15 E:\\freelancing\\local\\zaheer\\alshaafi\\app\\Http\\Middleware\\SetLocaleAndCountry.php(56): Illuminate\\Pipeline\\Pipeline->Illuminate\\Pipeline\\{closure}(Object(Illuminate\\Http\\Request))
#16 E:\\freelancing\\local\\zaheer\\alshaafi\\vendor\\laravel\\framework\\src\\Illuminate\\Pipeline\\Pipeline.php(183): App\\Http\\Middleware\\SetLocaleAndCountry->handle(Object(Illuminate\\Http\\Request), Object(Closure))
#17 E:\\freelancing\\local\\zaheer\\alshaafi\\vendor\\laravel\\framework\\src\\Illuminate\\Routing\\Middleware\\SubstituteBindings.php(50): Illuminate\\Pipeline\\Pipeline->Illuminate\\Pipeline\\{closure}(Object(Illuminate\\Http\\Request))
#18 E:\\freelancing\\local\\zaheer\\alshaafi\\vendor\\laravel\\framework\\src\\Illuminate\\Pipeline\\Pipeline.php(183): Illuminate\\Routing\\Middleware\\SubstituteBindings->handle(Object(Illuminate\\Http\\Request), Object(Closure))
#19 E:\\freelancing\\local\\zaheer\\alshaafi\\vendor\\laravel\\framework\\src\\Illuminate\\Foundation\\Http\\Middleware\\VerifyCsrfToken.php(88): Illuminate\\Pipeline\\Pipeline->Illuminate\\Pipeline\\{closure}(Object(Illuminate\\Http\\Request))
#20 E:\\freelancing\\local\\zaheer\\alshaafi\\vendor\\laravel\\framework\\src\\Illuminate\\Pipeline\\Pipeline.php(183): Illuminate\\Foundation\\Http\\Middleware\\VerifyCsrfToken->handle(Object(Illuminate\\Http\\Request), Object(Closure))
#21 E:\\freelancing\\local\\zaheer\\alshaafi\\vendor\\laravel\\framework\\src\\Illuminate\\View\\Middleware\\ShareErrorsFromSession.php(49): Illuminate\\Pipeline\\Pipeline->Illuminate\\Pipeline\\{closure}(Object(Illuminate\\Http\\Request))
#22 E:\\freelancing\\local\\zaheer\\alshaafi\\vendor\\laravel\\framework\\src\\Illuminate\\Pipeline\\Pipeline.php(183): Illuminate\\View\\Middleware\\ShareErrorsFromSession->handle(Object(Illuminate\\Http\\Request), Object(Closure))
#23 E:\\freelancing\\local\\zaheer\\alshaafi\\vendor\\laravel\\framework\\src\\Illuminate\\Session\\Middleware\\StartSession.php(121): Illuminate\\Pipeline\\Pipeline->Illuminate\\Pipeline\\{closure}(Object(Illuminate\\Http\\Request))
#24 E:\\freelancing\\local\\zaheer\\alshaafi\\vendor\\laravel\\framework\\src\\Illuminate\\Session\\Middleware\\StartSession.php(64): Illuminate\\Session\\Middleware\\StartSession->handleStatefulRequest(Object(Illuminate\\Http\\Request), Object(Illuminate\\Session\\Store), Object(Closure))
#25 E:\\freelancing\\local\\zaheer\\alshaafi\\vendor\\laravel\\framework\\src\\Illuminate\\Pipeline\\Pipeline.php(183): Illuminate\\Session\\Middleware\\StartSession->handle(Object(Illuminate\\Http\\Request), Object(Closure))
#26 E:\\freelancing\\local\\zaheer\\alshaafi\\vendor\\laravel\\framework\\src\\Illuminate\\Cookie\\Middleware\\AddQueuedCookiesToResponse.php(37): Illuminate\\Pipeline\\Pipeline->Illuminate\\Pipeline\\{closure}(Object(Illuminate\\Http\\Request))
#27 E:\\freelancing\\local\\zaheer\\alshaafi\\vendor\\laravel\\framework\\src\\Illuminate\\Pipeline\\Pipeline.php(183): Illuminate\\Cookie\\Middleware\\AddQueuedCookiesToResponse->handle(Object(Illuminate\\Http\\Request), Object(Closure))
#28 E:\\freelancing\\local\\zaheer\\alshaafi\\vendor\\laravel\\framework\\src\\Illuminate\\Cookie\\Middleware\\EncryptCookies.php(75): Illuminate\\Pipeline\\Pipeline->Illuminate\\Pipeline\\{closure}(Object(Illuminate\\Http\\Request))
#29 E:\\freelancing\\local\\zaheer\\alshaafi\\vendor\\laravel\\framework\\src\\Illuminate\\Pipeline\\Pipeline.php(183): Illuminate\\Cookie\\Middleware\\EncryptCookies->handle(Object(Illuminate\\Http\\Request), Object(Closure))
#30 E:\\freelancing\\local\\zaheer\\alshaafi\\vendor\\laravel\\framework\\src\\Illuminate\\Pipeline\\Pipeline.php(119): Illuminate\\Pipeline\\Pipeline->Illuminate\\Pipeline\\{closure}(Object(Illuminate\\Http\\Request))
#31 E:\\freelancing\\local\\zaheer\\alshaafi\\vendor\\laravel\\framework\\src\\Illuminate\\Routing\\Router.php(807): Illuminate\\Pipeline\\Pipeline->then(Object(Closure))
#32 E:\\freelancing\\local\\zaheer\\alshaafi\\vendor\\laravel\\framework\\src\\Illuminate\\Routing\\Router.php(786): Illuminate\\Routing\\Router->runRouteWithinStack(Object(Illuminate\\Routing\\Route), Object(Illuminate\\Http\\Request))
#33 E:\\freelancing\\local\\zaheer\\alshaafi\\vendor\\laravel\\framework\\src\\Illuminate\\Routing\\Router.php(750): Illuminate\\Routing\\Router->runRoute(Object(Illuminate\\Http\\Request), Object(Illuminate\\Routing\\Route))
#34 E:\\freelancing\\local\\zaheer\\alshaafi\\vendor\\laravel\\framework\\src\\Illuminate\\Routing\\Router.php(739): Illuminate\\Routing\\Router->dispatchToRoute(Object(Illuminate\\Http\\Request))
#35 E:\\freelancing\\local\\zaheer\\alshaafi\\vendor\\laravel\\framework\\src\\Illuminate\\Foundation\\Http\\Kernel.php(200): Illuminate\\Routing\\Router->dispatch(Object(Illuminate\\Http\\Request))
#36 E:\\freelancing\\local\\zaheer\\alshaafi\\vendor\\laravel\\framework\\src\\Illuminate\\Pipeline\\Pipeline.php(144): Illuminate\\Foundation\\Http\\Kernel->Illuminate\\Foundation\\Http\\{closure}(Object(Illuminate\\Http\\Request))
#37 E:\\freelancing\\local\\zaheer\\alshaafi\\vendor\\livewire\\livewire\\src\\Features\\SupportDisablingBackButtonCache\\DisableBackButtonCacheMiddleware.php(19): Illuminate\\Pipeline\\Pipeline->Illuminate\\Pipeline\\{closure}(Object(Illuminate\\Http\\Request))
#38 E:\\freelancing\\local\\zaheer\\alshaafi\\vendor\\laravel\\framework\\src\\Illuminate\\Pipeline\\Pipeline.php(183): Livewire\\Features\\SupportDisablingBackButtonCache\\DisableBackButtonCacheMiddleware->handle(Object(Illuminate\\Http\\Request), Object(Closure))
#39 E:\\freelancing\\local\\zaheer\\alshaafi\\vendor\\laravel\\framework\\src\\Illuminate\\Foundation\\Http\\Middleware\\TransformsRequest.php(21): Illuminate\\Pipeline\\Pipeline->Illuminate\\Pipeline\\{closure}(Object(Illuminate\\Http\\Request))
#40 E:\\freelancing\\local\\zaheer\\alshaafi\\vendor\\laravel\\framework\\src\\Illuminate\\Foundation\\Http\\Middleware\\ConvertEmptyStringsToNull.php(31): Illuminate\\Foundation\\Http\\Middleware\\TransformsRequest->handle(Object(Illuminate\\Http\\Request), Object(Closure))
#41 E:\\freelancing\\local\\zaheer\\alshaafi\\vendor\\laravel\\framework\\src\\Illuminate\\Pipeline\\Pipeline.php(183): Illuminate\\Foundation\\Http\\Middleware\\ConvertEmptyStringsToNull->handle(Object(Illuminate\\Http\\Request), Object(Closure))
#42 E:\\freelancing\\local\\zaheer\\alshaafi\\vendor\\laravel\\framework\\src\\Illuminate\\Foundation\\Http\\Middleware\\TransformsRequest.php(21): Illuminate\\Pipeline\\Pipeline->Illuminate\\Pipeline\\{closure}(Object(Illuminate\\Http\\Request))
#43 E:\\freelancing\\local\\zaheer\\alshaafi\\vendor\\laravel\\framework\\src\\Illuminate\\Foundation\\Http\\Middleware\\TrimStrings.php(51): Illuminate\\Foundation\\Http\\Middleware\\TransformsRequest->handle(Object(Illuminate\\Http\\Request), Object(Closure))
#44 E:\\freelancing\\local\\zaheer\\alshaafi\\vendor\\laravel\\framework\\src\\Illuminate\\Pipeline\\Pipeline.php(183): Illuminate\\Foundation\\Http\\Middleware\\TrimStrings->handle(Object(Illuminate\\Http\\Request), Object(Closure))
#45 E:\\freelancing\\local\\zaheer\\alshaafi\\vendor\\laravel\\framework\\src\\Illuminate\\Http\\Middleware\\ValidatePostSize.php(27): Illuminate\\Pipeline\\Pipeline->Illuminate\\Pipeline\\{closure}(Object(Illuminate\\Http\\Request))
#46 E:\\freelancing\\local\\zaheer\\alshaafi\\vendor\\laravel\\framework\\src\\Illuminate\\Pipeline\\Pipeline.php(183): Illuminate\\Http\\Middleware\\ValidatePostSize->handle(Object(Illuminate\\Http\\Request), Object(Closure))
#47 E:\\freelancing\\local\\zaheer\\alshaafi\\vendor\\laravel\\framework\\src\\Illuminate\\Foundation\\Http\\Middleware\\PreventRequestsDuringMaintenance.php(110): Illuminate\\Pipeline\\Pipeline->Illuminate\\Pipeline\\{closure}(Object(Illuminate\\Http\\Request))
#48 E:\\freelancing\\local\\zaheer\\alshaafi\\vendor\\laravel\\framework\\src\\Illuminate\\Pipeline\\Pipeline.php(183): Illuminate\\Foundation\\Http\\Middleware\\PreventRequestsDuringMaintenance->handle(Object(Illuminate\\Http\\Request), Object(Closure))
#49 E:\\freelancing\\local\\zaheer\\alshaafi\\vendor\\laravel\\framework\\src\\Illuminate\\Http\\Middleware\\HandleCors.php(49): Illuminate\\Pipeline\\Pipeline->Illuminate\\Pipeline\\{closure}(Object(Illuminate\\Http\\Request))
#50 E:\\freelancing\\local\\zaheer\\alshaafi\\vendor\\laravel\\framework\\src\\Illuminate\\Pipeline\\Pipeline.php(183): Illuminate\\Http\\Middleware\\HandleCors->handle(Object(Illuminate\\Http\\Request), Object(Closure))
#51 E:\\freelancing\\local\\zaheer\\alshaafi\\vendor\\laravel\\framework\\src\\Illuminate\\Http\\Middleware\\TrustProxies.php(57): Illuminate\\Pipeline\\Pipeline->Illuminate\\Pipeline\\{closure}(Object(Illuminate\\Http\\Request))
#52 E:\\freelancing\\local\\zaheer\\alshaafi\\vendor\\laravel\\framework\\src\\Illuminate\\Pipeline\\Pipeline.php(183): Illuminate\\Http\\Middleware\\TrustProxies->handle(Object(Illuminate\\Http\\Request), Object(Closure))
#53 E:\\freelancing\\local\\zaheer\\alshaafi\\vendor\\laravel\\framework\\src\\Illuminate\\Pipeline\\Pipeline.php(119): Illuminate\\Pipeline\\Pipeline->Illuminate\\Pipeline\\{closure}(Object(Illuminate\\Http\\Request))
#54 E:\\freelancing\\local\\zaheer\\alshaafi\\vendor\\laravel\\framework\\src\\Illuminate\\Foundation\\Http\\Kernel.php(175): Illuminate\\Pipeline\\Pipeline->then(Object(Closure))
#55 E:\\freelancing\\local\\zaheer\\alshaafi\\vendor\\laravel\\framework\\src\\Illuminate\\Foundation\\Http\\Kernel.php(144): Illuminate\\Foundation\\Http\\Kernel->sendRequestThroughRouter(Object(Illuminate\\Http\\Request))
#56 E:\\freelancing\\local\\zaheer\\alshaafi\\vendor\\laravel\\framework\\src\\Illuminate\\Foundation\\Application.php(1188): Illuminate\\Foundation\\Http\\Kernel->handle(Object(Illuminate\\Http\\Request))
#57 E:\\freelancing\\local\\zaheer\\alshaafi\\public\\index.php(17): Illuminate\\Foundation\\Application->handleRequest(Object(Illuminate\\Http\\Request))
#58 E:\\freelancing\\local\\zaheer\\alshaafi\\vendor\\laravel\\framework\\src\\Illuminate\\Foundation\\resources\\server.php(23): require_once('E:\\\\freelancing\\\\...')
#59 {main}

[previous exception] [object] (PDOException(code: 42S22): SQLSTATE[42S22]: Column not found: 1054 Unknown column 'rating' in 'order clause' at E:\\freelancing\\local\\zaheer\\alshaafi\\vendor\\laravel\\framework\\src\\Illuminate\\Database\\Connection.php:407)
[stacktrace]
#0 E:\\freelancing\\local\\zaheer\\alshaafi\\vendor\\laravel\\framework\\src\\Illuminate\\Database\\Connection.php(407): PDO->prepare('select * from `...')
#1 E:\\freelancing\\local\\zaheer\\alshaafi\\vendor\\laravel\\framework\\src\\Illuminate\\Database\\Connection.php(800): Illuminate\\Database\\Connection->Illuminate\\Database\\{closure}('select * from `...', Array)
#2 E:\\freelancing\\local\\zaheer\\alshaafi\\vendor\\laravel\\framework\\src\\Illuminate\\Database\\Connection.php(767): Illuminate\\Database\\Connection->runQueryCallback('select * from `...', Array, Object(Closure))
#3 E:\\freelancing\\local\\zaheer\\alshaafi\\vendor\\laravel\\framework\\src\\Illuminate\\Database\\Connection.php(398): Illuminate\\Database\\Connection->run('select * from `...', Array, Object(Closure))
#4 E:\\freelancing\\local\\zaheer\\alshaafi\\vendor\\laravel\\framework\\src\\Illuminate\\Database\\Query\\Builder.php(2996): Illuminate\\Database\\Connection->select('select * from `...', Array, true)
#5 E:\\freelancing\\local\\zaheer\\alshaafi\\vendor\\laravel\\framework\\src\\Illuminate\\Database\\Query\\Builder.php(2981): Illuminate\\Database\\Query\\Builder->runSelect()
#6 E:\\freelancing\\local\\zaheer\\alshaafi\\vendor\\laravel\\framework\\src\\Illuminate\\Database\\Query\\Builder.php(3569): Illuminate\\Database\\Query\\Builder->Illuminate\\Database\\Query\\{closure}()
#7 E:\\freelancing\\local\\zaheer\\alshaafi\\vendor\\laravel\\framework\\src\\Illuminate\\Database\\Query\\Builder.php(2980): Illuminate\\Database\\Query\\Builder->onceWithColumns(Array, Object(Closure))
#8 E:\\freelancing\\local\\zaheer\\alshaafi\\vendor\\laravel\\framework\\src\\Illuminate\\Database\\Eloquent\\Builder.php(759): Illuminate\\Database\\Query\\Builder->get(Array)
#9 E:\\freelancing\\local\\zaheer\\alshaafi\\vendor\\laravel\\framework\\src\\Illuminate\\Database\\Eloquent\\Builder.php(741): Illuminate\\Database\\Eloquent\\Builder->getModels(Array)
#10 E:\\freelancing\\local\\zaheer\\alshaafi\\vendor\\laravel\\framework\\src\\Illuminate\\Database\\Eloquent\\Builder.php(985): Illuminate\\Database\\Eloquent\\Builder->get(Array)
#11 E:\\freelancing\\local\\zaheer\\alshaafi\\app\\Http\\Controllers\\WebController.php(115): Illuminate\\Database\\Eloquent\\Builder->paginate(16)
#12 E:\\freelancing\\local\\zaheer\\alshaafi\\vendor\\laravel\\framework\\src\\Illuminate\\Routing\\ControllerDispatcher.php(46): App\\Http\\Controllers\\WebController->products()
#13 E:\\freelancing\\local\\zaheer\\alshaafi\\vendor\\laravel\\framework\\src\\Illuminate\\Routing\\Route.php(260): Illuminate\\Routing\\ControllerDispatcher->dispatch(Object(Illuminate\\Routing\\Route), Object(App\\Http\\Controllers\\WebController), 'products')
#14 E:\\freelancing\\local\\zaheer\\alshaafi\\vendor\\laravel\\framework\\src\\Illuminate\\Routing\\Route.php(206): Illuminate\\Routing\\Route->runController()
#15 E:\\freelancing\\local\\zaheer\\alshaafi\\vendor\\laravel\\framework\\src\\Illuminate\\Routing\\Router.php(808): Illuminate\\Routing\\Route->run()
#16 E:\\freelancing\\local\\zaheer\\alshaafi\\vendor\\laravel\\framework\\src\\Illuminate\\Pipeline\\Pipeline.php(144): Illuminate\\Routing\\Router->Illuminate\\Routing\\{closure}(Object(Illuminate\\Http\\Request))
#17 E:\\freelancing\\local\\zaheer\\alshaafi\\app\\Http\\Middleware\\SetLocaleAndCountry.php(56): Illuminate\\Pipeline\\Pipeline->Illuminate\\Pipeline\\{closure}(Object(Illuminate\\Http\\Request))
#18 E:\\freelancing\\local\\zaheer\\alshaafi\\vendor\\laravel\\framework\\src\\Illuminate\\Pipeline\\Pipeline.php(183): App\\Http\\Middleware\\SetLocaleAndCountry->handle(Object(Illuminate\\Http\\Request), Object(Closure))
#19 E:\\freelancing\\local\\zaheer\\alshaafi\\vendor\\laravel\\framework\\src\\Illuminate\\Routing\\Middleware\\SubstituteBindings.php(50): Illuminate\\Pipeline\\Pipeline->Illuminate\\Pipeline\\{closure}(Object(Illuminate\\Http\\Request))
#20 E:\\freelancing\\local\\zaheer\\alshaafi\\vendor\\laravel\\framework\\src\\Illuminate\\Pipeline\\Pipeline.php(183): Illuminate\\Routing\\Middleware\\SubstituteBindings->handle(Object(Illuminate\\Http\\Request), Object(Closure))
#21 E:\\freelancing\\local\\zaheer\\alshaafi\\vendor\\laravel\\framework\\src\\Illuminate\\Foundation\\Http\\Middleware\\VerifyCsrfToken.php(88): Illuminate\\Pipeline\\Pipeline->Illuminate\\Pipeline\\{closure}(Object(Illuminate\\Http\\Request))
#22 E:\\freelancing\\local\\zaheer\\alshaafi\\vendor\\laravel\\framework\\src\\Illuminate\\Pipeline\\Pipeline.php(183): Illuminate\\Foundation\\Http\\Middleware\\VerifyCsrfToken->handle(Object(Illuminate\\Http\\Request), Object(Closure))
#23 E:\\freelancing\\local\\zaheer\\alshaafi\\vendor\\laravel\\framework\\src\\Illuminate\\View\\Middleware\\ShareErrorsFromSession.php(49): Illuminate\\Pipeline\\Pipeline->Illuminate\\Pipeline\\{closure}(Object(Illuminate\\Http\\Request))
#24 E:\\freelancing\\local\\zaheer\\alshaafi\\vendor\\laravel\\framework\\src\\Illuminate\\Pipeline\\Pipeline.php(183): Illuminate\\View\\Middleware\\ShareErrorsFromSession->handle(Object(Illuminate\\Http\\Request), Object(Closure))
#25 E:\\freelancing\\local\\zaheer\\alshaafi\\vendor\\laravel\\framework\\src\\Illuminate\\Session\\Middleware\\StartSession.php(121): Illuminate\\Pipeline\\Pipeline->Illuminate\\Pipeline\\{closure}(Object(Illuminate\\Http\\Request))
#26 E:\\freelancing\\local\\zaheer\\alshaafi\\vendor\\laravel\\framework\\src\\Illuminate\\Session\\Middleware\\StartSession.php(64): Illuminate\\Session\\Middleware\\StartSession->handleStatefulRequest(Object(Illuminate\\Http\\Request), Object(Illuminate\\Session\\Store), Object(Closure))
#27 E:\\freelancing\\local\\zaheer\\alshaafi\\vendor\\laravel\\framework\\src\\Illuminate\\Pipeline\\Pipeline.php(183): Illuminate\\Session\\Middleware\\StartSession->handle(Object(Illuminate\\Http\\Request), Object(Closure))
#28 E:\\freelancing\\local\\zaheer\\alshaafi\\vendor\\laravel\\framework\\src\\Illuminate\\Cookie\\Middleware\\AddQueuedCookiesToResponse.php(37): Illuminate\\Pipeline\\Pipeline->Illuminate\\Pipeline\\{closure}(Object(Illuminate\\Http\\Request))
#29 E:\\freelancing\\local\\zaheer\\alshaafi\\vendor\\laravel\\framework\\src\\Illuminate\\Pipeline\\Pipeline.php(183): Illuminate\\Cookie\\Middleware\\AddQueuedCookiesToResponse->handle(Object(Illuminate\\Http\\Request), Object(Closure))
#30 E:\\freelancing\\local\\zaheer\\alshaafi\\vendor\\laravel\\framework\\src\\Illuminate\\Cookie\\Middleware\\EncryptCookies.php(75): Illuminate\\Pipeline\\Pipeline->Illuminate\\Pipeline\\{closure}(Object(Illuminate\\Http\\Request))
#31 E:\\freelancing\\local\\zaheer\\alshaafi\\vendor\\laravel\\framework\\src\\Illuminate\\Pipeline\\Pipeline.php(183): Illuminate\\Cookie\\Middleware\\EncryptCookies->handle(Object(Illuminate\\Http\\Request), Object(Closure))
#32 E:\\freelancing\\local\\zaheer\\alshaafi\\vendor\\laravel\\framework\\src\\Illuminate\\Pipeline\\Pipeline.php(119): Illuminate\\Pipeline\\Pipeline->Illuminate\\Pipeline\\{closure}(Object(Illuminate\\Http\\Request))
#33 E:\\freelancing\\local\\zaheer\\alshaafi\\vendor\\laravel\\framework\\src\\Illuminate\\Routing\\Router.php(807): Illuminate\\Pipeline\\Pipeline->then(Object(Closure))
#34 E:\\freelancing\\local\\zaheer\\alshaafi\\vendor\\laravel\\framework\\src\\Illuminate\\Routing\\Router.php(786): Illuminate\\Routing\\Router->runRouteWithinStack(Object(Illuminate\\Routing\\Route), Object(Illuminate\\Http\\Request))
#35 E:\\freelancing\\local\\zaheer\\alshaafi\\vendor\\laravel\\framework\\src\\Illuminate\\Routing\\Router.php(750): Illuminate\\Routing\\Router->runRoute(Object(Illuminate\\Http\\Request), Object(Illuminate\\Routing\\Route))
#36 E:\\freelancing\\local\\zaheer\\alshaafi\\vendor\\laravel\\framework\\src\\Illuminate\\Routing\\Router.php(739): Illuminate\\Routing\\Router->dispatchToRoute(Object(Illuminate\\Http\\Request))
#37 E:\\freelancing\\local\\zaheer\\alshaafi\\vendor\\laravel\\framework\\src\\Illuminate\\Foundation\\Http\\Kernel.php(200): Illuminate\\Routing\\Router->dispatch(Object(Illuminate\\Http\\Request))
#38 E:\\freelancing\\local\\zaheer\\alshaafi\\vendor\\laravel\\framework\\src\\Illuminate\\Pipeline\\Pipeline.php(144): Illuminate\\Foundation\\Http\\Kernel->Illuminate\\Foundation\\Http\\{closure}(Object(Illuminate\\Http\\Request))
#39 E:\\freelancing\\local\\zaheer\\alshaafi\\vendor\\livewire\\livewire\\src\\Features\\SupportDisablingBackButtonCache\\DisableBackButtonCacheMiddleware.php(19): Illuminate\\Pipeline\\Pipeline->Illuminate\\Pipeline\\{closure}(Object(Illuminate\\Http\\Request))
#40 E:\\freelancing\\local\\zaheer\\alshaafi\\vendor\\laravel\\framework\\src\\Illuminate\\Pipeline\\Pipeline.php(183): Livewire\\Features\\SupportDisablingBackButtonCache\\DisableBackButtonCacheMiddleware->handle(Object(Illuminate\\Http\\Request), Object(Closure))
#41 E:\\freelancing\\local\\zaheer\\alshaafi\\vendor\\laravel\\framework\\src\\Illuminate\\Foundation\\Http\\Middleware\\TransformsRequest.php(21): Illuminate\\Pipeline\\Pipeline->Illuminate\\Pipeline\\{closure}(Object(Illuminate\\Http\\Request))
#42 E:\\freelancing\\local\\zaheer\\alshaafi\\vendor\\laravel\\framework\\src\\Illuminate\\Foundation\\Http\\Middleware\\ConvertEmptyStringsToNull.php(31): Illuminate\\Foundation\\Http\\Middleware\\TransformsRequest->handle(Object(Illuminate\\Http\\Request), Object(Closure))
#43 E:\\freelancing\\local\\zaheer\\alshaafi\\vendor\\laravel\\framework\\src\\Illuminate\\Pipeline\\Pipeline.php(183): Illuminate\\Foundation\\Http\\Middleware\\ConvertEmptyStringsToNull->handle(Object(Illuminate\\Http\\Request), Object(Closure))
#44 E:\\freelancing\\local\\zaheer\\alshaafi\\vendor\\laravel\\framework\\src\\Illuminate\\Foundation\\Http\\Middleware\\TransformsRequest.php(21): Illuminate\\Pipeline\\Pipeline->Illuminate\\Pipeline\\{closure}(Object(Illuminate\\Http\\Request))
#45 E:\\freelancing\\local\\zaheer\\alshaafi\\vendor\\laravel\\framework\\src\\Illuminate\\Foundation\\Http\\Middleware\\TrimStrings.php(51): Illuminate\\Foundation\\Http\\Middleware\\TransformsRequest->handle(Object(Illuminate\\Http\\Request), Object(Closure))
#46 E:\\freelancing\\local\\zaheer\\alshaafi\\vendor\\laravel\\framework\\src\\Illuminate\\Pipeline\\Pipeline.php(183): Illuminate\\Foundation\\Http\\Middleware\\TrimStrings->handle(Object(Illuminate\\Http\\Request), Object(Closure))
#47 E:\\freelancing\\local\\zaheer\\alshaafi\\vendor\\laravel\\framework\\src\\Illuminate\\Http\\Middleware\\ValidatePostSize.php(27): Illuminate\\Pipeline\\Pipeline->Illuminate\\Pipeline\\{closure}(Object(Illuminate\\Http\\Request))
#48 E:\\freelancing\\local\\zaheer\\alshaafi\\vendor\\laravel\\framework\\src\\Illuminate\\Pipeline\\Pipeline.php(183): Illuminate\\Http\\Middleware\\ValidatePostSize->handle(Object(Illuminate\\Http\\Request), Object(Closure))
#49 E:\\freelancing\\local\\zaheer\\alshaafi\\vendor\\laravel\\framework\\src\\Illuminate\\Foundation\\Http\\Middleware\\PreventRequestsDuringMaintenance.php(110): Illuminate\\Pipeline\\Pipeline->Illuminate\\Pipeline\\{closure}(Object(Illuminate\\Http\\Request))
#50 E:\\freelancing\\local\\zaheer\\alshaafi\\vendor\\laravel\\framework\\src\\Illuminate\\Pipeline\\Pipeline.php(183): Illuminate\\Foundation\\Http\\Middleware\\PreventRequestsDuringMaintenance->handle(Object(Illuminate\\Http\\Request), Object(Closure))
#51 E:\\freelancing\\local\\zaheer\\alshaafi\\vendor\\laravel\\framework\\src\\Illuminate\\Http\\Middleware\\HandleCors.php(49): Illuminate\\Pipeline\\Pipeline->Illuminate\\Pipeline\\{closure}(Object(Illuminate\\Http\\Request))
#52 E:\\freelancing\\local\\zaheer\\alshaafi\\vendor\\laravel\\framework\\src\\Illuminate\\Pipeline\\Pipeline.php(183): Illuminate\\Http\\Middleware\\HandleCors->handle(Object(Illuminate\\Http\\Request), Object(Closure))
#53 E:\\freelancing\\local\\zaheer\\alshaafi\\vendor\\laravel\\framework\\src\\Illuminate\\Http\\Middleware\\TrustProxies.php(57): Illuminate\\Pipeline\\Pipeline->Illuminate\\Pipeline\\{closure}(Object(Illuminate\\Http\\Request))
#54 E:\\freelancing\\local\\zaheer\\alshaafi\\vendor\\laravel\\framework\\src\\Illuminate\\Pipeline\\Pipeline.php(183): Illuminate\\Http\\Middleware\\TrustProxies->handle(Object(Illuminate\\Http\\Request), Object(Closure))
#55 E:\\freelancing\\local\\zaheer\\alshaafi\\vendor\\laravel\\framework\\src\\Illuminate\\Pipeline\\Pipeline.php(119): Illuminate\\Pipeline\\Pipeline->Illuminate\\Pipeline\\{closure}(Object(Illuminate\\Http\\Request))
#56 E:\\freelancing\\local\\zaheer\\alshaafi\\vendor\\laravel\\framework\\src\\Illuminate\\Foundation\\Http\\Kernel.php(175): Illuminate\\Pipeline\\Pipeline->then(Object(Closure))
#57 E:\\freelancing\\local\\zaheer\\alshaafi\\vendor\\laravel\\framework\\src\\Illuminate\\Foundation\\Http\\Kernel.php(144): Illuminate\\Foundation\\Http\\Kernel->sendRequestThroughRouter(Object(Illuminate\\Http\\Request))
#58 E:\\freelancing\\local\\zaheer\\alshaafi\\vendor\\laravel\\framework\\src\\Illuminate\\Foundation\\Application.php(1188): Illuminate\\Foundation\\Http\\Kernel->handle(Object(Illuminate\\Http\\Request))
#59 E:\\freelancing\\local\\zaheer\\alshaafi\\public\\index.php(17): Illuminate\\Foundation\\Application->handleRequest(Object(Illuminate\\Http\\Request))
#60 E:\\freelancing\\local\\zaheer\\alshaafi\\vendor\\laravel\\framework\\src\\Illuminate\\Foundation\\resources\\server.php(23): require_once('E:\\\\freelancing\\\\...')
#61 {main}
"} 
[2025-07-03 13:12:28] local.ERROR: PHP Parse error: Syntax error, unexpected T_NS_SEPARATOR on line 3 {"exception":"[object] (Psy\\Exception\\ParseErrorException(code: 0): PHP Parse error: Syntax error, unexpected T_NS_SEPARATOR on line 3 at E:\\freelancing\\local\\zaheer\\alshaafi\\vendor\\psy\\psysh\\src\\Exception\\ParseErrorException.php:44)
[stacktrace]
#0 E:\\freelancing\\local\\zaheer\\alshaafi\\vendor\\psy\\psysh\\src\\CodeCleaner.php(311): Psy\\Exception\\ParseErrorException::fromParseError(Object(PhpParser\\Error))
#1 E:\\freelancing\\local\\zaheer\\alshaafi\\vendor\\psy\\psysh\\src\\CodeCleaner.php(240): Psy\\CodeCleaner->parse('<?php \\n// Creat...', false)
#2 E:\\freelancing\\local\\zaheer\\alshaafi\\vendor\\psy\\psysh\\src\\Shell.php(848): Psy\\CodeCleaner->clean(Array, false)
#3 E:\\freelancing\\local\\zaheer\\alshaafi\\vendor\\psy\\psysh\\src\\Shell.php(877): Psy\\Shell->addCode('\\n// Create some...', true)
#4 E:\\freelancing\\local\\zaheer\\alshaafi\\vendor\\psy\\psysh\\src\\Shell.php(1342): Psy\\Shell->setCode('\\n// Create some...', true)
#5 E:\\freelancing\\local\\zaheer\\alshaafi\\vendor\\laravel\\tinker\\src\\Console\\TinkerCommand.php(76): Psy\\Shell->execute('\\n// Create some...')
#6 E:\\freelancing\\local\\zaheer\\alshaafi\\vendor\\laravel\\framework\\src\\Illuminate\\Container\\BoundMethod.php(36): Laravel\\Tinker\\Console\\TinkerCommand->handle()
#7 E:\\freelancing\\local\\zaheer\\alshaafi\\vendor\\laravel\\framework\\src\\Illuminate\\Container\\Util.php(41): Illuminate\\Container\\BoundMethod::Illuminate\\Container\\{closure}()
#8 E:\\freelancing\\local\\zaheer\\alshaafi\\vendor\\laravel\\framework\\src\\Illuminate\\Container\\BoundMethod.php(93): Illuminate\\Container\\Util::unwrapIfClosure(Object(Closure))
#9 E:\\freelancing\\local\\zaheer\\alshaafi\\vendor\\laravel\\framework\\src\\Illuminate\\Container\\BoundMethod.php(35): Illuminate\\Container\\BoundMethod::callBoundMethod(Object(Illuminate\\Foundation\\Application), Array, Object(Closure))
#10 E:\\freelancing\\local\\zaheer\\alshaafi\\vendor\\laravel\\framework\\src\\Illuminate\\Container\\Container.php(690): Illuminate\\Container\\BoundMethod::call(Object(Illuminate\\Foundation\\Application), Array, Array, NULL)
#11 E:\\freelancing\\local\\zaheer\\alshaafi\\vendor\\laravel\\framework\\src\\Illuminate\\Console\\Command.php(213): Illuminate\\Container\\Container->call(Array)
#12 E:\\freelancing\\local\\zaheer\\alshaafi\\vendor\\symfony\\console\\Command\\Command.php(279): Illuminate\\Console\\Command->execute(Object(Symfony\\Component\\Console\\Input\\ArgvInput), Object(Illuminate\\Console\\OutputStyle))
#13 E:\\freelancing\\local\\zaheer\\alshaafi\\vendor\\laravel\\framework\\src\\Illuminate\\Console\\Command.php(182): Symfony\\Component\\Console\\Command\\Command->run(Object(Symfony\\Component\\Console\\Input\\ArgvInput), Object(Illuminate\\Console\\OutputStyle))
#14 E:\\freelancing\\local\\zaheer\\alshaafi\\vendor\\symfony\\console\\Application.php(1047): Illuminate\\Console\\Command->run(Object(Symfony\\Component\\Console\\Input\\ArgvInput), Object(Symfony\\Component\\Console\\Output\\ConsoleOutput))
#15 E:\\freelancing\\local\\zaheer\\alshaafi\\vendor\\symfony\\console\\Application.php(316): Symfony\\Component\\Console\\Application->doRunCommand(Object(Laravel\\Tinker\\Console\\TinkerCommand), Object(Symfony\\Component\\Console\\Input\\ArgvInput), Object(Symfony\\Component\\Console\\Output\\ConsoleOutput))
#16 E:\\freelancing\\local\\zaheer\\alshaafi\\vendor\\symfony\\console\\Application.php(167): Symfony\\Component\\Console\\Application->doRun(Object(Symfony\\Component\\Console\\Input\\ArgvInput), Object(Symfony\\Component\\Console\\Output\\ConsoleOutput))
#17 E:\\freelancing\\local\\zaheer\\alshaafi\\vendor\\laravel\\framework\\src\\Illuminate\\Foundation\\Console\\Kernel.php(196): Symfony\\Component\\Console\\Application->run(Object(Symfony\\Component\\Console\\Input\\ArgvInput), Object(Symfony\\Component\\Console\\Output\\ConsoleOutput))
#18 E:\\freelancing\\local\\zaheer\\alshaafi\\vendor\\laravel\\framework\\src\\Illuminate\\Foundation\\Application.php(1203): Illuminate\\Foundation\\Console\\Kernel->handle(Object(Symfony\\Component\\Console\\Input\\ArgvInput), Object(Symfony\\Component\\Console\\Output\\ConsoleOutput))
#19 E:\\freelancing\\local\\zaheer\\alshaafi\\artisan(13): Illuminate\\Foundation\\Application->handleCommand(Object(Symfony\\Component\\Console\\Input\\ArgvInput))
#20 {main}
"} 
[2025-07-03 13:12:45] local.ERROR: SQLSTATE[42S22]: Column not found: 1054 Unknown column 'review' in 'field list' (Connection: mysql, SQL: insert into `product_reviews` (`product_id`, `user_id`, `rating`, `review`, `updated_at`, `created_at`) values (1, 1, 3, Sample review 1 for Prof. Brayan Corkery Sr., 2025-07-03 13:12:45, 2025-07-03 13:12:45)) {"exception":"[object] (Illuminate\\Database\\QueryException(code: 42S22): SQLSTATE[42S22]: Column not found: 1054 Unknown column 'review' in 'field list' (Connection: mysql, SQL: insert into `product_reviews` (`product_id`, `user_id`, `rating`, `review`, `updated_at`, `created_at`) values (1, 1, 3, Sample review 1 for Prof. Brayan Corkery Sr., 2025-07-03 13:12:45, 2025-07-03 13:12:45)) at E:\\freelancing\\local\\zaheer\\alshaafi\\vendor\\laravel\\framework\\src\\Illuminate\\Database\\Connection.php:813)
[stacktrace]
#0 E:\\freelancing\\local\\zaheer\\alshaafi\\vendor\\laravel\\framework\\src\\Illuminate\\Database\\Connection.php(767): Illuminate\\Database\\Connection->runQueryCallback('insert into `pr...', Array, Object(Closure))
#1 E:\\freelancing\\local\\zaheer\\alshaafi\\vendor\\laravel\\framework\\src\\Illuminate\\Database\\Connection.php(560): Illuminate\\Database\\Connection->run('insert into `pr...', Array, Object(Closure))
#2 E:\\freelancing\\local\\zaheer\\alshaafi\\vendor\\laravel\\framework\\src\\Illuminate\\Database\\Connection.php(524): Illuminate\\Database\\Connection->statement('insert into `pr...', Array)
#3 E:\\freelancing\\local\\zaheer\\alshaafi\\vendor\\laravel\\framework\\src\\Illuminate\\Database\\Query\\Processors\\Processor.php(32): Illuminate\\Database\\Connection->insert('insert into `pr...', Array)
#4 E:\\freelancing\\local\\zaheer\\alshaafi\\vendor\\laravel\\framework\\src\\Illuminate\\Database\\Query\\Builder.php(3662): Illuminate\\Database\\Query\\Processors\\Processor->processInsertGetId(Object(Illuminate\\Database\\Query\\Builder), 'insert into `pr...', Array, 'id')
#5 E:\\freelancing\\local\\zaheer\\alshaafi\\vendor\\laravel\\framework\\src\\Illuminate\\Database\\Eloquent\\Builder.php(2038): Illuminate\\Database\\Query\\Builder->insertGetId(Array, 'id')
#6 E:\\freelancing\\local\\zaheer\\alshaafi\\vendor\\laravel\\framework\\src\\Illuminate\\Database\\Eloquent\\Model.php(1345): Illuminate\\Database\\Eloquent\\Builder->__call('insertGetId', Array)
#7 E:\\freelancing\\local\\zaheer\\alshaafi\\vendor\\laravel\\framework\\src\\Illuminate\\Database\\Eloquent\\Model.php(1310): Illuminate\\Database\\Eloquent\\Model->insertAndSetId(Object(Illuminate\\Database\\Eloquent\\Builder), Array)
#8 E:\\freelancing\\local\\zaheer\\alshaafi\\vendor\\laravel\\framework\\src\\Illuminate\\Database\\Eloquent\\Model.php(1149): Illuminate\\Database\\Eloquent\\Model->performInsert(Object(Illuminate\\Database\\Eloquent\\Builder))
#9 E:\\freelancing\\local\\zaheer\\alshaafi\\vendor\\laravel\\framework\\src\\Illuminate\\Database\\Eloquent\\Builder.php(1079): Illuminate\\Database\\Eloquent\\Model->save()
#10 E:\\freelancing\\local\\zaheer\\alshaafi\\vendor\\laravel\\framework\\src\\Illuminate\\Support\\helpers.php(380): Illuminate\\Database\\Eloquent\\Builder->Illuminate\\Database\\Eloquent\\{closure}(Object(App\\Models\\ProductReview))
#11 E:\\freelancing\\local\\zaheer\\alshaafi\\vendor\\laravel\\framework\\src\\Illuminate\\Database\\Eloquent\\Builder.php(1078): tap(Object(App\\Models\\ProductReview), Object(Closure))
#12 E:\\freelancing\\local\\zaheer\\alshaafi\\vendor\\laravel\\framework\\src\\Illuminate\\Support\\Traits\\ForwardsCalls.php(23): Illuminate\\Database\\Eloquent\\Builder->create(Array)
#13 E:\\freelancing\\local\\zaheer\\alshaafi\\vendor\\laravel\\framework\\src\\Illuminate\\Database\\Eloquent\\Model.php(2350): Illuminate\\Database\\Eloquent\\Model->forwardCallTo(Object(Illuminate\\Database\\Eloquent\\Builder), 'create', Array)
#14 E:\\freelancing\\local\\zaheer\\alshaafi\\vendor\\laravel\\framework\\src\\Illuminate\\Database\\Eloquent\\Model.php(2362): Illuminate\\Database\\Eloquent\\Model->__call('create', Array)
#15 E:\\freelancing\\local\\zaheer\\alshaafi\\database\\seeders\\ProductReviewSeeder.php(24): Illuminate\\Database\\Eloquent\\Model::__callStatic('create', Array)
#16 E:\\freelancing\\local\\zaheer\\alshaafi\\vendor\\laravel\\framework\\src\\Illuminate\\Container\\BoundMethod.php(36): Database\\Seeders\\ProductReviewSeeder->run()
#17 E:\\freelancing\\local\\zaheer\\alshaafi\\vendor\\laravel\\framework\\src\\Illuminate\\Container\\Util.php(41): Illuminate\\Container\\BoundMethod::Illuminate\\Container\\{closure}()
#18 E:\\freelancing\\local\\zaheer\\alshaafi\\vendor\\laravel\\framework\\src\\Illuminate\\Container\\BoundMethod.php(93): Illuminate\\Container\\Util::unwrapIfClosure(Object(Closure))
#19 E:\\freelancing\\local\\zaheer\\alshaafi\\vendor\\laravel\\framework\\src\\Illuminate\\Container\\BoundMethod.php(35): Illuminate\\Container\\BoundMethod::callBoundMethod(Object(Illuminate\\Foundation\\Application), Array, Object(Closure))
#20 E:\\freelancing\\local\\zaheer\\alshaafi\\vendor\\laravel\\framework\\src\\Illuminate\\Container\\Container.php(690): Illuminate\\Container\\BoundMethod::call(Object(Illuminate\\Foundation\\Application), Array, Array, NULL)
#21 E:\\freelancing\\local\\zaheer\\alshaafi\\vendor\\laravel\\framework\\src\\Illuminate\\Database\\Seeder.php(184): Illuminate\\Container\\Container->call(Array, Array)
#22 E:\\freelancing\\local\\zaheer\\alshaafi\\vendor\\laravel\\framework\\src\\Illuminate\\Database\\Seeder.php(193): Illuminate\\Database\\Seeder->Illuminate\\Database\\{closure}()
#23 E:\\freelancing\\local\\zaheer\\alshaafi\\vendor\\laravel\\framework\\src\\Illuminate\\Database\\Console\\Seeds\\SeedCommand.php(70): Illuminate\\Database\\Seeder->__invoke()
#24 E:\\freelancing\\local\\zaheer\\alshaafi\\vendor\\laravel\\framework\\src\\Illuminate\\Database\\Eloquent\\Concerns\\GuardsAttributes.php(155): Illuminate\\Database\\Console\\Seeds\\SeedCommand->Illuminate\\Database\\Console\\Seeds\\{closure}()
#25 E:\\freelancing\\local\\zaheer\\alshaafi\\vendor\\laravel\\framework\\src\\Illuminate\\Database\\Console\\Seeds\\SeedCommand.php(69): Illuminate\\Database\\Eloquent\\Model::unguarded(Object(Closure))
#26 E:\\freelancing\\local\\zaheer\\alshaafi\\vendor\\laravel\\framework\\src\\Illuminate\\Container\\BoundMethod.php(36): Illuminate\\Database\\Console\\Seeds\\SeedCommand->handle()
#27 E:\\freelancing\\local\\zaheer\\alshaafi\\vendor\\laravel\\framework\\src\\Illuminate\\Container\\Util.php(41): Illuminate\\Container\\BoundMethod::Illuminate\\Container\\{closure}()
#28 E:\\freelancing\\local\\zaheer\\alshaafi\\vendor\\laravel\\framework\\src\\Illuminate\\Container\\BoundMethod.php(93): Illuminate\\Container\\Util::unwrapIfClosure(Object(Closure))
#29 E:\\freelancing\\local\\zaheer\\alshaafi\\vendor\\laravel\\framework\\src\\Illuminate\\Container\\BoundMethod.php(35): Illuminate\\Container\\BoundMethod::callBoundMethod(Object(Illuminate\\Foundation\\Application), Array, Object(Closure))
#30 E:\\freelancing\\local\\zaheer\\alshaafi\\vendor\\laravel\\framework\\src\\Illuminate\\Container\\Container.php(690): Illuminate\\Container\\BoundMethod::call(Object(Illuminate\\Foundation\\Application), Array, Array, NULL)
#31 E:\\freelancing\\local\\zaheer\\alshaafi\\vendor\\laravel\\framework\\src\\Illuminate\\Console\\Command.php(213): Illuminate\\Container\\Container->call(Array)
#32 E:\\freelancing\\local\\zaheer\\alshaafi\\vendor\\symfony\\console\\Command\\Command.php(279): Illuminate\\Console\\Command->execute(Object(Symfony\\Component\\Console\\Input\\ArgvInput), Object(Illuminate\\Console\\OutputStyle))
#33 E:\\freelancing\\local\\zaheer\\alshaafi\\vendor\\laravel\\framework\\src\\Illuminate\\Console\\Command.php(182): Symfony\\Component\\Console\\Command\\Command->run(Object(Symfony\\Component\\Console\\Input\\ArgvInput), Object(Illuminate\\Console\\OutputStyle))
#34 E:\\freelancing\\local\\zaheer\\alshaafi\\vendor\\symfony\\console\\Application.php(1047): Illuminate\\Console\\Command->run(Object(Symfony\\Component\\Console\\Input\\ArgvInput), Object(Symfony\\Component\\Console\\Output\\ConsoleOutput))
#35 E:\\freelancing\\local\\zaheer\\alshaafi\\vendor\\symfony\\console\\Application.php(316): Symfony\\Component\\Console\\Application->doRunCommand(Object(Illuminate\\Database\\Console\\Seeds\\SeedCommand), Object(Symfony\\Component\\Console\\Input\\ArgvInput), Object(Symfony\\Component\\Console\\Output\\ConsoleOutput))
#36 E:\\freelancing\\local\\zaheer\\alshaafi\\vendor\\symfony\\console\\Application.php(167): Symfony\\Component\\Console\\Application->doRun(Object(Symfony\\Component\\Console\\Input\\ArgvInput), Object(Symfony\\Component\\Console\\Output\\ConsoleOutput))
#37 E:\\freelancing\\local\\zaheer\\alshaafi\\vendor\\laravel\\framework\\src\\Illuminate\\Foundation\\Console\\Kernel.php(196): Symfony\\Component\\Console\\Application->run(Object(Symfony\\Component\\Console\\Input\\ArgvInput), Object(Symfony\\Component\\Console\\Output\\ConsoleOutput))
#38 E:\\freelancing\\local\\zaheer\\alshaafi\\vendor\\laravel\\framework\\src\\Illuminate\\Foundation\\Application.php(1203): Illuminate\\Foundation\\Console\\Kernel->handle(Object(Symfony\\Component\\Console\\Input\\ArgvInput), Object(Symfony\\Component\\Console\\Output\\ConsoleOutput))
#39 E:\\freelancing\\local\\zaheer\\alshaafi\\artisan(13): Illuminate\\Foundation\\Application->handleCommand(Object(Symfony\\Component\\Console\\Input\\ArgvInput))
#40 {main}

[previous exception] [object] (PDOException(code: 42S22): SQLSTATE[42S22]: Column not found: 1054 Unknown column 'review' in 'field list' at E:\\freelancing\\local\\zaheer\\alshaafi\\vendor\\laravel\\framework\\src\\Illuminate\\Database\\Connection.php:565)
[stacktrace]
#0 E:\\freelancing\\local\\zaheer\\alshaafi\\vendor\\laravel\\framework\\src\\Illuminate\\Database\\Connection.php(565): PDO->prepare('insert into `pr...')
#1 E:\\freelancing\\local\\zaheer\\alshaafi\\vendor\\laravel\\framework\\src\\Illuminate\\Database\\Connection.php(800): Illuminate\\Database\\Connection->Illuminate\\Database\\{closure}('insert into `pr...', Array)
#2 E:\\freelancing\\local\\zaheer\\alshaafi\\vendor\\laravel\\framework\\src\\Illuminate\\Database\\Connection.php(767): Illuminate\\Database\\Connection->runQueryCallback('insert into `pr...', Array, Object(Closure))
#3 E:\\freelancing\\local\\zaheer\\alshaafi\\vendor\\laravel\\framework\\src\\Illuminate\\Database\\Connection.php(560): Illuminate\\Database\\Connection->run('insert into `pr...', Array, Object(Closure))
#4 E:\\freelancing\\local\\zaheer\\alshaafi\\vendor\\laravel\\framework\\src\\Illuminate\\Database\\Connection.php(524): Illuminate\\Database\\Connection->statement('insert into `pr...', Array)
#5 E:\\freelancing\\local\\zaheer\\alshaafi\\vendor\\laravel\\framework\\src\\Illuminate\\Database\\Query\\Processors\\Processor.php(32): Illuminate\\Database\\Connection->insert('insert into `pr...', Array)
#6 E:\\freelancing\\local\\zaheer\\alshaafi\\vendor\\laravel\\framework\\src\\Illuminate\\Database\\Query\\Builder.php(3662): Illuminate\\Database\\Query\\Processors\\Processor->processInsertGetId(Object(Illuminate\\Database\\Query\\Builder), 'insert into `pr...', Array, 'id')
#7 E:\\freelancing\\local\\zaheer\\alshaafi\\vendor\\laravel\\framework\\src\\Illuminate\\Database\\Eloquent\\Builder.php(2038): Illuminate\\Database\\Query\\Builder->insertGetId(Array, 'id')
#8 E:\\freelancing\\local\\zaheer\\alshaafi\\vendor\\laravel\\framework\\src\\Illuminate\\Database\\Eloquent\\Model.php(1345): Illuminate\\Database\\Eloquent\\Builder->__call('insertGetId', Array)
#9 E:\\freelancing\\local\\zaheer\\alshaafi\\vendor\\laravel\\framework\\src\\Illuminate\\Database\\Eloquent\\Model.php(1310): Illuminate\\Database\\Eloquent\\Model->insertAndSetId(Object(Illuminate\\Database\\Eloquent\\Builder), Array)
#10 E:\\freelancing\\local\\zaheer\\alshaafi\\vendor\\laravel\\framework\\src\\Illuminate\\Database\\Eloquent\\Model.php(1149): Illuminate\\Database\\Eloquent\\Model->performInsert(Object(Illuminate\\Database\\Eloquent\\Builder))
#11 E:\\freelancing\\local\\zaheer\\alshaafi\\vendor\\laravel\\framework\\src\\Illuminate\\Database\\Eloquent\\Builder.php(1079): Illuminate\\Database\\Eloquent\\Model->save()
#12 E:\\freelancing\\local\\zaheer\\alshaafi\\vendor\\laravel\\framework\\src\\Illuminate\\Support\\helpers.php(380): Illuminate\\Database\\Eloquent\\Builder->Illuminate\\Database\\Eloquent\\{closure}(Object(App\\Models\\ProductReview))
#13 E:\\freelancing\\local\\zaheer\\alshaafi\\vendor\\laravel\\framework\\src\\Illuminate\\Database\\Eloquent\\Builder.php(1078): tap(Object(App\\Models\\ProductReview), Object(Closure))
#14 E:\\freelancing\\local\\zaheer\\alshaafi\\vendor\\laravel\\framework\\src\\Illuminate\\Support\\Traits\\ForwardsCalls.php(23): Illuminate\\Database\\Eloquent\\Builder->create(Array)
#15 E:\\freelancing\\local\\zaheer\\alshaafi\\vendor\\laravel\\framework\\src\\Illuminate\\Database\\Eloquent\\Model.php(2350): Illuminate\\Database\\Eloquent\\Model->forwardCallTo(Object(Illuminate\\Database\\Eloquent\\Builder), 'create', Array)
#16 E:\\freelancing\\local\\zaheer\\alshaafi\\vendor\\laravel\\framework\\src\\Illuminate\\Database\\Eloquent\\Model.php(2362): Illuminate\\Database\\Eloquent\\Model->__call('create', Array)
#17 E:\\freelancing\\local\\zaheer\\alshaafi\\database\\seeders\\ProductReviewSeeder.php(24): Illuminate\\Database\\Eloquent\\Model::__callStatic('create', Array)
#18 E:\\freelancing\\local\\zaheer\\alshaafi\\vendor\\laravel\\framework\\src\\Illuminate\\Container\\BoundMethod.php(36): Database\\Seeders\\ProductReviewSeeder->run()
#19 E:\\freelancing\\local\\zaheer\\alshaafi\\vendor\\laravel\\framework\\src\\Illuminate\\Container\\Util.php(41): Illuminate\\Container\\BoundMethod::Illuminate\\Container\\{closure}()
#20 E:\\freelancing\\local\\zaheer\\alshaafi\\vendor\\laravel\\framework\\src\\Illuminate\\Container\\BoundMethod.php(93): Illuminate\\Container\\Util::unwrapIfClosure(Object(Closure))
#21 E:\\freelancing\\local\\zaheer\\alshaafi\\vendor\\laravel\\framework\\src\\Illuminate\\Container\\BoundMethod.php(35): Illuminate\\Container\\BoundMethod::callBoundMethod(Object(Illuminate\\Foundation\\Application), Array, Object(Closure))
#22 E:\\freelancing\\local\\zaheer\\alshaafi\\vendor\\laravel\\framework\\src\\Illuminate\\Container\\Container.php(690): Illuminate\\Container\\BoundMethod::call(Object(Illuminate\\Foundation\\Application), Array, Array, NULL)
#23 E:\\freelancing\\local\\zaheer\\alshaafi\\vendor\\laravel\\framework\\src\\Illuminate\\Database\\Seeder.php(184): Illuminate\\Container\\Container->call(Array, Array)
#24 E:\\freelancing\\local\\zaheer\\alshaafi\\vendor\\laravel\\framework\\src\\Illuminate\\Database\\Seeder.php(193): Illuminate\\Database\\Seeder->Illuminate\\Database\\{closure}()
#25 E:\\freelancing\\local\\zaheer\\alshaafi\\vendor\\laravel\\framework\\src\\Illuminate\\Database\\Console\\Seeds\\SeedCommand.php(70): Illuminate\\Database\\Seeder->__invoke()
#26 E:\\freelancing\\local\\zaheer\\alshaafi\\vendor\\laravel\\framework\\src\\Illuminate\\Database\\Eloquent\\Concerns\\GuardsAttributes.php(155): Illuminate\\Database\\Console\\Seeds\\SeedCommand->Illuminate\\Database\\Console\\Seeds\\{closure}()
#27 E:\\freelancing\\local\\zaheer\\alshaafi\\vendor\\laravel\\framework\\src\\Illuminate\\Database\\Console\\Seeds\\SeedCommand.php(69): Illuminate\\Database\\Eloquent\\Model::unguarded(Object(Closure))
#28 E:\\freelancing\\local\\zaheer\\alshaafi\\vendor\\laravel\\framework\\src\\Illuminate\\Container\\BoundMethod.php(36): Illuminate\\Database\\Console\\Seeds\\SeedCommand->handle()
#29 E:\\freelancing\\local\\zaheer\\alshaafi\\vendor\\laravel\\framework\\src\\Illuminate\\Container\\Util.php(41): Illuminate\\Container\\BoundMethod::Illuminate\\Container\\{closure}()
#30 E:\\freelancing\\local\\zaheer\\alshaafi\\vendor\\laravel\\framework\\src\\Illuminate\\Container\\BoundMethod.php(93): Illuminate\\Container\\Util::unwrapIfClosure(Object(Closure))
#31 E:\\freelancing\\local\\zaheer\\alshaafi\\vendor\\laravel\\framework\\src\\Illuminate\\Container\\BoundMethod.php(35): Illuminate\\Container\\BoundMethod::callBoundMethod(Object(Illuminate\\Foundation\\Application), Array, Object(Closure))
#32 E:\\freelancing\\local\\zaheer\\alshaafi\\vendor\\laravel\\framework\\src\\Illuminate\\Container\\Container.php(690): Illuminate\\Container\\BoundMethod::call(Object(Illuminate\\Foundation\\Application), Array, Array, NULL)
#33 E:\\freelancing\\local\\zaheer\\alshaafi\\vendor\\laravel\\framework\\src\\Illuminate\\Console\\Command.php(213): Illuminate\\Container\\Container->call(Array)
#34 E:\\freelancing\\local\\zaheer\\alshaafi\\vendor\\symfony\\console\\Command\\Command.php(279): Illuminate\\Console\\Command->execute(Object(Symfony\\Component\\Console\\Input\\ArgvInput), Object(Illuminate\\Console\\OutputStyle))
#35 E:\\freelancing\\local\\zaheer\\alshaafi\\vendor\\laravel\\framework\\src\\Illuminate\\Console\\Command.php(182): Symfony\\Component\\Console\\Command\\Command->run(Object(Symfony\\Component\\Console\\Input\\ArgvInput), Object(Illuminate\\Console\\OutputStyle))
#36 E:\\freelancing\\local\\zaheer\\alshaafi\\vendor\\symfony\\console\\Application.php(1047): Illuminate\\Console\\Command->run(Object(Symfony\\Component\\Console\\Input\\ArgvInput), Object(Symfony\\Component\\Console\\Output\\ConsoleOutput))
#37 E:\\freelancing\\local\\zaheer\\alshaafi\\vendor\\symfony\\console\\Application.php(316): Symfony\\Component\\Console\\Application->doRunCommand(Object(Illuminate\\Database\\Console\\Seeds\\SeedCommand), Object(Symfony\\Component\\Console\\Input\\ArgvInput), Object(Symfony\\Component\\Console\\Output\\ConsoleOutput))
#38 E:\\freelancing\\local\\zaheer\\alshaafi\\vendor\\symfony\\console\\Application.php(167): Symfony\\Component\\Console\\Application->doRun(Object(Symfony\\Component\\Console\\Input\\ArgvInput), Object(Symfony\\Component\\Console\\Output\\ConsoleOutput))
#39 E:\\freelancing\\local\\zaheer\\alshaafi\\vendor\\laravel\\framework\\src\\Illuminate\\Foundation\\Console\\Kernel.php(196): Symfony\\Component\\Console\\Application->run(Object(Symfony\\Component\\Console\\Input\\ArgvInput), Object(Symfony\\Component\\Console\\Output\\ConsoleOutput))
#40 E:\\freelancing\\local\\zaheer\\alshaafi\\vendor\\laravel\\framework\\src\\Illuminate\\Foundation\\Application.php(1203): Illuminate\\Foundation\\Console\\Kernel->handle(Object(Symfony\\Component\\Console\\Input\\ArgvInput), Object(Symfony\\Component\\Console\\Output\\ConsoleOutput))
#41 E:\\freelancing\\local\\zaheer\\alshaafi\\artisan(13): Illuminate\\Foundation\\Application->handleCommand(Object(Symfony\\Component\\Console\\Input\\ArgvInput))
#42 {main}
"} 
[2025-07-03 13:13:57] local.ERROR: SQLSTATE[42000]: Syntax error or access violation: 1055 'alshafi.products.category_id' isn't in GROUP BY (Connection: mysql, SQL: select count(*) as aggregate from (select `products`.*, COALESCE(AVG(product_reviews.rating), 0) as avg_rating from `products` left join `product_reviews` on `products`.`id` = `product_reviews`.`product_id` where `country_id` = 3 group by `products`.`id`) as `aggregate_table`) {"exception":"[object] (Illuminate\\Database\\QueryException(code: 42000): SQLSTATE[42000]: Syntax error or access violation: 1055 'alshafi.products.category_id' isn't in GROUP BY (Connection: mysql, SQL: select count(*) as aggregate from (select `products`.*, COALESCE(AVG(product_reviews.rating), 0) as avg_rating from `products` left join `product_reviews` on `products`.`id` = `product_reviews`.`product_id` where `country_id` = 3 group by `products`.`id`) as `aggregate_table`) at E:\\freelancing\\local\\zaheer\\alshaafi\\vendor\\laravel\\framework\\src\\Illuminate\\Database\\Connection.php:813)
[stacktrace]
#0 E:\\freelancing\\local\\zaheer\\alshaafi\\vendor\\laravel\\framework\\src\\Illuminate\\Database\\Connection.php(767): Illuminate\\Database\\Connection->runQueryCallback('select count(*)...', Array, Object(Closure))
#1 E:\\freelancing\\local\\zaheer\\alshaafi\\vendor\\laravel\\framework\\src\\Illuminate\\Database\\Connection.php(398): Illuminate\\Database\\Connection->run('select count(*)...', Array, Object(Closure))
#2 E:\\freelancing\\local\\zaheer\\alshaafi\\vendor\\laravel\\framework\\src\\Illuminate\\Database\\Query\\Builder.php(2996): Illuminate\\Database\\Connection->select('select count(*)...', Array, true)
#3 E:\\freelancing\\local\\zaheer\\alshaafi\\vendor\\laravel\\framework\\src\\Illuminate\\Database\\Query\\Builder.php(2981): Illuminate\\Database\\Query\\Builder->runSelect()
#4 E:\\freelancing\\local\\zaheer\\alshaafi\\vendor\\laravel\\framework\\src\\Illuminate\\Database\\Query\\Builder.php(3569): Illuminate\\Database\\Query\\Builder->Illuminate\\Database\\Query\\{closure}()
#5 E:\\freelancing\\local\\zaheer\\alshaafi\\vendor\\laravel\\framework\\src\\Illuminate\\Database\\Query\\Builder.php(2980): Illuminate\\Database\\Query\\Builder->onceWithColumns(Array, Object(Closure))
#6 E:\\freelancing\\local\\zaheer\\alshaafi\\vendor\\laravel\\framework\\src\\Illuminate\\Database\\Query\\Builder.php(3167): Illuminate\\Database\\Query\\Builder->get()
#7 E:\\freelancing\\local\\zaheer\\alshaafi\\vendor\\laravel\\framework\\src\\Illuminate\\Database\\Query\\Builder.php(3134): Illuminate\\Database\\Query\\Builder->runPaginationCountQuery(Array)
#8 E:\\freelancing\\local\\zaheer\\alshaafi\\vendor\\laravel\\framework\\src\\Illuminate\\Database\\Eloquent\\Builder.php(977): Illuminate\\Database\\Query\\Builder->getCountForPagination()
#9 E:\\freelancing\\local\\zaheer\\alshaafi\\app\\Http\\Controllers\\WebController.php(123): Illuminate\\Database\\Eloquent\\Builder->paginate(16)
#10 E:\\freelancing\\local\\zaheer\\alshaafi\\vendor\\laravel\\framework\\src\\Illuminate\\Routing\\ControllerDispatcher.php(46): App\\Http\\Controllers\\WebController->products()
#11 E:\\freelancing\\local\\zaheer\\alshaafi\\vendor\\laravel\\framework\\src\\Illuminate\\Routing\\Route.php(260): Illuminate\\Routing\\ControllerDispatcher->dispatch(Object(Illuminate\\Routing\\Route), Object(App\\Http\\Controllers\\WebController), 'products')
#12 E:\\freelancing\\local\\zaheer\\alshaafi\\vendor\\laravel\\framework\\src\\Illuminate\\Routing\\Route.php(206): Illuminate\\Routing\\Route->runController()
#13 E:\\freelancing\\local\\zaheer\\alshaafi\\vendor\\laravel\\framework\\src\\Illuminate\\Routing\\Router.php(808): Illuminate\\Routing\\Route->run()
#14 E:\\freelancing\\local\\zaheer\\alshaafi\\vendor\\laravel\\framework\\src\\Illuminate\\Pipeline\\Pipeline.php(144): Illuminate\\Routing\\Router->Illuminate\\Routing\\{closure}(Object(Illuminate\\Http\\Request))
#15 E:\\freelancing\\local\\zaheer\\alshaafi\\app\\Http\\Middleware\\SetLocaleAndCountry.php(56): Illuminate\\Pipeline\\Pipeline->Illuminate\\Pipeline\\{closure}(Object(Illuminate\\Http\\Request))
#16 E:\\freelancing\\local\\zaheer\\alshaafi\\vendor\\laravel\\framework\\src\\Illuminate\\Pipeline\\Pipeline.php(183): App\\Http\\Middleware\\SetLocaleAndCountry->handle(Object(Illuminate\\Http\\Request), Object(Closure))
#17 E:\\freelancing\\local\\zaheer\\alshaafi\\vendor\\laravel\\framework\\src\\Illuminate\\Routing\\Middleware\\SubstituteBindings.php(50): Illuminate\\Pipeline\\Pipeline->Illuminate\\Pipeline\\{closure}(Object(Illuminate\\Http\\Request))
#18 E:\\freelancing\\local\\zaheer\\alshaafi\\vendor\\laravel\\framework\\src\\Illuminate\\Pipeline\\Pipeline.php(183): Illuminate\\Routing\\Middleware\\SubstituteBindings->handle(Object(Illuminate\\Http\\Request), Object(Closure))
#19 E:\\freelancing\\local\\zaheer\\alshaafi\\vendor\\laravel\\framework\\src\\Illuminate\\Foundation\\Http\\Middleware\\VerifyCsrfToken.php(88): Illuminate\\Pipeline\\Pipeline->Illuminate\\Pipeline\\{closure}(Object(Illuminate\\Http\\Request))
#20 E:\\freelancing\\local\\zaheer\\alshaafi\\vendor\\laravel\\framework\\src\\Illuminate\\Pipeline\\Pipeline.php(183): Illuminate\\Foundation\\Http\\Middleware\\VerifyCsrfToken->handle(Object(Illuminate\\Http\\Request), Object(Closure))
#21 E:\\freelancing\\local\\zaheer\\alshaafi\\vendor\\laravel\\framework\\src\\Illuminate\\View\\Middleware\\ShareErrorsFromSession.php(49): Illuminate\\Pipeline\\Pipeline->Illuminate\\Pipeline\\{closure}(Object(Illuminate\\Http\\Request))
#22 E:\\freelancing\\local\\zaheer\\alshaafi\\vendor\\laravel\\framework\\src\\Illuminate\\Pipeline\\Pipeline.php(183): Illuminate\\View\\Middleware\\ShareErrorsFromSession->handle(Object(Illuminate\\Http\\Request), Object(Closure))
#23 E:\\freelancing\\local\\zaheer\\alshaafi\\vendor\\laravel\\framework\\src\\Illuminate\\Session\\Middleware\\StartSession.php(121): Illuminate\\Pipeline\\Pipeline->Illuminate\\Pipeline\\{closure}(Object(Illuminate\\Http\\Request))
#24 E:\\freelancing\\local\\zaheer\\alshaafi\\vendor\\laravel\\framework\\src\\Illuminate\\Session\\Middleware\\StartSession.php(64): Illuminate\\Session\\Middleware\\StartSession->handleStatefulRequest(Object(Illuminate\\Http\\Request), Object(Illuminate\\Session\\Store), Object(Closure))
#25 E:\\freelancing\\local\\zaheer\\alshaafi\\vendor\\laravel\\framework\\src\\Illuminate\\Pipeline\\Pipeline.php(183): Illuminate\\Session\\Middleware\\StartSession->handle(Object(Illuminate\\Http\\Request), Object(Closure))
#26 E:\\freelancing\\local\\zaheer\\alshaafi\\vendor\\laravel\\framework\\src\\Illuminate\\Cookie\\Middleware\\AddQueuedCookiesToResponse.php(37): Illuminate\\Pipeline\\Pipeline->Illuminate\\Pipeline\\{closure}(Object(Illuminate\\Http\\Request))
#27 E:\\freelancing\\local\\zaheer\\alshaafi\\vendor\\laravel\\framework\\src\\Illuminate\\Pipeline\\Pipeline.php(183): Illuminate\\Cookie\\Middleware\\AddQueuedCookiesToResponse->handle(Object(Illuminate\\Http\\Request), Object(Closure))
#28 E:\\freelancing\\local\\zaheer\\alshaafi\\vendor\\laravel\\framework\\src\\Illuminate\\Cookie\\Middleware\\EncryptCookies.php(75): Illuminate\\Pipeline\\Pipeline->Illuminate\\Pipeline\\{closure}(Object(Illuminate\\Http\\Request))
#29 E:\\freelancing\\local\\zaheer\\alshaafi\\vendor\\laravel\\framework\\src\\Illuminate\\Pipeline\\Pipeline.php(183): Illuminate\\Cookie\\Middleware\\EncryptCookies->handle(Object(Illuminate\\Http\\Request), Object(Closure))
#30 E:\\freelancing\\local\\zaheer\\alshaafi\\vendor\\laravel\\framework\\src\\Illuminate\\Pipeline\\Pipeline.php(119): Illuminate\\Pipeline\\Pipeline->Illuminate\\Pipeline\\{closure}(Object(Illuminate\\Http\\Request))
#31 E:\\freelancing\\local\\zaheer\\alshaafi\\vendor\\laravel\\framework\\src\\Illuminate\\Routing\\Router.php(807): Illuminate\\Pipeline\\Pipeline->then(Object(Closure))
#32 E:\\freelancing\\local\\zaheer\\alshaafi\\vendor\\laravel\\framework\\src\\Illuminate\\Routing\\Router.php(786): Illuminate\\Routing\\Router->runRouteWithinStack(Object(Illuminate\\Routing\\Route), Object(Illuminate\\Http\\Request))
#33 E:\\freelancing\\local\\zaheer\\alshaafi\\vendor\\laravel\\framework\\src\\Illuminate\\Routing\\Router.php(750): Illuminate\\Routing\\Router->runRoute(Object(Illuminate\\Http\\Request), Object(Illuminate\\Routing\\Route))
#34 E:\\freelancing\\local\\zaheer\\alshaafi\\vendor\\laravel\\framework\\src\\Illuminate\\Routing\\Router.php(739): Illuminate\\Routing\\Router->dispatchToRoute(Object(Illuminate\\Http\\Request))
#35 E:\\freelancing\\local\\zaheer\\alshaafi\\vendor\\laravel\\framework\\src\\Illuminate\\Foundation\\Http\\Kernel.php(200): Illuminate\\Routing\\Router->dispatch(Object(Illuminate\\Http\\Request))
#36 E:\\freelancing\\local\\zaheer\\alshaafi\\vendor\\laravel\\framework\\src\\Illuminate\\Pipeline\\Pipeline.php(144): Illuminate\\Foundation\\Http\\Kernel->Illuminate\\Foundation\\Http\\{closure}(Object(Illuminate\\Http\\Request))
#37 E:\\freelancing\\local\\zaheer\\alshaafi\\vendor\\livewire\\livewire\\src\\Features\\SupportDisablingBackButtonCache\\DisableBackButtonCacheMiddleware.php(19): Illuminate\\Pipeline\\Pipeline->Illuminate\\Pipeline\\{closure}(Object(Illuminate\\Http\\Request))
#38 E:\\freelancing\\local\\zaheer\\alshaafi\\vendor\\laravel\\framework\\src\\Illuminate\\Pipeline\\Pipeline.php(183): Livewire\\Features\\SupportDisablingBackButtonCache\\DisableBackButtonCacheMiddleware->handle(Object(Illuminate\\Http\\Request), Object(Closure))
#39 E:\\freelancing\\local\\zaheer\\alshaafi\\vendor\\laravel\\framework\\src\\Illuminate\\Foundation\\Http\\Middleware\\TransformsRequest.php(21): Illuminate\\Pipeline\\Pipeline->Illuminate\\Pipeline\\{closure}(Object(Illuminate\\Http\\Request))
#40 E:\\freelancing\\local\\zaheer\\alshaafi\\vendor\\laravel\\framework\\src\\Illuminate\\Foundation\\Http\\Middleware\\ConvertEmptyStringsToNull.php(31): Illuminate\\Foundation\\Http\\Middleware\\TransformsRequest->handle(Object(Illuminate\\Http\\Request), Object(Closure))
#41 E:\\freelancing\\local\\zaheer\\alshaafi\\vendor\\laravel\\framework\\src\\Illuminate\\Pipeline\\Pipeline.php(183): Illuminate\\Foundation\\Http\\Middleware\\ConvertEmptyStringsToNull->handle(Object(Illuminate\\Http\\Request), Object(Closure))
#42 E:\\freelancing\\local\\zaheer\\alshaafi\\vendor\\laravel\\framework\\src\\Illuminate\\Foundation\\Http\\Middleware\\TransformsRequest.php(21): Illuminate\\Pipeline\\Pipeline->Illuminate\\Pipeline\\{closure}(Object(Illuminate\\Http\\Request))
#43 E:\\freelancing\\local\\zaheer\\alshaafi\\vendor\\laravel\\framework\\src\\Illuminate\\Foundation\\Http\\Middleware\\TrimStrings.php(51): Illuminate\\Foundation\\Http\\Middleware\\TransformsRequest->handle(Object(Illuminate\\Http\\Request), Object(Closure))
#44 E:\\freelancing\\local\\zaheer\\alshaafi\\vendor\\laravel\\framework\\src\\Illuminate\\Pipeline\\Pipeline.php(183): Illuminate\\Foundation\\Http\\Middleware\\TrimStrings->handle(Object(Illuminate\\Http\\Request), Object(Closure))
#45 E:\\freelancing\\local\\zaheer\\alshaafi\\vendor\\laravel\\framework\\src\\Illuminate\\Http\\Middleware\\ValidatePostSize.php(27): Illuminate\\Pipeline\\Pipeline->Illuminate\\Pipeline\\{closure}(Object(Illuminate\\Http\\Request))
#46 E:\\freelancing\\local\\zaheer\\alshaafi\\vendor\\laravel\\framework\\src\\Illuminate\\Pipeline\\Pipeline.php(183): Illuminate\\Http\\Middleware\\ValidatePostSize->handle(Object(Illuminate\\Http\\Request), Object(Closure))
#47 E:\\freelancing\\local\\zaheer\\alshaafi\\vendor\\laravel\\framework\\src\\Illuminate\\Foundation\\Http\\Middleware\\PreventRequestsDuringMaintenance.php(110): Illuminate\\Pipeline\\Pipeline->Illuminate\\Pipeline\\{closure}(Object(Illuminate\\Http\\Request))
#48 E:\\freelancing\\local\\zaheer\\alshaafi\\vendor\\laravel\\framework\\src\\Illuminate\\Pipeline\\Pipeline.php(183): Illuminate\\Foundation\\Http\\Middleware\\PreventRequestsDuringMaintenance->handle(Object(Illuminate\\Http\\Request), Object(Closure))
#49 E:\\freelancing\\local\\zaheer\\alshaafi\\vendor\\laravel\\framework\\src\\Illuminate\\Http\\Middleware\\HandleCors.php(49): Illuminate\\Pipeline\\Pipeline->Illuminate\\Pipeline\\{closure}(Object(Illuminate\\Http\\Request))
#50 E:\\freelancing\\local\\zaheer\\alshaafi\\vendor\\laravel\\framework\\src\\Illuminate\\Pipeline\\Pipeline.php(183): Illuminate\\Http\\Middleware\\HandleCors->handle(Object(Illuminate\\Http\\Request), Object(Closure))
#51 E:\\freelancing\\local\\zaheer\\alshaafi\\vendor\\laravel\\framework\\src\\Illuminate\\Http\\Middleware\\TrustProxies.php(57): Illuminate\\Pipeline\\Pipeline->Illuminate\\Pipeline\\{closure}(Object(Illuminate\\Http\\Request))
#52 E:\\freelancing\\local\\zaheer\\alshaafi\\vendor\\laravel\\framework\\src\\Illuminate\\Pipeline\\Pipeline.php(183): Illuminate\\Http\\Middleware\\TrustProxies->handle(Object(Illuminate\\Http\\Request), Object(Closure))
#53 E:\\freelancing\\local\\zaheer\\alshaafi\\vendor\\laravel\\framework\\src\\Illuminate\\Pipeline\\Pipeline.php(119): Illuminate\\Pipeline\\Pipeline->Illuminate\\Pipeline\\{closure}(Object(Illuminate\\Http\\Request))
#54 E:\\freelancing\\local\\zaheer\\alshaafi\\vendor\\laravel\\framework\\src\\Illuminate\\Foundation\\Http\\Kernel.php(175): Illuminate\\Pipeline\\Pipeline->then(Object(Closure))
#55 E:\\freelancing\\local\\zaheer\\alshaafi\\vendor\\laravel\\framework\\src\\Illuminate\\Foundation\\Http\\Kernel.php(144): Illuminate\\Foundation\\Http\\Kernel->sendRequestThroughRouter(Object(Illuminate\\Http\\Request))
#56 E:\\freelancing\\local\\zaheer\\alshaafi\\vendor\\laravel\\framework\\src\\Illuminate\\Foundation\\Application.php(1188): Illuminate\\Foundation\\Http\\Kernel->handle(Object(Illuminate\\Http\\Request))
#57 E:\\freelancing\\local\\zaheer\\alshaafi\\public\\index.php(17): Illuminate\\Foundation\\Application->handleRequest(Object(Illuminate\\Http\\Request))
#58 E:\\freelancing\\local\\zaheer\\alshaafi\\vendor\\laravel\\framework\\src\\Illuminate\\Foundation\\resources\\server.php(23): require_once('E:\\\\freelancing\\\\...')
#59 {main}

[previous exception] [object] (PDOException(code: 42000): SQLSTATE[42000]: Syntax error or access violation: 1055 'alshafi.products.category_id' isn't in GROUP BY at E:\\freelancing\\local\\zaheer\\alshaafi\\vendor\\laravel\\framework\\src\\Illuminate\\Database\\Connection.php:407)
[stacktrace]
#0 E:\\freelancing\\local\\zaheer\\alshaafi\\vendor\\laravel\\framework\\src\\Illuminate\\Database\\Connection.php(407): PDO->prepare('select count(*)...')
#1 E:\\freelancing\\local\\zaheer\\alshaafi\\vendor\\laravel\\framework\\src\\Illuminate\\Database\\Connection.php(800): Illuminate\\Database\\Connection->Illuminate\\Database\\{closure}('select count(*)...', Array)
#2 E:\\freelancing\\local\\zaheer\\alshaafi\\vendor\\laravel\\framework\\src\\Illuminate\\Database\\Connection.php(767): Illuminate\\Database\\Connection->runQueryCallback('select count(*)...', Array, Object(Closure))
#3 E:\\freelancing\\local\\zaheer\\alshaafi\\vendor\\laravel\\framework\\src\\Illuminate\\Database\\Connection.php(398): Illuminate\\Database\\Connection->run('select count(*)...', Array, Object(Closure))
#4 E:\\freelancing\\local\\zaheer\\alshaafi\\vendor\\laravel\\framework\\src\\Illuminate\\Database\\Query\\Builder.php(2996): Illuminate\\Database\\Connection->select('select count(*)...', Array, true)
#5 E:\\freelancing\\local\\zaheer\\alshaafi\\vendor\\laravel\\framework\\src\\Illuminate\\Database\\Query\\Builder.php(2981): Illuminate\\Database\\Query\\Builder->runSelect()
#6 E:\\freelancing\\local\\zaheer\\alshaafi\\vendor\\laravel\\framework\\src\\Illuminate\\Database\\Query\\Builder.php(3569): Illuminate\\Database\\Query\\Builder->Illuminate\\Database\\Query\\{closure}()
#7 E:\\freelancing\\local\\zaheer\\alshaafi\\vendor\\laravel\\framework\\src\\Illuminate\\Database\\Query\\Builder.php(2980): Illuminate\\Database\\Query\\Builder->onceWithColumns(Array, Object(Closure))
#8 E:\\freelancing\\local\\zaheer\\alshaafi\\vendor\\laravel\\framework\\src\\Illuminate\\Database\\Query\\Builder.php(3167): Illuminate\\Database\\Query\\Builder->get()
#9 E:\\freelancing\\local\\zaheer\\alshaafi\\vendor\\laravel\\framework\\src\\Illuminate\\Database\\Query\\Builder.php(3134): Illuminate\\Database\\Query\\Builder->runPaginationCountQuery(Array)
#10 E:\\freelancing\\local\\zaheer\\alshaafi\\vendor\\laravel\\framework\\src\\Illuminate\\Database\\Eloquent\\Builder.php(977): Illuminate\\Database\\Query\\Builder->getCountForPagination()
#11 E:\\freelancing\\local\\zaheer\\alshaafi\\app\\Http\\Controllers\\WebController.php(123): Illuminate\\Database\\Eloquent\\Builder->paginate(16)
#12 E:\\freelancing\\local\\zaheer\\alshaafi\\vendor\\laravel\\framework\\src\\Illuminate\\Routing\\ControllerDispatcher.php(46): App\\Http\\Controllers\\WebController->products()
#13 E:\\freelancing\\local\\zaheer\\alshaafi\\vendor\\laravel\\framework\\src\\Illuminate\\Routing\\Route.php(260): Illuminate\\Routing\\ControllerDispatcher->dispatch(Object(Illuminate\\Routing\\Route), Object(App\\Http\\Controllers\\WebController), 'products')
#14 E:\\freelancing\\local\\zaheer\\alshaafi\\vendor\\laravel\\framework\\src\\Illuminate\\Routing\\Route.php(206): Illuminate\\Routing\\Route->runController()
#15 E:\\freelancing\\local\\zaheer\\alshaafi\\vendor\\laravel\\framework\\src\\Illuminate\\Routing\\Router.php(808): Illuminate\\Routing\\Route->run()
#16 E:\\freelancing\\local\\zaheer\\alshaafi\\vendor\\laravel\\framework\\src\\Illuminate\\Pipeline\\Pipeline.php(144): Illuminate\\Routing\\Router->Illuminate\\Routing\\{closure}(Object(Illuminate\\Http\\Request))
#17 E:\\freelancing\\local\\zaheer\\alshaafi\\app\\Http\\Middleware\\SetLocaleAndCountry.php(56): Illuminate\\Pipeline\\Pipeline->Illuminate\\Pipeline\\{closure}(Object(Illuminate\\Http\\Request))
#18 E:\\freelancing\\local\\zaheer\\alshaafi\\vendor\\laravel\\framework\\src\\Illuminate\\Pipeline\\Pipeline.php(183): App\\Http\\Middleware\\SetLocaleAndCountry->handle(Object(Illuminate\\Http\\Request), Object(Closure))
#19 E:\\freelancing\\local\\zaheer\\alshaafi\\vendor\\laravel\\framework\\src\\Illuminate\\Routing\\Middleware\\SubstituteBindings.php(50): Illuminate\\Pipeline\\Pipeline->Illuminate\\Pipeline\\{closure}(Object(Illuminate\\Http\\Request))
#20 E:\\freelancing\\local\\zaheer\\alshaafi\\vendor\\laravel\\framework\\src\\Illuminate\\Pipeline\\Pipeline.php(183): Illuminate\\Routing\\Middleware\\SubstituteBindings->handle(Object(Illuminate\\Http\\Request), Object(Closure))
#21 E:\\freelancing\\local\\zaheer\\alshaafi\\vendor\\laravel\\framework\\src\\Illuminate\\Foundation\\Http\\Middleware\\VerifyCsrfToken.php(88): Illuminate\\Pipeline\\Pipeline->Illuminate\\Pipeline\\{closure}(Object(Illuminate\\Http\\Request))
#22 E:\\freelancing\\local\\zaheer\\alshaafi\\vendor\\laravel\\framework\\src\\Illuminate\\Pipeline\\Pipeline.php(183): Illuminate\\Foundation\\Http\\Middleware\\VerifyCsrfToken->handle(Object(Illuminate\\Http\\Request), Object(Closure))
#23 E:\\freelancing\\local\\zaheer\\alshaafi\\vendor\\laravel\\framework\\src\\Illuminate\\View\\Middleware\\ShareErrorsFromSession.php(49): Illuminate\\Pipeline\\Pipeline->Illuminate\\Pipeline\\{closure}(Object(Illuminate\\Http\\Request))
#24 E:\\freelancing\\local\\zaheer\\alshaafi\\vendor\\laravel\\framework\\src\\Illuminate\\Pipeline\\Pipeline.php(183): Illuminate\\View\\Middleware\\ShareErrorsFromSession->handle(Object(Illuminate\\Http\\Request), Object(Closure))
#25 E:\\freelancing\\local\\zaheer\\alshaafi\\vendor\\laravel\\framework\\src\\Illuminate\\Session\\Middleware\\StartSession.php(121): Illuminate\\Pipeline\\Pipeline->Illuminate\\Pipeline\\{closure}(Object(Illuminate\\Http\\Request))
#26 E:\\freelancing\\local\\zaheer\\alshaafi\\vendor\\laravel\\framework\\src\\Illuminate\\Session\\Middleware\\StartSession.php(64): Illuminate\\Session\\Middleware\\StartSession->handleStatefulRequest(Object(Illuminate\\Http\\Request), Object(Illuminate\\Session\\Store), Object(Closure))
#27 E:\\freelancing\\local\\zaheer\\alshaafi\\vendor\\laravel\\framework\\src\\Illuminate\\Pipeline\\Pipeline.php(183): Illuminate\\Session\\Middleware\\StartSession->handle(Object(Illuminate\\Http\\Request), Object(Closure))
#28 E:\\freelancing\\local\\zaheer\\alshaafi\\vendor\\laravel\\framework\\src\\Illuminate\\Cookie\\Middleware\\AddQueuedCookiesToResponse.php(37): Illuminate\\Pipeline\\Pipeline->Illuminate\\Pipeline\\{closure}(Object(Illuminate\\Http\\Request))
#29 E:\\freelancing\\local\\zaheer\\alshaafi\\vendor\\laravel\\framework\\src\\Illuminate\\Pipeline\\Pipeline.php(183): Illuminate\\Cookie\\Middleware\\AddQueuedCookiesToResponse->handle(Object(Illuminate\\Http\\Request), Object(Closure))
#30 E:\\freelancing\\local\\zaheer\\alshaafi\\vendor\\laravel\\framework\\src\\Illuminate\\Cookie\\Middleware\\EncryptCookies.php(75): Illuminate\\Pipeline\\Pipeline->Illuminate\\Pipeline\\{closure}(Object(Illuminate\\Http\\Request))
#31 E:\\freelancing\\local\\zaheer\\alshaafi\\vendor\\laravel\\framework\\src\\Illuminate\\Pipeline\\Pipeline.php(183): Illuminate\\Cookie\\Middleware\\EncryptCookies->handle(Object(Illuminate\\Http\\Request), Object(Closure))
#32 E:\\freelancing\\local\\zaheer\\alshaafi\\vendor\\laravel\\framework\\src\\Illuminate\\Pipeline\\Pipeline.php(119): Illuminate\\Pipeline\\Pipeline->Illuminate\\Pipeline\\{closure}(Object(Illuminate\\Http\\Request))
#33 E:\\freelancing\\local\\zaheer\\alshaafi\\vendor\\laravel\\framework\\src\\Illuminate\\Routing\\Router.php(807): Illuminate\\Pipeline\\Pipeline->then(Object(Closure))
#34 E:\\freelancing\\local\\zaheer\\alshaafi\\vendor\\laravel\\framework\\src\\Illuminate\\Routing\\Router.php(786): Illuminate\\Routing\\Router->runRouteWithinStack(Object(Illuminate\\Routing\\Route), Object(Illuminate\\Http\\Request))
#35 E:\\freelancing\\local\\zaheer\\alshaafi\\vendor\\laravel\\framework\\src\\Illuminate\\Routing\\Router.php(750): Illuminate\\Routing\\Router->runRoute(Object(Illuminate\\Http\\Request), Object(Illuminate\\Routing\\Route))
#36 E:\\freelancing\\local\\zaheer\\alshaafi\\vendor\\laravel\\framework\\src\\Illuminate\\Routing\\Router.php(739): Illuminate\\Routing\\Router->dispatchToRoute(Object(Illuminate\\Http\\Request))
#37 E:\\freelancing\\local\\zaheer\\alshaafi\\vendor\\laravel\\framework\\src\\Illuminate\\Foundation\\Http\\Kernel.php(200): Illuminate\\Routing\\Router->dispatch(Object(Illuminate\\Http\\Request))
#38 E:\\freelancing\\local\\zaheer\\alshaafi\\vendor\\laravel\\framework\\src\\Illuminate\\Pipeline\\Pipeline.php(144): Illuminate\\Foundation\\Http\\Kernel->Illuminate\\Foundation\\Http\\{closure}(Object(Illuminate\\Http\\Request))
#39 E:\\freelancing\\local\\zaheer\\alshaafi\\vendor\\livewire\\livewire\\src\\Features\\SupportDisablingBackButtonCache\\DisableBackButtonCacheMiddleware.php(19): Illuminate\\Pipeline\\Pipeline->Illuminate\\Pipeline\\{closure}(Object(Illuminate\\Http\\Request))
#40 E:\\freelancing\\local\\zaheer\\alshaafi\\vendor\\laravel\\framework\\src\\Illuminate\\Pipeline\\Pipeline.php(183): Livewire\\Features\\SupportDisablingBackButtonCache\\DisableBackButtonCacheMiddleware->handle(Object(Illuminate\\Http\\Request), Object(Closure))
#41 E:\\freelancing\\local\\zaheer\\alshaafi\\vendor\\laravel\\framework\\src\\Illuminate\\Foundation\\Http\\Middleware\\TransformsRequest.php(21): Illuminate\\Pipeline\\Pipeline->Illuminate\\Pipeline\\{closure}(Object(Illuminate\\Http\\Request))
#42 E:\\freelancing\\local\\zaheer\\alshaafi\\vendor\\laravel\\framework\\src\\Illuminate\\Foundation\\Http\\Middleware\\ConvertEmptyStringsToNull.php(31): Illuminate\\Foundation\\Http\\Middleware\\TransformsRequest->handle(Object(Illuminate\\Http\\Request), Object(Closure))
#43 E:\\freelancing\\local\\zaheer\\alshaafi\\vendor\\laravel\\framework\\src\\Illuminate\\Pipeline\\Pipeline.php(183): Illuminate\\Foundation\\Http\\Middleware\\ConvertEmptyStringsToNull->handle(Object(Illuminate\\Http\\Request), Object(Closure))
#44 E:\\freelancing\\local\\zaheer\\alshaafi\\vendor\\laravel\\framework\\src\\Illuminate\\Foundation\\Http\\Middleware\\TransformsRequest.php(21): Illuminate\\Pipeline\\Pipeline->Illuminate\\Pipeline\\{closure}(Object(Illuminate\\Http\\Request))
#45 E:\\freelancing\\local\\zaheer\\alshaafi\\vendor\\laravel\\framework\\src\\Illuminate\\Foundation\\Http\\Middleware\\TrimStrings.php(51): Illuminate\\Foundation\\Http\\Middleware\\TransformsRequest->handle(Object(Illuminate\\Http\\Request), Object(Closure))
#46 E:\\freelancing\\local\\zaheer\\alshaafi\\vendor\\laravel\\framework\\src\\Illuminate\\Pipeline\\Pipeline.php(183): Illuminate\\Foundation\\Http\\Middleware\\TrimStrings->handle(Object(Illuminate\\Http\\Request), Object(Closure))
#47 E:\\freelancing\\local\\zaheer\\alshaafi\\vendor\\laravel\\framework\\src\\Illuminate\\Http\\Middleware\\ValidatePostSize.php(27): Illuminate\\Pipeline\\Pipeline->Illuminate\\Pipeline\\{closure}(Object(Illuminate\\Http\\Request))
#48 E:\\freelancing\\local\\zaheer\\alshaafi\\vendor\\laravel\\framework\\src\\Illuminate\\Pipeline\\Pipeline.php(183): Illuminate\\Http\\Middleware\\ValidatePostSize->handle(Object(Illuminate\\Http\\Request), Object(Closure))
#49 E:\\freelancing\\local\\zaheer\\alshaafi\\vendor\\laravel\\framework\\src\\Illuminate\\Foundation\\Http\\Middleware\\PreventRequestsDuringMaintenance.php(110): Illuminate\\Pipeline\\Pipeline->Illuminate\\Pipeline\\{closure}(Object(Illuminate\\Http\\Request))
#50 E:\\freelancing\\local\\zaheer\\alshaafi\\vendor\\laravel\\framework\\src\\Illuminate\\Pipeline\\Pipeline.php(183): Illuminate\\Foundation\\Http\\Middleware\\PreventRequestsDuringMaintenance->handle(Object(Illuminate\\Http\\Request), Object(Closure))
#51 E:\\freelancing\\local\\zaheer\\alshaafi\\vendor\\laravel\\framework\\src\\Illuminate\\Http\\Middleware\\HandleCors.php(49): Illuminate\\Pipeline\\Pipeline->Illuminate\\Pipeline\\{closure}(Object(Illuminate\\Http\\Request))
#52 E:\\freelancing\\local\\zaheer\\alshaafi\\vendor\\laravel\\framework\\src\\Illuminate\\Pipeline\\Pipeline.php(183): Illuminate\\Http\\Middleware\\HandleCors->handle(Object(Illuminate\\Http\\Request), Object(Closure))
#53 E:\\freelancing\\local\\zaheer\\alshaafi\\vendor\\laravel\\framework\\src\\Illuminate\\Http\\Middleware\\TrustProxies.php(57): Illuminate\\Pipeline\\Pipeline->Illuminate\\Pipeline\\{closure}(Object(Illuminate\\Http\\Request))
#54 E:\\freelancing\\local\\zaheer\\alshaafi\\vendor\\laravel\\framework\\src\\Illuminate\\Pipeline\\Pipeline.php(183): Illuminate\\Http\\Middleware\\TrustProxies->handle(Object(Illuminate\\Http\\Request), Object(Closure))
#55 E:\\freelancing\\local\\zaheer\\alshaafi\\vendor\\laravel\\framework\\src\\Illuminate\\Pipeline\\Pipeline.php(119): Illuminate\\Pipeline\\Pipeline->Illuminate\\Pipeline\\{closure}(Object(Illuminate\\Http\\Request))
#56 E:\\freelancing\\local\\zaheer\\alshaafi\\vendor\\laravel\\framework\\src\\Illuminate\\Foundation\\Http\\Kernel.php(175): Illuminate\\Pipeline\\Pipeline->then(Object(Closure))
#57 E:\\freelancing\\local\\zaheer\\alshaafi\\vendor\\laravel\\framework\\src\\Illuminate\\Foundation\\Http\\Kernel.php(144): Illuminate\\Foundation\\Http\\Kernel->sendRequestThroughRouter(Object(Illuminate\\Http\\Request))
#58 E:\\freelancing\\local\\zaheer\\alshaafi\\vendor\\laravel\\framework\\src\\Illuminate\\Foundation\\Application.php(1188): Illuminate\\Foundation\\Http\\Kernel->handle(Object(Illuminate\\Http\\Request))
#59 E:\\freelancing\\local\\zaheer\\alshaafi\\public\\index.php(17): Illuminate\\Foundation\\Application->handleRequest(Object(Illuminate\\Http\\Request))
#60 E:\\freelancing\\local\\zaheer\\alshaafi\\vendor\\laravel\\framework\\src\\Illuminate\\Foundation\\resources\\server.php(23): require_once('E:\\\\freelancing\\\\...')
#61 {main}
"} 
[2025-07-03 13:18:10] local.ERROR: PHP Parse error: Syntax error, unexpected T_NS_SEPARATOR on line 2 {"exception":"[object] (Psy\\Exception\\ParseErrorException(code: 0): PHP Parse error: Syntax error, unexpected T_NS_SEPARATOR on line 2 at E:\\freelancing\\local\\zaheer\\alshaafi\\vendor\\psy\\psysh\\src\\Exception\\ParseErrorException.php:44)
[stacktrace]
#0 E:\\freelancing\\local\\zaheer\\alshaafi\\vendor\\psy\\psysh\\src\\CodeCleaner.php(311): Psy\\Exception\\ParseErrorException::fromParseError(Object(PhpParser\\Error))
#1 E:\\freelancing\\local\\zaheer\\alshaafi\\vendor\\psy\\psysh\\src\\CodeCleaner.php(240): Psy\\CodeCleaner->parse('<?php \\n\\\\ = \\\\App...', false)
#2 E:\\freelancing\\local\\zaheer\\alshaafi\\vendor\\psy\\psysh\\src\\Shell.php(848): Psy\\CodeCleaner->clean(Array, false)
#3 E:\\freelancing\\local\\zaheer\\alshaafi\\vendor\\psy\\psysh\\src\\Shell.php(877): Psy\\Shell->addCode('\\n\\\\ = \\\\App\\\\Model...', true)
#4 E:\\freelancing\\local\\zaheer\\alshaafi\\vendor\\psy\\psysh\\src\\Shell.php(1342): Psy\\Shell->setCode('\\n\\\\ = \\\\App\\\\Model...', true)
#5 E:\\freelancing\\local\\zaheer\\alshaafi\\vendor\\laravel\\tinker\\src\\Console\\TinkerCommand.php(76): Psy\\Shell->execute('\\n\\\\ = \\\\App\\\\Model...')
#6 E:\\freelancing\\local\\zaheer\\alshaafi\\vendor\\laravel\\framework\\src\\Illuminate\\Container\\BoundMethod.php(36): Laravel\\Tinker\\Console\\TinkerCommand->handle()
#7 E:\\freelancing\\local\\zaheer\\alshaafi\\vendor\\laravel\\framework\\src\\Illuminate\\Container\\Util.php(41): Illuminate\\Container\\BoundMethod::Illuminate\\Container\\{closure}()
#8 E:\\freelancing\\local\\zaheer\\alshaafi\\vendor\\laravel\\framework\\src\\Illuminate\\Container\\BoundMethod.php(93): Illuminate\\Container\\Util::unwrapIfClosure(Object(Closure))
#9 E:\\freelancing\\local\\zaheer\\alshaafi\\vendor\\laravel\\framework\\src\\Illuminate\\Container\\BoundMethod.php(35): Illuminate\\Container\\BoundMethod::callBoundMethod(Object(Illuminate\\Foundation\\Application), Array, Object(Closure))
#10 E:\\freelancing\\local\\zaheer\\alshaafi\\vendor\\laravel\\framework\\src\\Illuminate\\Container\\Container.php(690): Illuminate\\Container\\BoundMethod::call(Object(Illuminate\\Foundation\\Application), Array, Array, NULL)
#11 E:\\freelancing\\local\\zaheer\\alshaafi\\vendor\\laravel\\framework\\src\\Illuminate\\Console\\Command.php(213): Illuminate\\Container\\Container->call(Array)
#12 E:\\freelancing\\local\\zaheer\\alshaafi\\vendor\\symfony\\console\\Command\\Command.php(279): Illuminate\\Console\\Command->execute(Object(Symfony\\Component\\Console\\Input\\ArgvInput), Object(Illuminate\\Console\\OutputStyle))
#13 E:\\freelancing\\local\\zaheer\\alshaafi\\vendor\\laravel\\framework\\src\\Illuminate\\Console\\Command.php(182): Symfony\\Component\\Console\\Command\\Command->run(Object(Symfony\\Component\\Console\\Input\\ArgvInput), Object(Illuminate\\Console\\OutputStyle))
#14 E:\\freelancing\\local\\zaheer\\alshaafi\\vendor\\symfony\\console\\Application.php(1047): Illuminate\\Console\\Command->run(Object(Symfony\\Component\\Console\\Input\\ArgvInput), Object(Symfony\\Component\\Console\\Output\\ConsoleOutput))
#15 E:\\freelancing\\local\\zaheer\\alshaafi\\vendor\\symfony\\console\\Application.php(316): Symfony\\Component\\Console\\Application->doRunCommand(Object(Laravel\\Tinker\\Console\\TinkerCommand), Object(Symfony\\Component\\Console\\Input\\ArgvInput), Object(Symfony\\Component\\Console\\Output\\ConsoleOutput))
#16 E:\\freelancing\\local\\zaheer\\alshaafi\\vendor\\symfony\\console\\Application.php(167): Symfony\\Component\\Console\\Application->doRun(Object(Symfony\\Component\\Console\\Input\\ArgvInput), Object(Symfony\\Component\\Console\\Output\\ConsoleOutput))
#17 E:\\freelancing\\local\\zaheer\\alshaafi\\vendor\\laravel\\framework\\src\\Illuminate\\Foundation\\Console\\Kernel.php(196): Symfony\\Component\\Console\\Application->run(Object(Symfony\\Component\\Console\\Input\\ArgvInput), Object(Symfony\\Component\\Console\\Output\\ConsoleOutput))
#18 E:\\freelancing\\local\\zaheer\\alshaafi\\vendor\\laravel\\framework\\src\\Illuminate\\Foundation\\Application.php(1203): Illuminate\\Foundation\\Console\\Kernel->handle(Object(Symfony\\Component\\Console\\Input\\ArgvInput), Object(Symfony\\Component\\Console\\Output\\ConsoleOutput))
#19 E:\\freelancing\\local\\zaheer\\alshaafi\\artisan(13): Illuminate\\Foundation\\Application->handleCommand(Object(Symfony\\Component\\Console\\Input\\ArgvInput))
#20 {main}
"} 
[2025-07-03 13:22:40] local.ERROR: SQLSTATE[23000]: Integrity constraint violation: 1452 Cannot add or update a child row: a foreign key constraint fails (`alshafi`.`#sql-2ae8_258`, CONSTRAINT `blog_posts_country_id_foreign` FOREIGN KEY (`country_id`) REFERENCES `countries` (`id`)) (Connection: mysql, SQL: alter table `blog_posts` add constraint `blog_posts_country_id_foreign` foreign key (`country_id`) references `countries` (`id`)) {"exception":"[object] (Illuminate\\Database\\QueryException(code: 23000): SQLSTATE[23000]: Integrity constraint violation: 1452 Cannot add or update a child row: a foreign key constraint fails (`alshafi`.`#sql-2ae8_258`, CONSTRAINT `blog_posts_country_id_foreign` FOREIGN KEY (`country_id`) REFERENCES `countries` (`id`)) (Connection: mysql, SQL: alter table `blog_posts` add constraint `blog_posts_country_id_foreign` foreign key (`country_id`) references `countries` (`id`)) at E:\\freelancing\\local\\zaheer\\alshaafi\\vendor\\laravel\\framework\\src\\Illuminate\\Database\\Connection.php:813)
[stacktrace]
#0 E:\\freelancing\\local\\zaheer\\alshaafi\\vendor\\laravel\\framework\\src\\Illuminate\\Database\\Connection.php(767): Illuminate\\Database\\Connection->runQueryCallback('alter table `bl...', Array, Object(Closure))
#1 E:\\freelancing\\local\\zaheer\\alshaafi\\vendor\\laravel\\framework\\src\\Illuminate\\Database\\Connection.php(560): Illuminate\\Database\\Connection->run('alter table `bl...', Array, Object(Closure))
#2 E:\\freelancing\\local\\zaheer\\alshaafi\\vendor\\laravel\\framework\\src\\Illuminate\\Database\\Schema\\Blueprint.php(117): Illuminate\\Database\\Connection->statement('alter table `bl...')
#3 E:\\freelancing\\local\\zaheer\\alshaafi\\vendor\\laravel\\framework\\src\\Illuminate\\Database\\Schema\\Builder.php(564): Illuminate\\Database\\Schema\\Blueprint->build(Object(Illuminate\\Database\\MySqlConnection), Object(Illuminate\\Database\\Schema\\Grammars\\MySqlGrammar))
#4 E:\\freelancing\\local\\zaheer\\alshaafi\\vendor\\laravel\\framework\\src\\Illuminate\\Database\\Schema\\Builder.php(406): Illuminate\\Database\\Schema\\Builder->build(Object(Illuminate\\Database\\Schema\\Blueprint))
#5 E:\\freelancing\\local\\zaheer\\alshaafi\\vendor\\laravel\\framework\\src\\Illuminate\\Support\\Facades\\Facade.php(357): Illuminate\\Database\\Schema\\Builder->table('blog_posts', Object(Closure))
#6 E:\\freelancing\\local\\zaheer\\alshaafi\\database\\migrations\\2025_07_03_132201_add_country_id_to_blog_posts_table.php(14): Illuminate\\Support\\Facades\\Facade::__callStatic('table', Array)
#7 E:\\freelancing\\local\\zaheer\\alshaafi\\vendor\\laravel\\framework\\src\\Illuminate\\Database\\Migrations\\Migrator.php(475): Illuminate\\Database\\Migrations\\Migration@anonymous->up()
#8 E:\\freelancing\\local\\zaheer\\alshaafi\\vendor\\laravel\\framework\\src\\Illuminate\\Database\\Migrations\\Migrator.php(400): Illuminate\\Database\\Migrations\\Migrator->runMethod(Object(Illuminate\\Database\\MySqlConnection), Object(Illuminate\\Database\\Migrations\\Migration@anonymous), 'up')
#9 E:\\freelancing\\local\\zaheer\\alshaafi\\vendor\\laravel\\framework\\src\\Illuminate\\Database\\Migrations\\Migrator.php(409): Illuminate\\Database\\Migrations\\Migrator->Illuminate\\Database\\Migrations\\{closure}()
#10 E:\\freelancing\\local\\zaheer\\alshaafi\\vendor\\laravel\\framework\\src\\Illuminate\\Database\\Migrations\\Migrator.php(212): Illuminate\\Database\\Migrations\\Migrator->runMigration(Object(Illuminate\\Database\\Migrations\\Migration@anonymous), 'up')
#11 E:\\freelancing\\local\\zaheer\\alshaafi\\vendor\\laravel\\framework\\src\\Illuminate\\Console\\View\\Components\\Task.php(40): Illuminate\\Database\\Migrations\\Migrator->Illuminate\\Database\\Migrations\\{closure}()
#12 E:\\freelancing\\local\\zaheer\\alshaafi\\vendor\\laravel\\framework\\src\\Illuminate\\Database\\Migrations\\Migrator.php(736): Illuminate\\Console\\View\\Components\\Task->render('2025_07_03_1322...', Object(Closure))
#13 E:\\freelancing\\local\\zaheer\\alshaafi\\vendor\\laravel\\framework\\src\\Illuminate\\Database\\Migrations\\Migrator.php(212): Illuminate\\Database\\Migrations\\Migrator->write('Illuminate\\\\Cons...', '2025_07_03_1322...', Object(Closure))
#14 E:\\freelancing\\local\\zaheer\\alshaafi\\vendor\\laravel\\framework\\src\\Illuminate\\Database\\Migrations\\Migrator.php(179): Illuminate\\Database\\Migrations\\Migrator->runUp('E:\\\\freelancing\\\\...', 3, false)
#15 E:\\freelancing\\local\\zaheer\\alshaafi\\vendor\\laravel\\framework\\src\\Illuminate\\Database\\Migrations\\Migrator.php(122): Illuminate\\Database\\Migrations\\Migrator->runPending(Array, Array)
#16 E:\\freelancing\\local\\zaheer\\alshaafi\\vendor\\laravel\\framework\\src\\Illuminate\\Database\\Console\\Migrations\\MigrateCommand.php(116): Illuminate\\Database\\Migrations\\Migrator->run(Array, Array)
#17 E:\\freelancing\\local\\zaheer\\alshaafi\\vendor\\laravel\\framework\\src\\Illuminate\\Database\\Migrations\\Migrator.php(615): Illuminate\\Database\\Console\\Migrations\\MigrateCommand->Illuminate\\Database\\Console\\Migrations\\{closure}()
#18 E:\\freelancing\\local\\zaheer\\alshaafi\\vendor\\laravel\\framework\\src\\Illuminate\\Database\\Console\\Migrations\\MigrateCommand.php(109): Illuminate\\Database\\Migrations\\Migrator->usingConnection(NULL, Object(Closure))
#19 E:\\freelancing\\local\\zaheer\\alshaafi\\vendor\\laravel\\framework\\src\\Illuminate\\Database\\Console\\Migrations\\MigrateCommand.php(88): Illuminate\\Database\\Console\\Migrations\\MigrateCommand->runMigrations()
#20 E:\\freelancing\\local\\zaheer\\alshaafi\\vendor\\laravel\\framework\\src\\Illuminate\\Container\\BoundMethod.php(36): Illuminate\\Database\\Console\\Migrations\\MigrateCommand->handle()
#21 E:\\freelancing\\local\\zaheer\\alshaafi\\vendor\\laravel\\framework\\src\\Illuminate\\Container\\Util.php(41): Illuminate\\Container\\BoundMethod::Illuminate\\Container\\{closure}()
#22 E:\\freelancing\\local\\zaheer\\alshaafi\\vendor\\laravel\\framework\\src\\Illuminate\\Container\\BoundMethod.php(93): Illuminate\\Container\\Util::unwrapIfClosure(Object(Closure))
#23 E:\\freelancing\\local\\zaheer\\alshaafi\\vendor\\laravel\\framework\\src\\Illuminate\\Container\\BoundMethod.php(35): Illuminate\\Container\\BoundMethod::callBoundMethod(Object(Illuminate\\Foundation\\Application), Array, Object(Closure))
#24 E:\\freelancing\\local\\zaheer\\alshaafi\\vendor\\laravel\\framework\\src\\Illuminate\\Container\\Container.php(690): Illuminate\\Container\\BoundMethod::call(Object(Illuminate\\Foundation\\Application), Array, Array, NULL)
#25 E:\\freelancing\\local\\zaheer\\alshaafi\\vendor\\laravel\\framework\\src\\Illuminate\\Console\\Command.php(213): Illuminate\\Container\\Container->call(Array)
#26 E:\\freelancing\\local\\zaheer\\alshaafi\\vendor\\symfony\\console\\Command\\Command.php(279): Illuminate\\Console\\Command->execute(Object(Symfony\\Component\\Console\\Input\\ArgvInput), Object(Illuminate\\Console\\OutputStyle))
#27 E:\\freelancing\\local\\zaheer\\alshaafi\\vendor\\laravel\\framework\\src\\Illuminate\\Console\\Command.php(182): Symfony\\Component\\Console\\Command\\Command->run(Object(Symfony\\Component\\Console\\Input\\ArgvInput), Object(Illuminate\\Console\\OutputStyle))
#28 E:\\freelancing\\local\\zaheer\\alshaafi\\vendor\\symfony\\console\\Application.php(1047): Illuminate\\Console\\Command->run(Object(Symfony\\Component\\Console\\Input\\ArgvInput), Object(Symfony\\Component\\Console\\Output\\ConsoleOutput))
#29 E:\\freelancing\\local\\zaheer\\alshaafi\\vendor\\symfony\\console\\Application.php(316): Symfony\\Component\\Console\\Application->doRunCommand(Object(Illuminate\\Database\\Console\\Migrations\\MigrateCommand), Object(Symfony\\Component\\Console\\Input\\ArgvInput), Object(Symfony\\Component\\Console\\Output\\ConsoleOutput))
#30 E:\\freelancing\\local\\zaheer\\alshaafi\\vendor\\symfony\\console\\Application.php(167): Symfony\\Component\\Console\\Application->doRun(Object(Symfony\\Component\\Console\\Input\\ArgvInput), Object(Symfony\\Component\\Console\\Output\\ConsoleOutput))
#31 E:\\freelancing\\local\\zaheer\\alshaafi\\vendor\\laravel\\framework\\src\\Illuminate\\Foundation\\Console\\Kernel.php(196): Symfony\\Component\\Console\\Application->run(Object(Symfony\\Component\\Console\\Input\\ArgvInput), Object(Symfony\\Component\\Console\\Output\\ConsoleOutput))
#32 E:\\freelancing\\local\\zaheer\\alshaafi\\vendor\\laravel\\framework\\src\\Illuminate\\Foundation\\Application.php(1203): Illuminate\\Foundation\\Console\\Kernel->handle(Object(Symfony\\Component\\Console\\Input\\ArgvInput), Object(Symfony\\Component\\Console\\Output\\ConsoleOutput))
#33 E:\\freelancing\\local\\zaheer\\alshaafi\\artisan(13): Illuminate\\Foundation\\Application->handleCommand(Object(Symfony\\Component\\Console\\Input\\ArgvInput))
#34 {main}

[previous exception] [object] (PDOException(code: 23000): SQLSTATE[23000]: Integrity constraint violation: 1452 Cannot add or update a child row: a foreign key constraint fails (`alshafi`.`#sql-2ae8_258`, CONSTRAINT `blog_posts_country_id_foreign` FOREIGN KEY (`country_id`) REFERENCES `countries` (`id`)) at E:\\freelancing\\local\\zaheer\\alshaafi\\vendor\\laravel\\framework\\src\\Illuminate\\Database\\Connection.php:571)
[stacktrace]
#0 E:\\freelancing\\local\\zaheer\\alshaafi\\vendor\\laravel\\framework\\src\\Illuminate\\Database\\Connection.php(571): PDOStatement->execute()
#1 E:\\freelancing\\local\\zaheer\\alshaafi\\vendor\\laravel\\framework\\src\\Illuminate\\Database\\Connection.php(800): Illuminate\\Database\\Connection->Illuminate\\Database\\{closure}('alter table `bl...', Array)
#2 E:\\freelancing\\local\\zaheer\\alshaafi\\vendor\\laravel\\framework\\src\\Illuminate\\Database\\Connection.php(767): Illuminate\\Database\\Connection->runQueryCallback('alter table `bl...', Array, Object(Closure))
#3 E:\\freelancing\\local\\zaheer\\alshaafi\\vendor\\laravel\\framework\\src\\Illuminate\\Database\\Connection.php(560): Illuminate\\Database\\Connection->run('alter table `bl...', Array, Object(Closure))
#4 E:\\freelancing\\local\\zaheer\\alshaafi\\vendor\\laravel\\framework\\src\\Illuminate\\Database\\Schema\\Blueprint.php(117): Illuminate\\Database\\Connection->statement('alter table `bl...')
#5 E:\\freelancing\\local\\zaheer\\alshaafi\\vendor\\laravel\\framework\\src\\Illuminate\\Database\\Schema\\Builder.php(564): Illuminate\\Database\\Schema\\Blueprint->build(Object(Illuminate\\Database\\MySqlConnection), Object(Illuminate\\Database\\Schema\\Grammars\\MySqlGrammar))
#6 E:\\freelancing\\local\\zaheer\\alshaafi\\vendor\\laravel\\framework\\src\\Illuminate\\Database\\Schema\\Builder.php(406): Illuminate\\Database\\Schema\\Builder->build(Object(Illuminate\\Database\\Schema\\Blueprint))
#7 E:\\freelancing\\local\\zaheer\\alshaafi\\vendor\\laravel\\framework\\src\\Illuminate\\Support\\Facades\\Facade.php(357): Illuminate\\Database\\Schema\\Builder->table('blog_posts', Object(Closure))
#8 E:\\freelancing\\local\\zaheer\\alshaafi\\database\\migrations\\2025_07_03_132201_add_country_id_to_blog_posts_table.php(14): Illuminate\\Support\\Facades\\Facade::__callStatic('table', Array)
#9 E:\\freelancing\\local\\zaheer\\alshaafi\\vendor\\laravel\\framework\\src\\Illuminate\\Database\\Migrations\\Migrator.php(475): Illuminate\\Database\\Migrations\\Migration@anonymous->up()
#10 E:\\freelancing\\local\\zaheer\\alshaafi\\vendor\\laravel\\framework\\src\\Illuminate\\Database\\Migrations\\Migrator.php(400): Illuminate\\Database\\Migrations\\Migrator->runMethod(Object(Illuminate\\Database\\MySqlConnection), Object(Illuminate\\Database\\Migrations\\Migration@anonymous), 'up')
#11 E:\\freelancing\\local\\zaheer\\alshaafi\\vendor\\laravel\\framework\\src\\Illuminate\\Database\\Migrations\\Migrator.php(409): Illuminate\\Database\\Migrations\\Migrator->Illuminate\\Database\\Migrations\\{closure}()
#12 E:\\freelancing\\local\\zaheer\\alshaafi\\vendor\\laravel\\framework\\src\\Illuminate\\Database\\Migrations\\Migrator.php(212): Illuminate\\Database\\Migrations\\Migrator->runMigration(Object(Illuminate\\Database\\Migrations\\Migration@anonymous), 'up')
#13 E:\\freelancing\\local\\zaheer\\alshaafi\\vendor\\laravel\\framework\\src\\Illuminate\\Console\\View\\Components\\Task.php(40): Illuminate\\Database\\Migrations\\Migrator->Illuminate\\Database\\Migrations\\{closure}()
#14 E:\\freelancing\\local\\zaheer\\alshaafi\\vendor\\laravel\\framework\\src\\Illuminate\\Database\\Migrations\\Migrator.php(736): Illuminate\\Console\\View\\Components\\Task->render('2025_07_03_1322...', Object(Closure))
#15 E:\\freelancing\\local\\zaheer\\alshaafi\\vendor\\laravel\\framework\\src\\Illuminate\\Database\\Migrations\\Migrator.php(212): Illuminate\\Database\\Migrations\\Migrator->write('Illuminate\\\\Cons...', '2025_07_03_1322...', Object(Closure))
#16 E:\\freelancing\\local\\zaheer\\alshaafi\\vendor\\laravel\\framework\\src\\Illuminate\\Database\\Migrations\\Migrator.php(179): Illuminate\\Database\\Migrations\\Migrator->runUp('E:\\\\freelancing\\\\...', 3, false)
#17 E:\\freelancing\\local\\zaheer\\alshaafi\\vendor\\laravel\\framework\\src\\Illuminate\\Database\\Migrations\\Migrator.php(122): Illuminate\\Database\\Migrations\\Migrator->runPending(Array, Array)
#18 E:\\freelancing\\local\\zaheer\\alshaafi\\vendor\\laravel\\framework\\src\\Illuminate\\Database\\Console\\Migrations\\MigrateCommand.php(116): Illuminate\\Database\\Migrations\\Migrator->run(Array, Array)
#19 E:\\freelancing\\local\\zaheer\\alshaafi\\vendor\\laravel\\framework\\src\\Illuminate\\Database\\Migrations\\Migrator.php(615): Illuminate\\Database\\Console\\Migrations\\MigrateCommand->Illuminate\\Database\\Console\\Migrations\\{closure}()
#20 E:\\freelancing\\local\\zaheer\\alshaafi\\vendor\\laravel\\framework\\src\\Illuminate\\Database\\Console\\Migrations\\MigrateCommand.php(109): Illuminate\\Database\\Migrations\\Migrator->usingConnection(NULL, Object(Closure))
#21 E:\\freelancing\\local\\zaheer\\alshaafi\\vendor\\laravel\\framework\\src\\Illuminate\\Database\\Console\\Migrations\\MigrateCommand.php(88): Illuminate\\Database\\Console\\Migrations\\MigrateCommand->runMigrations()
#22 E:\\freelancing\\local\\zaheer\\alshaafi\\vendor\\laravel\\framework\\src\\Illuminate\\Container\\BoundMethod.php(36): Illuminate\\Database\\Console\\Migrations\\MigrateCommand->handle()
#23 E:\\freelancing\\local\\zaheer\\alshaafi\\vendor\\laravel\\framework\\src\\Illuminate\\Container\\Util.php(41): Illuminate\\Container\\BoundMethod::Illuminate\\Container\\{closure}()
#24 E:\\freelancing\\local\\zaheer\\alshaafi\\vendor\\laravel\\framework\\src\\Illuminate\\Container\\BoundMethod.php(93): Illuminate\\Container\\Util::unwrapIfClosure(Object(Closure))
#25 E:\\freelancing\\local\\zaheer\\alshaafi\\vendor\\laravel\\framework\\src\\Illuminate\\Container\\BoundMethod.php(35): Illuminate\\Container\\BoundMethod::callBoundMethod(Object(Illuminate\\Foundation\\Application), Array, Object(Closure))
#26 E:\\freelancing\\local\\zaheer\\alshaafi\\vendor\\laravel\\framework\\src\\Illuminate\\Container\\Container.php(690): Illuminate\\Container\\BoundMethod::call(Object(Illuminate\\Foundation\\Application), Array, Array, NULL)
#27 E:\\freelancing\\local\\zaheer\\alshaafi\\vendor\\laravel\\framework\\src\\Illuminate\\Console\\Command.php(213): Illuminate\\Container\\Container->call(Array)
#28 E:\\freelancing\\local\\zaheer\\alshaafi\\vendor\\symfony\\console\\Command\\Command.php(279): Illuminate\\Console\\Command->execute(Object(Symfony\\Component\\Console\\Input\\ArgvInput), Object(Illuminate\\Console\\OutputStyle))
#29 E:\\freelancing\\local\\zaheer\\alshaafi\\vendor\\laravel\\framework\\src\\Illuminate\\Console\\Command.php(182): Symfony\\Component\\Console\\Command\\Command->run(Object(Symfony\\Component\\Console\\Input\\ArgvInput), Object(Illuminate\\Console\\OutputStyle))
#30 E:\\freelancing\\local\\zaheer\\alshaafi\\vendor\\symfony\\console\\Application.php(1047): Illuminate\\Console\\Command->run(Object(Symfony\\Component\\Console\\Input\\ArgvInput), Object(Symfony\\Component\\Console\\Output\\ConsoleOutput))
#31 E:\\freelancing\\local\\zaheer\\alshaafi\\vendor\\symfony\\console\\Application.php(316): Symfony\\Component\\Console\\Application->doRunCommand(Object(Illuminate\\Database\\Console\\Migrations\\MigrateCommand), Object(Symfony\\Component\\Console\\Input\\ArgvInput), Object(Symfony\\Component\\Console\\Output\\ConsoleOutput))
#32 E:\\freelancing\\local\\zaheer\\alshaafi\\vendor\\symfony\\console\\Application.php(167): Symfony\\Component\\Console\\Application->doRun(Object(Symfony\\Component\\Console\\Input\\ArgvInput), Object(Symfony\\Component\\Console\\Output\\ConsoleOutput))
#33 E:\\freelancing\\local\\zaheer\\alshaafi\\vendor\\laravel\\framework\\src\\Illuminate\\Foundation\\Console\\Kernel.php(196): Symfony\\Component\\Console\\Application->run(Object(Symfony\\Component\\Console\\Input\\ArgvInput), Object(Symfony\\Component\\Console\\Output\\ConsoleOutput))
#34 E:\\freelancing\\local\\zaheer\\alshaafi\\vendor\\laravel\\framework\\src\\Illuminate\\Foundation\\Application.php(1203): Illuminate\\Foundation\\Console\\Kernel->handle(Object(Symfony\\Component\\Console\\Input\\ArgvInput), Object(Symfony\\Component\\Console\\Output\\ConsoleOutput))
#35 E:\\freelancing\\local\\zaheer\\alshaafi\\artisan(13): Illuminate\\Foundation\\Application->handleCommand(Object(Symfony\\Component\\Console\\Input\\ArgvInput))
#36 {main}
"} 
[2025-07-03 13:22:59] local.ERROR: SQLSTATE[42S21]: Column already exists: 1060 Duplicate column name 'country_id' (Connection: mysql, SQL: alter table `blog_posts` add `country_id` bigint unsigned null after `blog_category_id`) {"exception":"[object] (Illuminate\\Database\\QueryException(code: 42S21): SQLSTATE[42S21]: Column already exists: 1060 Duplicate column name 'country_id' (Connection: mysql, SQL: alter table `blog_posts` add `country_id` bigint unsigned null after `blog_category_id`) at E:\\freelancing\\local\\zaheer\\alshaafi\\vendor\\laravel\\framework\\src\\Illuminate\\Database\\Connection.php:813)
[stacktrace]
#0 E:\\freelancing\\local\\zaheer\\alshaafi\\vendor\\laravel\\framework\\src\\Illuminate\\Database\\Connection.php(767): Illuminate\\Database\\Connection->runQueryCallback('alter table `bl...', Array, Object(Closure))
#1 E:\\freelancing\\local\\zaheer\\alshaafi\\vendor\\laravel\\framework\\src\\Illuminate\\Database\\Connection.php(560): Illuminate\\Database\\Connection->run('alter table `bl...', Array, Object(Closure))
#2 E:\\freelancing\\local\\zaheer\\alshaafi\\vendor\\laravel\\framework\\src\\Illuminate\\Database\\Schema\\Blueprint.php(117): Illuminate\\Database\\Connection->statement('alter table `bl...')
#3 E:\\freelancing\\local\\zaheer\\alshaafi\\vendor\\laravel\\framework\\src\\Illuminate\\Database\\Schema\\Builder.php(564): Illuminate\\Database\\Schema\\Blueprint->build(Object(Illuminate\\Database\\MySqlConnection), Object(Illuminate\\Database\\Schema\\Grammars\\MySqlGrammar))
#4 E:\\freelancing\\local\\zaheer\\alshaafi\\vendor\\laravel\\framework\\src\\Illuminate\\Database\\Schema\\Builder.php(406): Illuminate\\Database\\Schema\\Builder->build(Object(Illuminate\\Database\\Schema\\Blueprint))
#5 E:\\freelancing\\local\\zaheer\\alshaafi\\vendor\\laravel\\framework\\src\\Illuminate\\Support\\Facades\\Facade.php(357): Illuminate\\Database\\Schema\\Builder->table('blog_posts', Object(Closure))
#6 E:\\freelancing\\local\\zaheer\\alshaafi\\database\\migrations\\2025_07_03_132201_add_country_id_to_blog_posts_table.php(14): Illuminate\\Support\\Facades\\Facade::__callStatic('table', Array)
#7 E:\\freelancing\\local\\zaheer\\alshaafi\\vendor\\laravel\\framework\\src\\Illuminate\\Database\\Migrations\\Migrator.php(475): Illuminate\\Database\\Migrations\\Migration@anonymous->up()
#8 E:\\freelancing\\local\\zaheer\\alshaafi\\vendor\\laravel\\framework\\src\\Illuminate\\Database\\Migrations\\Migrator.php(400): Illuminate\\Database\\Migrations\\Migrator->runMethod(Object(Illuminate\\Database\\MySqlConnection), Object(Illuminate\\Database\\Migrations\\Migration@anonymous), 'up')
#9 E:\\freelancing\\local\\zaheer\\alshaafi\\vendor\\laravel\\framework\\src\\Illuminate\\Database\\Migrations\\Migrator.php(409): Illuminate\\Database\\Migrations\\Migrator->Illuminate\\Database\\Migrations\\{closure}()
#10 E:\\freelancing\\local\\zaheer\\alshaafi\\vendor\\laravel\\framework\\src\\Illuminate\\Database\\Migrations\\Migrator.php(212): Illuminate\\Database\\Migrations\\Migrator->runMigration(Object(Illuminate\\Database\\Migrations\\Migration@anonymous), 'up')
#11 E:\\freelancing\\local\\zaheer\\alshaafi\\vendor\\laravel\\framework\\src\\Illuminate\\Console\\View\\Components\\Task.php(40): Illuminate\\Database\\Migrations\\Migrator->Illuminate\\Database\\Migrations\\{closure}()
#12 E:\\freelancing\\local\\zaheer\\alshaafi\\vendor\\laravel\\framework\\src\\Illuminate\\Database\\Migrations\\Migrator.php(736): Illuminate\\Console\\View\\Components\\Task->render('2025_07_03_1322...', Object(Closure))
#13 E:\\freelancing\\local\\zaheer\\alshaafi\\vendor\\laravel\\framework\\src\\Illuminate\\Database\\Migrations\\Migrator.php(212): Illuminate\\Database\\Migrations\\Migrator->write('Illuminate\\\\Cons...', '2025_07_03_1322...', Object(Closure))
#14 E:\\freelancing\\local\\zaheer\\alshaafi\\vendor\\laravel\\framework\\src\\Illuminate\\Database\\Migrations\\Migrator.php(179): Illuminate\\Database\\Migrations\\Migrator->runUp('E:\\\\freelancing\\\\...', 3, false)
#15 E:\\freelancing\\local\\zaheer\\alshaafi\\vendor\\laravel\\framework\\src\\Illuminate\\Database\\Migrations\\Migrator.php(122): Illuminate\\Database\\Migrations\\Migrator->runPending(Array, Array)
#16 E:\\freelancing\\local\\zaheer\\alshaafi\\vendor\\laravel\\framework\\src\\Illuminate\\Database\\Console\\Migrations\\MigrateCommand.php(116): Illuminate\\Database\\Migrations\\Migrator->run(Array, Array)
#17 E:\\freelancing\\local\\zaheer\\alshaafi\\vendor\\laravel\\framework\\src\\Illuminate\\Database\\Migrations\\Migrator.php(615): Illuminate\\Database\\Console\\Migrations\\MigrateCommand->Illuminate\\Database\\Console\\Migrations\\{closure}()
#18 E:\\freelancing\\local\\zaheer\\alshaafi\\vendor\\laravel\\framework\\src\\Illuminate\\Database\\Console\\Migrations\\MigrateCommand.php(109): Illuminate\\Database\\Migrations\\Migrator->usingConnection(NULL, Object(Closure))
#19 E:\\freelancing\\local\\zaheer\\alshaafi\\vendor\\laravel\\framework\\src\\Illuminate\\Database\\Console\\Migrations\\MigrateCommand.php(88): Illuminate\\Database\\Console\\Migrations\\MigrateCommand->runMigrations()
#20 E:\\freelancing\\local\\zaheer\\alshaafi\\vendor\\laravel\\framework\\src\\Illuminate\\Container\\BoundMethod.php(36): Illuminate\\Database\\Console\\Migrations\\MigrateCommand->handle()
#21 E:\\freelancing\\local\\zaheer\\alshaafi\\vendor\\laravel\\framework\\src\\Illuminate\\Container\\Util.php(41): Illuminate\\Container\\BoundMethod::Illuminate\\Container\\{closure}()
#22 E:\\freelancing\\local\\zaheer\\alshaafi\\vendor\\laravel\\framework\\src\\Illuminate\\Container\\BoundMethod.php(93): Illuminate\\Container\\Util::unwrapIfClosure(Object(Closure))
#23 E:\\freelancing\\local\\zaheer\\alshaafi\\vendor\\laravel\\framework\\src\\Illuminate\\Container\\BoundMethod.php(35): Illuminate\\Container\\BoundMethod::callBoundMethod(Object(Illuminate\\Foundation\\Application), Array, Object(Closure))
#24 E:\\freelancing\\local\\zaheer\\alshaafi\\vendor\\laravel\\framework\\src\\Illuminate\\Container\\Container.php(690): Illuminate\\Container\\BoundMethod::call(Object(Illuminate\\Foundation\\Application), Array, Array, NULL)
#25 E:\\freelancing\\local\\zaheer\\alshaafi\\vendor\\laravel\\framework\\src\\Illuminate\\Console\\Command.php(213): Illuminate\\Container\\Container->call(Array)
#26 E:\\freelancing\\local\\zaheer\\alshaafi\\vendor\\symfony\\console\\Command\\Command.php(279): Illuminate\\Console\\Command->execute(Object(Symfony\\Component\\Console\\Input\\ArgvInput), Object(Illuminate\\Console\\OutputStyle))
#27 E:\\freelancing\\local\\zaheer\\alshaafi\\vendor\\laravel\\framework\\src\\Illuminate\\Console\\Command.php(182): Symfony\\Component\\Console\\Command\\Command->run(Object(Symfony\\Component\\Console\\Input\\ArgvInput), Object(Illuminate\\Console\\OutputStyle))
#28 E:\\freelancing\\local\\zaheer\\alshaafi\\vendor\\symfony\\console\\Application.php(1047): Illuminate\\Console\\Command->run(Object(Symfony\\Component\\Console\\Input\\ArgvInput), Object(Symfony\\Component\\Console\\Output\\ConsoleOutput))
#29 E:\\freelancing\\local\\zaheer\\alshaafi\\vendor\\symfony\\console\\Application.php(316): Symfony\\Component\\Console\\Application->doRunCommand(Object(Illuminate\\Database\\Console\\Migrations\\MigrateCommand), Object(Symfony\\Component\\Console\\Input\\ArgvInput), Object(Symfony\\Component\\Console\\Output\\ConsoleOutput))
#30 E:\\freelancing\\local\\zaheer\\alshaafi\\vendor\\symfony\\console\\Application.php(167): Symfony\\Component\\Console\\Application->doRun(Object(Symfony\\Component\\Console\\Input\\ArgvInput), Object(Symfony\\Component\\Console\\Output\\ConsoleOutput))
#31 E:\\freelancing\\local\\zaheer\\alshaafi\\vendor\\laravel\\framework\\src\\Illuminate\\Foundation\\Console\\Kernel.php(196): Symfony\\Component\\Console\\Application->run(Object(Symfony\\Component\\Console\\Input\\ArgvInput), Object(Symfony\\Component\\Console\\Output\\ConsoleOutput))
#32 E:\\freelancing\\local\\zaheer\\alshaafi\\vendor\\laravel\\framework\\src\\Illuminate\\Foundation\\Application.php(1203): Illuminate\\Foundation\\Console\\Kernel->handle(Object(Symfony\\Component\\Console\\Input\\ArgvInput), Object(Symfony\\Component\\Console\\Output\\ConsoleOutput))
#33 E:\\freelancing\\local\\zaheer\\alshaafi\\artisan(13): Illuminate\\Foundation\\Application->handleCommand(Object(Symfony\\Component\\Console\\Input\\ArgvInput))
#34 {main}

[previous exception] [object] (PDOException(code: 42S21): SQLSTATE[42S21]: Column already exists: 1060 Duplicate column name 'country_id' at E:\\freelancing\\local\\zaheer\\alshaafi\\vendor\\laravel\\framework\\src\\Illuminate\\Database\\Connection.php:571)
[stacktrace]
#0 E:\\freelancing\\local\\zaheer\\alshaafi\\vendor\\laravel\\framework\\src\\Illuminate\\Database\\Connection.php(571): PDOStatement->execute()
#1 E:\\freelancing\\local\\zaheer\\alshaafi\\vendor\\laravel\\framework\\src\\Illuminate\\Database\\Connection.php(800): Illuminate\\Database\\Connection->Illuminate\\Database\\{closure}('alter table `bl...', Array)
#2 E:\\freelancing\\local\\zaheer\\alshaafi\\vendor\\laravel\\framework\\src\\Illuminate\\Database\\Connection.php(767): Illuminate\\Database\\Connection->runQueryCallback('alter table `bl...', Array, Object(Closure))
#3 E:\\freelancing\\local\\zaheer\\alshaafi\\vendor\\laravel\\framework\\src\\Illuminate\\Database\\Connection.php(560): Illuminate\\Database\\Connection->run('alter table `bl...', Array, Object(Closure))
#4 E:\\freelancing\\local\\zaheer\\alshaafi\\vendor\\laravel\\framework\\src\\Illuminate\\Database\\Schema\\Blueprint.php(117): Illuminate\\Database\\Connection->statement('alter table `bl...')
#5 E:\\freelancing\\local\\zaheer\\alshaafi\\vendor\\laravel\\framework\\src\\Illuminate\\Database\\Schema\\Builder.php(564): Illuminate\\Database\\Schema\\Blueprint->build(Object(Illuminate\\Database\\MySqlConnection), Object(Illuminate\\Database\\Schema\\Grammars\\MySqlGrammar))
#6 E:\\freelancing\\local\\zaheer\\alshaafi\\vendor\\laravel\\framework\\src\\Illuminate\\Database\\Schema\\Builder.php(406): Illuminate\\Database\\Schema\\Builder->build(Object(Illuminate\\Database\\Schema\\Blueprint))
#7 E:\\freelancing\\local\\zaheer\\alshaafi\\vendor\\laravel\\framework\\src\\Illuminate\\Support\\Facades\\Facade.php(357): Illuminate\\Database\\Schema\\Builder->table('blog_posts', Object(Closure))
#8 E:\\freelancing\\local\\zaheer\\alshaafi\\database\\migrations\\2025_07_03_132201_add_country_id_to_blog_posts_table.php(14): Illuminate\\Support\\Facades\\Facade::__callStatic('table', Array)
#9 E:\\freelancing\\local\\zaheer\\alshaafi\\vendor\\laravel\\framework\\src\\Illuminate\\Database\\Migrations\\Migrator.php(475): Illuminate\\Database\\Migrations\\Migration@anonymous->up()
#10 E:\\freelancing\\local\\zaheer\\alshaafi\\vendor\\laravel\\framework\\src\\Illuminate\\Database\\Migrations\\Migrator.php(400): Illuminate\\Database\\Migrations\\Migrator->runMethod(Object(Illuminate\\Database\\MySqlConnection), Object(Illuminate\\Database\\Migrations\\Migration@anonymous), 'up')
#11 E:\\freelancing\\local\\zaheer\\alshaafi\\vendor\\laravel\\framework\\src\\Illuminate\\Database\\Migrations\\Migrator.php(409): Illuminate\\Database\\Migrations\\Migrator->Illuminate\\Database\\Migrations\\{closure}()
#12 E:\\freelancing\\local\\zaheer\\alshaafi\\vendor\\laravel\\framework\\src\\Illuminate\\Database\\Migrations\\Migrator.php(212): Illuminate\\Database\\Migrations\\Migrator->runMigration(Object(Illuminate\\Database\\Migrations\\Migration@anonymous), 'up')
#13 E:\\freelancing\\local\\zaheer\\alshaafi\\vendor\\laravel\\framework\\src\\Illuminate\\Console\\View\\Components\\Task.php(40): Illuminate\\Database\\Migrations\\Migrator->Illuminate\\Database\\Migrations\\{closure}()
#14 E:\\freelancing\\local\\zaheer\\alshaafi\\vendor\\laravel\\framework\\src\\Illuminate\\Database\\Migrations\\Migrator.php(736): Illuminate\\Console\\View\\Components\\Task->render('2025_07_03_1322...', Object(Closure))
#15 E:\\freelancing\\local\\zaheer\\alshaafi\\vendor\\laravel\\framework\\src\\Illuminate\\Database\\Migrations\\Migrator.php(212): Illuminate\\Database\\Migrations\\Migrator->write('Illuminate\\\\Cons...', '2025_07_03_1322...', Object(Closure))
#16 E:\\freelancing\\local\\zaheer\\alshaafi\\vendor\\laravel\\framework\\src\\Illuminate\\Database\\Migrations\\Migrator.php(179): Illuminate\\Database\\Migrations\\Migrator->runUp('E:\\\\freelancing\\\\...', 3, false)
#17 E:\\freelancing\\local\\zaheer\\alshaafi\\vendor\\laravel\\framework\\src\\Illuminate\\Database\\Migrations\\Migrator.php(122): Illuminate\\Database\\Migrations\\Migrator->runPending(Array, Array)
#18 E:\\freelancing\\local\\zaheer\\alshaafi\\vendor\\laravel\\framework\\src\\Illuminate\\Database\\Console\\Migrations\\MigrateCommand.php(116): Illuminate\\Database\\Migrations\\Migrator->run(Array, Array)
#19 E:\\freelancing\\local\\zaheer\\alshaafi\\vendor\\laravel\\framework\\src\\Illuminate\\Database\\Migrations\\Migrator.php(615): Illuminate\\Database\\Console\\Migrations\\MigrateCommand->Illuminate\\Database\\Console\\Migrations\\{closure}()
#20 E:\\freelancing\\local\\zaheer\\alshaafi\\vendor\\laravel\\framework\\src\\Illuminate\\Database\\Console\\Migrations\\MigrateCommand.php(109): Illuminate\\Database\\Migrations\\Migrator->usingConnection(NULL, Object(Closure))
#21 E:\\freelancing\\local\\zaheer\\alshaafi\\vendor\\laravel\\framework\\src\\Illuminate\\Database\\Console\\Migrations\\MigrateCommand.php(88): Illuminate\\Database\\Console\\Migrations\\MigrateCommand->runMigrations()
#22 E:\\freelancing\\local\\zaheer\\alshaafi\\vendor\\laravel\\framework\\src\\Illuminate\\Container\\BoundMethod.php(36): Illuminate\\Database\\Console\\Migrations\\MigrateCommand->handle()
#23 E:\\freelancing\\local\\zaheer\\alshaafi\\vendor\\laravel\\framework\\src\\Illuminate\\Container\\Util.php(41): Illuminate\\Container\\BoundMethod::Illuminate\\Container\\{closure}()
#24 E:\\freelancing\\local\\zaheer\\alshaafi\\vendor\\laravel\\framework\\src\\Illuminate\\Container\\BoundMethod.php(93): Illuminate\\Container\\Util::unwrapIfClosure(Object(Closure))
#25 E:\\freelancing\\local\\zaheer\\alshaafi\\vendor\\laravel\\framework\\src\\Illuminate\\Container\\BoundMethod.php(35): Illuminate\\Container\\BoundMethod::callBoundMethod(Object(Illuminate\\Foundation\\Application), Array, Object(Closure))
#26 E:\\freelancing\\local\\zaheer\\alshaafi\\vendor\\laravel\\framework\\src\\Illuminate\\Container\\Container.php(690): Illuminate\\Container\\BoundMethod::call(Object(Illuminate\\Foundation\\Application), Array, Array, NULL)
#27 E:\\freelancing\\local\\zaheer\\alshaafi\\vendor\\laravel\\framework\\src\\Illuminate\\Console\\Command.php(213): Illuminate\\Container\\Container->call(Array)
#28 E:\\freelancing\\local\\zaheer\\alshaafi\\vendor\\symfony\\console\\Command\\Command.php(279): Illuminate\\Console\\Command->execute(Object(Symfony\\Component\\Console\\Input\\ArgvInput), Object(Illuminate\\Console\\OutputStyle))
#29 E:\\freelancing\\local\\zaheer\\alshaafi\\vendor\\laravel\\framework\\src\\Illuminate\\Console\\Command.php(182): Symfony\\Component\\Console\\Command\\Command->run(Object(Symfony\\Component\\Console\\Input\\ArgvInput), Object(Illuminate\\Console\\OutputStyle))
#30 E:\\freelancing\\local\\zaheer\\alshaafi\\vendor\\symfony\\console\\Application.php(1047): Illuminate\\Console\\Command->run(Object(Symfony\\Component\\Console\\Input\\ArgvInput), Object(Symfony\\Component\\Console\\Output\\ConsoleOutput))
#31 E:\\freelancing\\local\\zaheer\\alshaafi\\vendor\\symfony\\console\\Application.php(316): Symfony\\Component\\Console\\Application->doRunCommand(Object(Illuminate\\Database\\Console\\Migrations\\MigrateCommand), Object(Symfony\\Component\\Console\\Input\\ArgvInput), Object(Symfony\\Component\\Console\\Output\\ConsoleOutput))
#32 E:\\freelancing\\local\\zaheer\\alshaafi\\vendor\\symfony\\console\\Application.php(167): Symfony\\Component\\Console\\Application->doRun(Object(Symfony\\Component\\Console\\Input\\ArgvInput), Object(Symfony\\Component\\Console\\Output\\ConsoleOutput))
#33 E:\\freelancing\\local\\zaheer\\alshaafi\\vendor\\laravel\\framework\\src\\Illuminate\\Foundation\\Console\\Kernel.php(196): Symfony\\Component\\Console\\Application->run(Object(Symfony\\Component\\Console\\Input\\ArgvInput), Object(Symfony\\Component\\Console\\Output\\ConsoleOutput))
#34 E:\\freelancing\\local\\zaheer\\alshaafi\\vendor\\laravel\\framework\\src\\Illuminate\\Foundation\\Application.php(1203): Illuminate\\Foundation\\Console\\Kernel->handle(Object(Symfony\\Component\\Console\\Input\\ArgvInput), Object(Symfony\\Component\\Console\\Output\\ConsoleOutput))
#35 E:\\freelancing\\local\\zaheer\\alshaafi\\artisan(13): Illuminate\\Foundation\\Application->handleCommand(Object(Symfony\\Component\\Console\\Input\\ArgvInput))
#36 {main}
"} 
[2025-07-03 13:23:27] local.ERROR: PHP Parse error: Syntax error, unexpected T_NS_SEPARATOR on line 2 {"exception":"[object] (Psy\\Exception\\ParseErrorException(code: 0): PHP Parse error: Syntax error, unexpected T_NS_SEPARATOR on line 2 at E:\\freelancing\\local\\zaheer\\alshaafi\\vendor\\psy\\psysh\\src\\Exception\\ParseErrorException.php:44)
[stacktrace]
#0 E:\\freelancing\\local\\zaheer\\alshaafi\\vendor\\psy\\psysh\\src\\CodeCleaner.php(311): Psy\\Exception\\ParseErrorException::fromParseError(Object(PhpParser\\Error))
#1 E:\\freelancing\\local\\zaheer\\alshaafi\\vendor\\psy\\psysh\\src\\CodeCleaner.php(240): Psy\\CodeCleaner->parse('<?php \\n\\\\ = \\\\App...', false)
#2 E:\\freelancing\\local\\zaheer\\alshaafi\\vendor\\psy\\psysh\\src\\Shell.php(848): Psy\\CodeCleaner->clean(Array, false)
#3 E:\\freelancing\\local\\zaheer\\alshaafi\\vendor\\psy\\psysh\\src\\Shell.php(877): Psy\\Shell->addCode('\\n\\\\ = \\\\App\\\\Model...', true)
#4 E:\\freelancing\\local\\zaheer\\alshaafi\\vendor\\psy\\psysh\\src\\Shell.php(1342): Psy\\Shell->setCode('\\n\\\\ = \\\\App\\\\Model...', true)
#5 E:\\freelancing\\local\\zaheer\\alshaafi\\vendor\\laravel\\tinker\\src\\Console\\TinkerCommand.php(76): Psy\\Shell->execute('\\n\\\\ = \\\\App\\\\Model...')
#6 E:\\freelancing\\local\\zaheer\\alshaafi\\vendor\\laravel\\framework\\src\\Illuminate\\Container\\BoundMethod.php(36): Laravel\\Tinker\\Console\\TinkerCommand->handle()
#7 E:\\freelancing\\local\\zaheer\\alshaafi\\vendor\\laravel\\framework\\src\\Illuminate\\Container\\Util.php(41): Illuminate\\Container\\BoundMethod::Illuminate\\Container\\{closure}()
#8 E:\\freelancing\\local\\zaheer\\alshaafi\\vendor\\laravel\\framework\\src\\Illuminate\\Container\\BoundMethod.php(93): Illuminate\\Container\\Util::unwrapIfClosure(Object(Closure))
#9 E:\\freelancing\\local\\zaheer\\alshaafi\\vendor\\laravel\\framework\\src\\Illuminate\\Container\\BoundMethod.php(35): Illuminate\\Container\\BoundMethod::callBoundMethod(Object(Illuminate\\Foundation\\Application), Array, Object(Closure))
#10 E:\\freelancing\\local\\zaheer\\alshaafi\\vendor\\laravel\\framework\\src\\Illuminate\\Container\\Container.php(690): Illuminate\\Container\\BoundMethod::call(Object(Illuminate\\Foundation\\Application), Array, Array, NULL)
#11 E:\\freelancing\\local\\zaheer\\alshaafi\\vendor\\laravel\\framework\\src\\Illuminate\\Console\\Command.php(213): Illuminate\\Container\\Container->call(Array)
#12 E:\\freelancing\\local\\zaheer\\alshaafi\\vendor\\symfony\\console\\Command\\Command.php(279): Illuminate\\Console\\Command->execute(Object(Symfony\\Component\\Console\\Input\\ArgvInput), Object(Illuminate\\Console\\OutputStyle))
#13 E:\\freelancing\\local\\zaheer\\alshaafi\\vendor\\laravel\\framework\\src\\Illuminate\\Console\\Command.php(182): Symfony\\Component\\Console\\Command\\Command->run(Object(Symfony\\Component\\Console\\Input\\ArgvInput), Object(Illuminate\\Console\\OutputStyle))
#14 E:\\freelancing\\local\\zaheer\\alshaafi\\vendor\\symfony\\console\\Application.php(1047): Illuminate\\Console\\Command->run(Object(Symfony\\Component\\Console\\Input\\ArgvInput), Object(Symfony\\Component\\Console\\Output\\ConsoleOutput))
#15 E:\\freelancing\\local\\zaheer\\alshaafi\\vendor\\symfony\\console\\Application.php(316): Symfony\\Component\\Console\\Application->doRunCommand(Object(Laravel\\Tinker\\Console\\TinkerCommand), Object(Symfony\\Component\\Console\\Input\\ArgvInput), Object(Symfony\\Component\\Console\\Output\\ConsoleOutput))
#16 E:\\freelancing\\local\\zaheer\\alshaafi\\vendor\\symfony\\console\\Application.php(167): Symfony\\Component\\Console\\Application->doRun(Object(Symfony\\Component\\Console\\Input\\ArgvInput), Object(Symfony\\Component\\Console\\Output\\ConsoleOutput))
#17 E:\\freelancing\\local\\zaheer\\alshaafi\\vendor\\laravel\\framework\\src\\Illuminate\\Foundation\\Console\\Kernel.php(196): Symfony\\Component\\Console\\Application->run(Object(Symfony\\Component\\Console\\Input\\ArgvInput), Object(Symfony\\Component\\Console\\Output\\ConsoleOutput))
#18 E:\\freelancing\\local\\zaheer\\alshaafi\\vendor\\laravel\\framework\\src\\Illuminate\\Foundation\\Application.php(1203): Illuminate\\Foundation\\Console\\Kernel->handle(Object(Symfony\\Component\\Console\\Input\\ArgvInput), Object(Symfony\\Component\\Console\\Output\\ConsoleOutput))
#19 E:\\freelancing\\local\\zaheer\\alshaafi\\artisan(13): Illuminate\\Foundation\\Application->handleCommand(Object(Symfony\\Component\\Console\\Input\\ArgvInput))
#20 {main}
"} 
[2025-07-03 13:31:14] local.ERROR: PHP Parse error: Syntax error, unexpected T_NS_SEPARATOR on line 1 {"exception":"[object] (Psy\\Exception\\ParseErrorException(code: 0): PHP Parse error: Syntax error, unexpected T_NS_SEPARATOR on line 1 at E:\\freelancing\\local\\zaheer\\alshaafi\\vendor\\psy\\psysh\\src\\Exception\\ParseErrorException.php:44)
[stacktrace]
#0 E:\\freelancing\\local\\zaheer\\alshaafi\\vendor\\psy\\psysh\\src\\CodeCleaner.php(311): Psy\\Exception\\ParseErrorException::fromParseError(Object(PhpParser\\Error))
#1 E:\\freelancing\\local\\zaheer\\alshaafi\\vendor\\psy\\psysh\\src\\CodeCleaner.php(240): Psy\\CodeCleaner->parse('<?php echo 'Blo...', false)
#2 E:\\freelancing\\local\\zaheer\\alshaafi\\vendor\\psy\\psysh\\src\\Shell.php(848): Psy\\CodeCleaner->clean(Array, false)
#3 E:\\freelancing\\local\\zaheer\\alshaafi\\vendor\\psy\\psysh\\src\\Shell.php(877): Psy\\Shell->addCode('echo 'Blog post...', true)
#4 E:\\freelancing\\local\\zaheer\\alshaafi\\vendor\\psy\\psysh\\src\\Shell.php(1342): Psy\\Shell->setCode('echo 'Blog post...', true)
#5 E:\\freelancing\\local\\zaheer\\alshaafi\\vendor\\laravel\\tinker\\src\\Console\\TinkerCommand.php(76): Psy\\Shell->execute('echo 'Blog post...')
#6 E:\\freelancing\\local\\zaheer\\alshaafi\\vendor\\laravel\\framework\\src\\Illuminate\\Container\\BoundMethod.php(36): Laravel\\Tinker\\Console\\TinkerCommand->handle()
#7 E:\\freelancing\\local\\zaheer\\alshaafi\\vendor\\laravel\\framework\\src\\Illuminate\\Container\\Util.php(41): Illuminate\\Container\\BoundMethod::Illuminate\\Container\\{closure}()
#8 E:\\freelancing\\local\\zaheer\\alshaafi\\vendor\\laravel\\framework\\src\\Illuminate\\Container\\BoundMethod.php(93): Illuminate\\Container\\Util::unwrapIfClosure(Object(Closure))
#9 E:\\freelancing\\local\\zaheer\\alshaafi\\vendor\\laravel\\framework\\src\\Illuminate\\Container\\BoundMethod.php(35): Illuminate\\Container\\BoundMethod::callBoundMethod(Object(Illuminate\\Foundation\\Application), Array, Object(Closure))
#10 E:\\freelancing\\local\\zaheer\\alshaafi\\vendor\\laravel\\framework\\src\\Illuminate\\Container\\Container.php(690): Illuminate\\Container\\BoundMethod::call(Object(Illuminate\\Foundation\\Application), Array, Array, NULL)
#11 E:\\freelancing\\local\\zaheer\\alshaafi\\vendor\\laravel\\framework\\src\\Illuminate\\Console\\Command.php(213): Illuminate\\Container\\Container->call(Array)
#12 E:\\freelancing\\local\\zaheer\\alshaafi\\vendor\\symfony\\console\\Command\\Command.php(279): Illuminate\\Console\\Command->execute(Object(Symfony\\Component\\Console\\Input\\ArgvInput), Object(Illuminate\\Console\\OutputStyle))
#13 E:\\freelancing\\local\\zaheer\\alshaafi\\vendor\\laravel\\framework\\src\\Illuminate\\Console\\Command.php(182): Symfony\\Component\\Console\\Command\\Command->run(Object(Symfony\\Component\\Console\\Input\\ArgvInput), Object(Illuminate\\Console\\OutputStyle))
#14 E:\\freelancing\\local\\zaheer\\alshaafi\\vendor\\symfony\\console\\Application.php(1047): Illuminate\\Console\\Command->run(Object(Symfony\\Component\\Console\\Input\\ArgvInput), Object(Symfony\\Component\\Console\\Output\\ConsoleOutput))
#15 E:\\freelancing\\local\\zaheer\\alshaafi\\vendor\\symfony\\console\\Application.php(316): Symfony\\Component\\Console\\Application->doRunCommand(Object(Laravel\\Tinker\\Console\\TinkerCommand), Object(Symfony\\Component\\Console\\Input\\ArgvInput), Object(Symfony\\Component\\Console\\Output\\ConsoleOutput))
#16 E:\\freelancing\\local\\zaheer\\alshaafi\\vendor\\symfony\\console\\Application.php(167): Symfony\\Component\\Console\\Application->doRun(Object(Symfony\\Component\\Console\\Input\\ArgvInput), Object(Symfony\\Component\\Console\\Output\\ConsoleOutput))
#17 E:\\freelancing\\local\\zaheer\\alshaafi\\vendor\\laravel\\framework\\src\\Illuminate\\Foundation\\Console\\Kernel.php(196): Symfony\\Component\\Console\\Application->run(Object(Symfony\\Component\\Console\\Input\\ArgvInput), Object(Symfony\\Component\\Console\\Output\\ConsoleOutput))
#18 E:\\freelancing\\local\\zaheer\\alshaafi\\vendor\\laravel\\framework\\src\\Illuminate\\Foundation\\Application.php(1203): Illuminate\\Foundation\\Console\\Kernel->handle(Object(Symfony\\Component\\Console\\Input\\ArgvInput), Object(Symfony\\Component\\Console\\Output\\ConsoleOutput))
#19 E:\\freelancing\\local\\zaheer\\alshaafi\\artisan(13): Illuminate\\Foundation\\Application->handleCommand(Object(Symfony\\Component\\Console\\Input\\ArgvInput))
#20 {main}
"} 
[2025-07-03 14:05:21] local.ERROR: SQLSTATE[22001]: String data, right truncated: 1406 Data too long for column 'currency_symbol' at row 1 (Connection: mysql, SQL: insert into `countries` (`iso2`, `name`, `iso3`, `phone_code`, `currency`, `currency_symbol`, `updated_at`, `created_at`) values (OM, Oman, OMN, +968, OMR, ر.ع., 2025-07-03 14:05:21, 2025-07-03 14:05:21)) {"exception":"[object] (Illuminate\\Database\\QueryException(code: 22001): SQLSTATE[22001]: String data, right truncated: 1406 Data too long for column 'currency_symbol' at row 1 (Connection: mysql, SQL: insert into `countries` (`iso2`, `name`, `iso3`, `phone_code`, `currency`, `currency_symbol`, `updated_at`, `created_at`) values (OM, Oman, OMN, +968, OMR, ر.ع., 2025-07-03 14:05:21, 2025-07-03 14:05:21)) at E:\\freelancing\\local\\zaheer\\alshaafi\\vendor\\laravel\\framework\\src\\Illuminate\\Database\\Connection.php:813)
[stacktrace]
#0 E:\\freelancing\\local\\zaheer\\alshaafi\\vendor\\laravel\\framework\\src\\Illuminate\\Database\\Connection.php(767): Illuminate\\Database\\Connection->runQueryCallback('insert into `co...', Array, Object(Closure))
#1 E:\\freelancing\\local\\zaheer\\alshaafi\\vendor\\laravel\\framework\\src\\Illuminate\\Database\\Connection.php(560): Illuminate\\Database\\Connection->run('insert into `co...', Array, Object(Closure))
#2 E:\\freelancing\\local\\zaheer\\alshaafi\\vendor\\laravel\\framework\\src\\Illuminate\\Database\\Connection.php(524): Illuminate\\Database\\Connection->statement('insert into `co...', Array)
#3 E:\\freelancing\\local\\zaheer\\alshaafi\\vendor\\laravel\\framework\\src\\Illuminate\\Database\\Query\\Processors\\Processor.php(32): Illuminate\\Database\\Connection->insert('insert into `co...', Array)
#4 E:\\freelancing\\local\\zaheer\\alshaafi\\vendor\\laravel\\framework\\src\\Illuminate\\Database\\Query\\Builder.php(3662): Illuminate\\Database\\Query\\Processors\\Processor->processInsertGetId(Object(Illuminate\\Database\\Query\\Builder), 'insert into `co...', Array, 'id')
#5 E:\\freelancing\\local\\zaheer\\alshaafi\\vendor\\laravel\\framework\\src\\Illuminate\\Database\\Eloquent\\Builder.php(2038): Illuminate\\Database\\Query\\Builder->insertGetId(Array, 'id')
#6 E:\\freelancing\\local\\zaheer\\alshaafi\\vendor\\laravel\\framework\\src\\Illuminate\\Database\\Eloquent\\Model.php(1345): Illuminate\\Database\\Eloquent\\Builder->__call('insertGetId', Array)
#7 E:\\freelancing\\local\\zaheer\\alshaafi\\vendor\\laravel\\framework\\src\\Illuminate\\Database\\Eloquent\\Model.php(1310): Illuminate\\Database\\Eloquent\\Model->insertAndSetId(Object(Illuminate\\Database\\Eloquent\\Builder), Array)
#8 E:\\freelancing\\local\\zaheer\\alshaafi\\vendor\\laravel\\framework\\src\\Illuminate\\Database\\Eloquent\\Model.php(1149): Illuminate\\Database\\Eloquent\\Model->performInsert(Object(Illuminate\\Database\\Eloquent\\Builder))
#9 E:\\freelancing\\local\\zaheer\\alshaafi\\vendor\\laravel\\framework\\src\\Illuminate\\Database\\Eloquent\\Builder.php(1079): Illuminate\\Database\\Eloquent\\Model->save()
#10 E:\\freelancing\\local\\zaheer\\alshaafi\\vendor\\laravel\\framework\\src\\Illuminate\\Support\\helpers.php(380): Illuminate\\Database\\Eloquent\\Builder->Illuminate\\Database\\Eloquent\\{closure}(Object(App\\Models\\Country))
#11 E:\\freelancing\\local\\zaheer\\alshaafi\\vendor\\laravel\\framework\\src\\Illuminate\\Database\\Eloquent\\Builder.php(1078): tap(Object(App\\Models\\Country), Object(Closure))
#12 E:\\freelancing\\local\\zaheer\\alshaafi\\vendor\\laravel\\framework\\src\\Illuminate\\Database\\Eloquent\\Builder.php(601): Illuminate\\Database\\Eloquent\\Builder->create(Array)
#13 E:\\freelancing\\local\\zaheer\\alshaafi\\vendor\\laravel\\framework\\src\\Illuminate\\Database\\Eloquent\\Builder.php(1782): Illuminate\\Database\\Eloquent\\Builder->Illuminate\\Database\\Eloquent\\{closure}()
#14 E:\\freelancing\\local\\zaheer\\alshaafi\\vendor\\laravel\\framework\\src\\Illuminate\\Database\\Eloquent\\Builder.php(601): Illuminate\\Database\\Eloquent\\Builder->withSavepointIfNeeded(Object(Closure))
#15 E:\\freelancing\\local\\zaheer\\alshaafi\\vendor\\laravel\\framework\\src\\Illuminate\\Database\\Eloquent\\Builder.php(588): Illuminate\\Database\\Eloquent\\Builder->createOrFirst(Array, Array)
#16 E:\\freelancing\\local\\zaheer\\alshaafi\\vendor\\laravel\\framework\\src\\Illuminate\\Database\\Eloquent\\Builder.php(616): Illuminate\\Database\\Eloquent\\Builder->firstOrCreate(Array, Array)
#17 E:\\freelancing\\local\\zaheer\\alshaafi\\vendor\\laravel\\framework\\src\\Illuminate\\Support\\Traits\\ForwardsCalls.php(23): Illuminate\\Database\\Eloquent\\Builder->updateOrCreate(Array, Array)
#18 E:\\freelancing\\local\\zaheer\\alshaafi\\vendor\\laravel\\framework\\src\\Illuminate\\Database\\Eloquent\\Model.php(2350): Illuminate\\Database\\Eloquent\\Model->forwardCallTo(Object(Illuminate\\Database\\Eloquent\\Builder), 'updateOrCreate', Array)
#19 E:\\freelancing\\local\\zaheer\\alshaafi\\vendor\\laravel\\framework\\src\\Illuminate\\Database\\Eloquent\\Model.php(2362): Illuminate\\Database\\Eloquent\\Model->__call('updateOrCreate', Array)
#20 E:\\freelancing\\local\\zaheer\\alshaafi\\database\\seeders\\CountrySeeder.php(84): Illuminate\\Database\\Eloquent\\Model::__callStatic('updateOrCreate', Array)
#21 E:\\freelancing\\local\\zaheer\\alshaafi\\vendor\\laravel\\framework\\src\\Illuminate\\Container\\BoundMethod.php(36): Database\\Seeders\\CountrySeeder->run()
#22 E:\\freelancing\\local\\zaheer\\alshaafi\\vendor\\laravel\\framework\\src\\Illuminate\\Container\\Util.php(41): Illuminate\\Container\\BoundMethod::Illuminate\\Container\\{closure}()
#23 E:\\freelancing\\local\\zaheer\\alshaafi\\vendor\\laravel\\framework\\src\\Illuminate\\Container\\BoundMethod.php(93): Illuminate\\Container\\Util::unwrapIfClosure(Object(Closure))
#24 E:\\freelancing\\local\\zaheer\\alshaafi\\vendor\\laravel\\framework\\src\\Illuminate\\Container\\BoundMethod.php(35): Illuminate\\Container\\BoundMethod::callBoundMethod(Object(Illuminate\\Foundation\\Application), Array, Object(Closure))
#25 E:\\freelancing\\local\\zaheer\\alshaafi\\vendor\\laravel\\framework\\src\\Illuminate\\Container\\Container.php(690): Illuminate\\Container\\BoundMethod::call(Object(Illuminate\\Foundation\\Application), Array, Array, NULL)
#26 E:\\freelancing\\local\\zaheer\\alshaafi\\vendor\\laravel\\framework\\src\\Illuminate\\Database\\Seeder.php(184): Illuminate\\Container\\Container->call(Array, Array)
#27 E:\\freelancing\\local\\zaheer\\alshaafi\\vendor\\laravel\\framework\\src\\Illuminate\\Database\\Seeder.php(193): Illuminate\\Database\\Seeder->Illuminate\\Database\\{closure}()
#28 E:\\freelancing\\local\\zaheer\\alshaafi\\vendor\\laravel\\framework\\src\\Illuminate\\Database\\Console\\Seeds\\SeedCommand.php(70): Illuminate\\Database\\Seeder->__invoke()
#29 E:\\freelancing\\local\\zaheer\\alshaafi\\vendor\\laravel\\framework\\src\\Illuminate\\Database\\Eloquent\\Concerns\\GuardsAttributes.php(155): Illuminate\\Database\\Console\\Seeds\\SeedCommand->Illuminate\\Database\\Console\\Seeds\\{closure}()
#30 E:\\freelancing\\local\\zaheer\\alshaafi\\vendor\\laravel\\framework\\src\\Illuminate\\Database\\Console\\Seeds\\SeedCommand.php(69): Illuminate\\Database\\Eloquent\\Model::unguarded(Object(Closure))
#31 E:\\freelancing\\local\\zaheer\\alshaafi\\vendor\\laravel\\framework\\src\\Illuminate\\Container\\BoundMethod.php(36): Illuminate\\Database\\Console\\Seeds\\SeedCommand->handle()
#32 E:\\freelancing\\local\\zaheer\\alshaafi\\vendor\\laravel\\framework\\src\\Illuminate\\Container\\Util.php(41): Illuminate\\Container\\BoundMethod::Illuminate\\Container\\{closure}()
#33 E:\\freelancing\\local\\zaheer\\alshaafi\\vendor\\laravel\\framework\\src\\Illuminate\\Container\\BoundMethod.php(93): Illuminate\\Container\\Util::unwrapIfClosure(Object(Closure))
#34 E:\\freelancing\\local\\zaheer\\alshaafi\\vendor\\laravel\\framework\\src\\Illuminate\\Container\\BoundMethod.php(35): Illuminate\\Container\\BoundMethod::callBoundMethod(Object(Illuminate\\Foundation\\Application), Array, Object(Closure))
#35 E:\\freelancing\\local\\zaheer\\alshaafi\\vendor\\laravel\\framework\\src\\Illuminate\\Container\\Container.php(690): Illuminate\\Container\\BoundMethod::call(Object(Illuminate\\Foundation\\Application), Array, Array, NULL)
#36 E:\\freelancing\\local\\zaheer\\alshaafi\\vendor\\laravel\\framework\\src\\Illuminate\\Console\\Command.php(213): Illuminate\\Container\\Container->call(Array)
#37 E:\\freelancing\\local\\zaheer\\alshaafi\\vendor\\symfony\\console\\Command\\Command.php(279): Illuminate\\Console\\Command->execute(Object(Symfony\\Component\\Console\\Input\\ArgvInput), Object(Illuminate\\Console\\OutputStyle))
#38 E:\\freelancing\\local\\zaheer\\alshaafi\\vendor\\laravel\\framework\\src\\Illuminate\\Console\\Command.php(182): Symfony\\Component\\Console\\Command\\Command->run(Object(Symfony\\Component\\Console\\Input\\ArgvInput), Object(Illuminate\\Console\\OutputStyle))
#39 E:\\freelancing\\local\\zaheer\\alshaafi\\vendor\\symfony\\console\\Application.php(1047): Illuminate\\Console\\Command->run(Object(Symfony\\Component\\Console\\Input\\ArgvInput), Object(Symfony\\Component\\Console\\Output\\ConsoleOutput))
#40 E:\\freelancing\\local\\zaheer\\alshaafi\\vendor\\symfony\\console\\Application.php(316): Symfony\\Component\\Console\\Application->doRunCommand(Object(Illuminate\\Database\\Console\\Seeds\\SeedCommand), Object(Symfony\\Component\\Console\\Input\\ArgvInput), Object(Symfony\\Component\\Console\\Output\\ConsoleOutput))
#41 E:\\freelancing\\local\\zaheer\\alshaafi\\vendor\\symfony\\console\\Application.php(167): Symfony\\Component\\Console\\Application->doRun(Object(Symfony\\Component\\Console\\Input\\ArgvInput), Object(Symfony\\Component\\Console\\Output\\ConsoleOutput))
#42 E:\\freelancing\\local\\zaheer\\alshaafi\\vendor\\laravel\\framework\\src\\Illuminate\\Foundation\\Console\\Kernel.php(196): Symfony\\Component\\Console\\Application->run(Object(Symfony\\Component\\Console\\Input\\ArgvInput), Object(Symfony\\Component\\Console\\Output\\ConsoleOutput))
#43 E:\\freelancing\\local\\zaheer\\alshaafi\\vendor\\laravel\\framework\\src\\Illuminate\\Foundation\\Application.php(1203): Illuminate\\Foundation\\Console\\Kernel->handle(Object(Symfony\\Component\\Console\\Input\\ArgvInput), Object(Symfony\\Component\\Console\\Output\\ConsoleOutput))
#44 E:\\freelancing\\local\\zaheer\\alshaafi\\artisan(13): Illuminate\\Foundation\\Application->handleCommand(Object(Symfony\\Component\\Console\\Input\\ArgvInput))
#45 {main}

[previous exception] [object] (PDOException(code: 22001): SQLSTATE[22001]: String data, right truncated: 1406 Data too long for column 'currency_symbol' at row 1 at E:\\freelancing\\local\\zaheer\\alshaafi\\vendor\\laravel\\framework\\src\\Illuminate\\Database\\Connection.php:571)
[stacktrace]
#0 E:\\freelancing\\local\\zaheer\\alshaafi\\vendor\\laravel\\framework\\src\\Illuminate\\Database\\Connection.php(571): PDOStatement->execute()
#1 E:\\freelancing\\local\\zaheer\\alshaafi\\vendor\\laravel\\framework\\src\\Illuminate\\Database\\Connection.php(800): Illuminate\\Database\\Connection->Illuminate\\Database\\{closure}('insert into `co...', Array)
#2 E:\\freelancing\\local\\zaheer\\alshaafi\\vendor\\laravel\\framework\\src\\Illuminate\\Database\\Connection.php(767): Illuminate\\Database\\Connection->runQueryCallback('insert into `co...', Array, Object(Closure))
#3 E:\\freelancing\\local\\zaheer\\alshaafi\\vendor\\laravel\\framework\\src\\Illuminate\\Database\\Connection.php(560): Illuminate\\Database\\Connection->run('insert into `co...', Array, Object(Closure))
#4 E:\\freelancing\\local\\zaheer\\alshaafi\\vendor\\laravel\\framework\\src\\Illuminate\\Database\\Connection.php(524): Illuminate\\Database\\Connection->statement('insert into `co...', Array)
#5 E:\\freelancing\\local\\zaheer\\alshaafi\\vendor\\laravel\\framework\\src\\Illuminate\\Database\\Query\\Processors\\Processor.php(32): Illuminate\\Database\\Connection->insert('insert into `co...', Array)
#6 E:\\freelancing\\local\\zaheer\\alshaafi\\vendor\\laravel\\framework\\src\\Illuminate\\Database\\Query\\Builder.php(3662): Illuminate\\Database\\Query\\Processors\\Processor->processInsertGetId(Object(Illuminate\\Database\\Query\\Builder), 'insert into `co...', Array, 'id')
#7 E:\\freelancing\\local\\zaheer\\alshaafi\\vendor\\laravel\\framework\\src\\Illuminate\\Database\\Eloquent\\Builder.php(2038): Illuminate\\Database\\Query\\Builder->insertGetId(Array, 'id')
#8 E:\\freelancing\\local\\zaheer\\alshaafi\\vendor\\laravel\\framework\\src\\Illuminate\\Database\\Eloquent\\Model.php(1345): Illuminate\\Database\\Eloquent\\Builder->__call('insertGetId', Array)
#9 E:\\freelancing\\local\\zaheer\\alshaafi\\vendor\\laravel\\framework\\src\\Illuminate\\Database\\Eloquent\\Model.php(1310): Illuminate\\Database\\Eloquent\\Model->insertAndSetId(Object(Illuminate\\Database\\Eloquent\\Builder), Array)
#10 E:\\freelancing\\local\\zaheer\\alshaafi\\vendor\\laravel\\framework\\src\\Illuminate\\Database\\Eloquent\\Model.php(1149): Illuminate\\Database\\Eloquent\\Model->performInsert(Object(Illuminate\\Database\\Eloquent\\Builder))
#11 E:\\freelancing\\local\\zaheer\\alshaafi\\vendor\\laravel\\framework\\src\\Illuminate\\Database\\Eloquent\\Builder.php(1079): Illuminate\\Database\\Eloquent\\Model->save()
#12 E:\\freelancing\\local\\zaheer\\alshaafi\\vendor\\laravel\\framework\\src\\Illuminate\\Support\\helpers.php(380): Illuminate\\Database\\Eloquent\\Builder->Illuminate\\Database\\Eloquent\\{closure}(Object(App\\Models\\Country))
#13 E:\\freelancing\\local\\zaheer\\alshaafi\\vendor\\laravel\\framework\\src\\Illuminate\\Database\\Eloquent\\Builder.php(1078): tap(Object(App\\Models\\Country), Object(Closure))
#14 E:\\freelancing\\local\\zaheer\\alshaafi\\vendor\\laravel\\framework\\src\\Illuminate\\Database\\Eloquent\\Builder.php(601): Illuminate\\Database\\Eloquent\\Builder->create(Array)
#15 E:\\freelancing\\local\\zaheer\\alshaafi\\vendor\\laravel\\framework\\src\\Illuminate\\Database\\Eloquent\\Builder.php(1782): Illuminate\\Database\\Eloquent\\Builder->Illuminate\\Database\\Eloquent\\{closure}()
#16 E:\\freelancing\\local\\zaheer\\alshaafi\\vendor\\laravel\\framework\\src\\Illuminate\\Database\\Eloquent\\Builder.php(601): Illuminate\\Database\\Eloquent\\Builder->withSavepointIfNeeded(Object(Closure))
#17 E:\\freelancing\\local\\zaheer\\alshaafi\\vendor\\laravel\\framework\\src\\Illuminate\\Database\\Eloquent\\Builder.php(588): Illuminate\\Database\\Eloquent\\Builder->createOrFirst(Array, Array)
#18 E:\\freelancing\\local\\zaheer\\alshaafi\\vendor\\laravel\\framework\\src\\Illuminate\\Database\\Eloquent\\Builder.php(616): Illuminate\\Database\\Eloquent\\Builder->firstOrCreate(Array, Array)
#19 E:\\freelancing\\local\\zaheer\\alshaafi\\vendor\\laravel\\framework\\src\\Illuminate\\Support\\Traits\\ForwardsCalls.php(23): Illuminate\\Database\\Eloquent\\Builder->updateOrCreate(Array, Array)
#20 E:\\freelancing\\local\\zaheer\\alshaafi\\vendor\\laravel\\framework\\src\\Illuminate\\Database\\Eloquent\\Model.php(2350): Illuminate\\Database\\Eloquent\\Model->forwardCallTo(Object(Illuminate\\Database\\Eloquent\\Builder), 'updateOrCreate', Array)
#21 E:\\freelancing\\local\\zaheer\\alshaafi\\vendor\\laravel\\framework\\src\\Illuminate\\Database\\Eloquent\\Model.php(2362): Illuminate\\Database\\Eloquent\\Model->__call('updateOrCreate', Array)
#22 E:\\freelancing\\local\\zaheer\\alshaafi\\database\\seeders\\CountrySeeder.php(84): Illuminate\\Database\\Eloquent\\Model::__callStatic('updateOrCreate', Array)
#23 E:\\freelancing\\local\\zaheer\\alshaafi\\vendor\\laravel\\framework\\src\\Illuminate\\Container\\BoundMethod.php(36): Database\\Seeders\\CountrySeeder->run()
#24 E:\\freelancing\\local\\zaheer\\alshaafi\\vendor\\laravel\\framework\\src\\Illuminate\\Container\\Util.php(41): Illuminate\\Container\\BoundMethod::Illuminate\\Container\\{closure}()
#25 E:\\freelancing\\local\\zaheer\\alshaafi\\vendor\\laravel\\framework\\src\\Illuminate\\Container\\BoundMethod.php(93): Illuminate\\Container\\Util::unwrapIfClosure(Object(Closure))
#26 E:\\freelancing\\local\\zaheer\\alshaafi\\vendor\\laravel\\framework\\src\\Illuminate\\Container\\BoundMethod.php(35): Illuminate\\Container\\BoundMethod::callBoundMethod(Object(Illuminate\\Foundation\\Application), Array, Object(Closure))
#27 E:\\freelancing\\local\\zaheer\\alshaafi\\vendor\\laravel\\framework\\src\\Illuminate\\Container\\Container.php(690): Illuminate\\Container\\BoundMethod::call(Object(Illuminate\\Foundation\\Application), Array, Array, NULL)
#28 E:\\freelancing\\local\\zaheer\\alshaafi\\vendor\\laravel\\framework\\src\\Illuminate\\Database\\Seeder.php(184): Illuminate\\Container\\Container->call(Array, Array)
#29 E:\\freelancing\\local\\zaheer\\alshaafi\\vendor\\laravel\\framework\\src\\Illuminate\\Database\\Seeder.php(193): Illuminate\\Database\\Seeder->Illuminate\\Database\\{closure}()
#30 E:\\freelancing\\local\\zaheer\\alshaafi\\vendor\\laravel\\framework\\src\\Illuminate\\Database\\Console\\Seeds\\SeedCommand.php(70): Illuminate\\Database\\Seeder->__invoke()
#31 E:\\freelancing\\local\\zaheer\\alshaafi\\vendor\\laravel\\framework\\src\\Illuminate\\Database\\Eloquent\\Concerns\\GuardsAttributes.php(155): Illuminate\\Database\\Console\\Seeds\\SeedCommand->Illuminate\\Database\\Console\\Seeds\\{closure}()
#32 E:\\freelancing\\local\\zaheer\\alshaafi\\vendor\\laravel\\framework\\src\\Illuminate\\Database\\Console\\Seeds\\SeedCommand.php(69): Illuminate\\Database\\Eloquent\\Model::unguarded(Object(Closure))
#33 E:\\freelancing\\local\\zaheer\\alshaafi\\vendor\\laravel\\framework\\src\\Illuminate\\Container\\BoundMethod.php(36): Illuminate\\Database\\Console\\Seeds\\SeedCommand->handle()
#34 E:\\freelancing\\local\\zaheer\\alshaafi\\vendor\\laravel\\framework\\src\\Illuminate\\Container\\Util.php(41): Illuminate\\Container\\BoundMethod::Illuminate\\Container\\{closure}()
#35 E:\\freelancing\\local\\zaheer\\alshaafi\\vendor\\laravel\\framework\\src\\Illuminate\\Container\\BoundMethod.php(93): Illuminate\\Container\\Util::unwrapIfClosure(Object(Closure))
#36 E:\\freelancing\\local\\zaheer\\alshaafi\\vendor\\laravel\\framework\\src\\Illuminate\\Container\\BoundMethod.php(35): Illuminate\\Container\\BoundMethod::callBoundMethod(Object(Illuminate\\Foundation\\Application), Array, Object(Closure))
#37 E:\\freelancing\\local\\zaheer\\alshaafi\\vendor\\laravel\\framework\\src\\Illuminate\\Container\\Container.php(690): Illuminate\\Container\\BoundMethod::call(Object(Illuminate\\Foundation\\Application), Array, Array, NULL)
#38 E:\\freelancing\\local\\zaheer\\alshaafi\\vendor\\laravel\\framework\\src\\Illuminate\\Console\\Command.php(213): Illuminate\\Container\\Container->call(Array)
#39 E:\\freelancing\\local\\zaheer\\alshaafi\\vendor\\symfony\\console\\Command\\Command.php(279): Illuminate\\Console\\Command->execute(Object(Symfony\\Component\\Console\\Input\\ArgvInput), Object(Illuminate\\Console\\OutputStyle))
#40 E:\\freelancing\\local\\zaheer\\alshaafi\\vendor\\laravel\\framework\\src\\Illuminate\\Console\\Command.php(182): Symfony\\Component\\Console\\Command\\Command->run(Object(Symfony\\Component\\Console\\Input\\ArgvInput), Object(Illuminate\\Console\\OutputStyle))
#41 E:\\freelancing\\local\\zaheer\\alshaafi\\vendor\\symfony\\console\\Application.php(1047): Illuminate\\Console\\Command->run(Object(Symfony\\Component\\Console\\Input\\ArgvInput), Object(Symfony\\Component\\Console\\Output\\ConsoleOutput))
#42 E:\\freelancing\\local\\zaheer\\alshaafi\\vendor\\symfony\\console\\Application.php(316): Symfony\\Component\\Console\\Application->doRunCommand(Object(Illuminate\\Database\\Console\\Seeds\\SeedCommand), Object(Symfony\\Component\\Console\\Input\\ArgvInput), Object(Symfony\\Component\\Console\\Output\\ConsoleOutput))
#43 E:\\freelancing\\local\\zaheer\\alshaafi\\vendor\\symfony\\console\\Application.php(167): Symfony\\Component\\Console\\Application->doRun(Object(Symfony\\Component\\Console\\Input\\ArgvInput), Object(Symfony\\Component\\Console\\Output\\ConsoleOutput))
#44 E:\\freelancing\\local\\zaheer\\alshaafi\\vendor\\laravel\\framework\\src\\Illuminate\\Foundation\\Console\\Kernel.php(196): Symfony\\Component\\Console\\Application->run(Object(Symfony\\Component\\Console\\Input\\ArgvInput), Object(Symfony\\Component\\Console\\Output\\ConsoleOutput))
#45 E:\\freelancing\\local\\zaheer\\alshaafi\\vendor\\laravel\\framework\\src\\Illuminate\\Foundation\\Application.php(1203): Illuminate\\Foundation\\Console\\Kernel->handle(Object(Symfony\\Component\\Console\\Input\\ArgvInput), Object(Symfony\\Component\\Console\\Output\\ConsoleOutput))
#46 E:\\freelancing\\local\\zaheer\\alshaafi\\artisan(13): Illuminate\\Foundation\\Application->handleCommand(Object(Symfony\\Component\\Console\\Input\\ArgvInput))
#47 {main}
"} 
[2025-07-03 14:06:52] local.ERROR: SQLSTATE[42S21]: Column already exists: 1060 Duplicate column name 'country_id' (Connection: mysql, SQL: alter table `blog_posts` add `country_id` bigint unsigned null after `blog_category_id`) {"exception":"[object] (Illuminate\\Database\\QueryException(code: 42S21): SQLSTATE[42S21]: Column already exists: 1060 Duplicate column name 'country_id' (Connection: mysql, SQL: alter table `blog_posts` add `country_id` bigint unsigned null after `blog_category_id`) at E:\\freelancing\\local\\zaheer\\alshaafi\\vendor\\laravel\\framework\\src\\Illuminate\\Database\\Connection.php:813)
[stacktrace]
#0 E:\\freelancing\\local\\zaheer\\alshaafi\\vendor\\laravel\\framework\\src\\Illuminate\\Database\\Connection.php(767): Illuminate\\Database\\Connection->runQueryCallback('alter table `bl...', Array, Object(Closure))
#1 E:\\freelancing\\local\\zaheer\\alshaafi\\vendor\\laravel\\framework\\src\\Illuminate\\Database\\Connection.php(560): Illuminate\\Database\\Connection->run('alter table `bl...', Array, Object(Closure))
#2 E:\\freelancing\\local\\zaheer\\alshaafi\\vendor\\laravel\\framework\\src\\Illuminate\\Database\\Schema\\Blueprint.php(117): Illuminate\\Database\\Connection->statement('alter table `bl...')
#3 E:\\freelancing\\local\\zaheer\\alshaafi\\vendor\\laravel\\framework\\src\\Illuminate\\Database\\Schema\\Builder.php(564): Illuminate\\Database\\Schema\\Blueprint->build(Object(Illuminate\\Database\\MySqlConnection), Object(Illuminate\\Database\\Schema\\Grammars\\MySqlGrammar))
#4 E:\\freelancing\\local\\zaheer\\alshaafi\\vendor\\laravel\\framework\\src\\Illuminate\\Database\\Schema\\Builder.php(406): Illuminate\\Database\\Schema\\Builder->build(Object(Illuminate\\Database\\Schema\\Blueprint))
#5 E:\\freelancing\\local\\zaheer\\alshaafi\\vendor\\laravel\\framework\\src\\Illuminate\\Support\\Facades\\Facade.php(357): Illuminate\\Database\\Schema\\Builder->table('blog_posts', Object(Closure))
#6 E:\\freelancing\\local\\zaheer\\alshaafi\\database\\migrations\\2025_07_03_132201_add_country_id_to_blog_posts_table.php(14): Illuminate\\Support\\Facades\\Facade::__callStatic('table', Array)
#7 E:\\freelancing\\local\\zaheer\\alshaafi\\vendor\\laravel\\framework\\src\\Illuminate\\Database\\Migrations\\Migrator.php(475): Illuminate\\Database\\Migrations\\Migration@anonymous->up()
#8 E:\\freelancing\\local\\zaheer\\alshaafi\\vendor\\laravel\\framework\\src\\Illuminate\\Database\\Migrations\\Migrator.php(400): Illuminate\\Database\\Migrations\\Migrator->runMethod(Object(Illuminate\\Database\\MySqlConnection), Object(Illuminate\\Database\\Migrations\\Migration@anonymous), 'up')
#9 E:\\freelancing\\local\\zaheer\\alshaafi\\vendor\\laravel\\framework\\src\\Illuminate\\Database\\Migrations\\Migrator.php(409): Illuminate\\Database\\Migrations\\Migrator->Illuminate\\Database\\Migrations\\{closure}()
#10 E:\\freelancing\\local\\zaheer\\alshaafi\\vendor\\laravel\\framework\\src\\Illuminate\\Database\\Migrations\\Migrator.php(212): Illuminate\\Database\\Migrations\\Migrator->runMigration(Object(Illuminate\\Database\\Migrations\\Migration@anonymous), 'up')
#11 E:\\freelancing\\local\\zaheer\\alshaafi\\vendor\\laravel\\framework\\src\\Illuminate\\Console\\View\\Components\\Task.php(40): Illuminate\\Database\\Migrations\\Migrator->Illuminate\\Database\\Migrations\\{closure}()
#12 E:\\freelancing\\local\\zaheer\\alshaafi\\vendor\\laravel\\framework\\src\\Illuminate\\Database\\Migrations\\Migrator.php(736): Illuminate\\Console\\View\\Components\\Task->render('2025_07_03_1322...', Object(Closure))
#13 E:\\freelancing\\local\\zaheer\\alshaafi\\vendor\\laravel\\framework\\src\\Illuminate\\Database\\Migrations\\Migrator.php(212): Illuminate\\Database\\Migrations\\Migrator->write('Illuminate\\\\Cons...', '2025_07_03_1322...', Object(Closure))
#14 E:\\freelancing\\local\\zaheer\\alshaafi\\vendor\\laravel\\framework\\src\\Illuminate\\Database\\Migrations\\Migrator.php(179): Illuminate\\Database\\Migrations\\Migrator->runUp('E:\\\\freelancing\\\\...', 2, false)
#15 E:\\freelancing\\local\\zaheer\\alshaafi\\vendor\\laravel\\framework\\src\\Illuminate\\Database\\Migrations\\Migrator.php(122): Illuminate\\Database\\Migrations\\Migrator->runPending(Array, Array)
#16 E:\\freelancing\\local\\zaheer\\alshaafi\\vendor\\laravel\\framework\\src\\Illuminate\\Database\\Console\\Migrations\\MigrateCommand.php(116): Illuminate\\Database\\Migrations\\Migrator->run(Array, Array)
#17 E:\\freelancing\\local\\zaheer\\alshaafi\\vendor\\laravel\\framework\\src\\Illuminate\\Database\\Migrations\\Migrator.php(615): Illuminate\\Database\\Console\\Migrations\\MigrateCommand->Illuminate\\Database\\Console\\Migrations\\{closure}()
#18 E:\\freelancing\\local\\zaheer\\alshaafi\\vendor\\laravel\\framework\\src\\Illuminate\\Database\\Console\\Migrations\\MigrateCommand.php(109): Illuminate\\Database\\Migrations\\Migrator->usingConnection(NULL, Object(Closure))
#19 E:\\freelancing\\local\\zaheer\\alshaafi\\vendor\\laravel\\framework\\src\\Illuminate\\Database\\Console\\Migrations\\MigrateCommand.php(88): Illuminate\\Database\\Console\\Migrations\\MigrateCommand->runMigrations()
#20 E:\\freelancing\\local\\zaheer\\alshaafi\\vendor\\laravel\\framework\\src\\Illuminate\\Container\\BoundMethod.php(36): Illuminate\\Database\\Console\\Migrations\\MigrateCommand->handle()
#21 E:\\freelancing\\local\\zaheer\\alshaafi\\vendor\\laravel\\framework\\src\\Illuminate\\Container\\Util.php(41): Illuminate\\Container\\BoundMethod::Illuminate\\Container\\{closure}()
#22 E:\\freelancing\\local\\zaheer\\alshaafi\\vendor\\laravel\\framework\\src\\Illuminate\\Container\\BoundMethod.php(93): Illuminate\\Container\\Util::unwrapIfClosure(Object(Closure))
#23 E:\\freelancing\\local\\zaheer\\alshaafi\\vendor\\laravel\\framework\\src\\Illuminate\\Container\\BoundMethod.php(35): Illuminate\\Container\\BoundMethod::callBoundMethod(Object(Illuminate\\Foundation\\Application), Array, Object(Closure))
#24 E:\\freelancing\\local\\zaheer\\alshaafi\\vendor\\laravel\\framework\\src\\Illuminate\\Container\\Container.php(690): Illuminate\\Container\\BoundMethod::call(Object(Illuminate\\Foundation\\Application), Array, Array, NULL)
#25 E:\\freelancing\\local\\zaheer\\alshaafi\\vendor\\laravel\\framework\\src\\Illuminate\\Console\\Command.php(213): Illuminate\\Container\\Container->call(Array)
#26 E:\\freelancing\\local\\zaheer\\alshaafi\\vendor\\symfony\\console\\Command\\Command.php(279): Illuminate\\Console\\Command->execute(Object(Symfony\\Component\\Console\\Input\\ArgvInput), Object(Illuminate\\Console\\OutputStyle))
#27 E:\\freelancing\\local\\zaheer\\alshaafi\\vendor\\laravel\\framework\\src\\Illuminate\\Console\\Command.php(182): Symfony\\Component\\Console\\Command\\Command->run(Object(Symfony\\Component\\Console\\Input\\ArgvInput), Object(Illuminate\\Console\\OutputStyle))
#28 E:\\freelancing\\local\\zaheer\\alshaafi\\vendor\\symfony\\console\\Application.php(1047): Illuminate\\Console\\Command->run(Object(Symfony\\Component\\Console\\Input\\ArgvInput), Object(Symfony\\Component\\Console\\Output\\ConsoleOutput))
#29 E:\\freelancing\\local\\zaheer\\alshaafi\\vendor\\symfony\\console\\Application.php(316): Symfony\\Component\\Console\\Application->doRunCommand(Object(Illuminate\\Database\\Console\\Migrations\\MigrateCommand), Object(Symfony\\Component\\Console\\Input\\ArgvInput), Object(Symfony\\Component\\Console\\Output\\ConsoleOutput))
#30 E:\\freelancing\\local\\zaheer\\alshaafi\\vendor\\symfony\\console\\Application.php(167): Symfony\\Component\\Console\\Application->doRun(Object(Symfony\\Component\\Console\\Input\\ArgvInput), Object(Symfony\\Component\\Console\\Output\\ConsoleOutput))
#31 E:\\freelancing\\local\\zaheer\\alshaafi\\vendor\\laravel\\framework\\src\\Illuminate\\Foundation\\Console\\Kernel.php(196): Symfony\\Component\\Console\\Application->run(Object(Symfony\\Component\\Console\\Input\\ArgvInput), Object(Symfony\\Component\\Console\\Output\\ConsoleOutput))
#32 E:\\freelancing\\local\\zaheer\\alshaafi\\vendor\\laravel\\framework\\src\\Illuminate\\Foundation\\Application.php(1203): Illuminate\\Foundation\\Console\\Kernel->handle(Object(Symfony\\Component\\Console\\Input\\ArgvInput), Object(Symfony\\Component\\Console\\Output\\ConsoleOutput))
#33 E:\\freelancing\\local\\zaheer\\alshaafi\\artisan(13): Illuminate\\Foundation\\Application->handleCommand(Object(Symfony\\Component\\Console\\Input\\ArgvInput))
#34 {main}

[previous exception] [object] (PDOException(code: 42S21): SQLSTATE[42S21]: Column already exists: 1060 Duplicate column name 'country_id' at E:\\freelancing\\local\\zaheer\\alshaafi\\vendor\\laravel\\framework\\src\\Illuminate\\Database\\Connection.php:571)
[stacktrace]
#0 E:\\freelancing\\local\\zaheer\\alshaafi\\vendor\\laravel\\framework\\src\\Illuminate\\Database\\Connection.php(571): PDOStatement->execute()
#1 E:\\freelancing\\local\\zaheer\\alshaafi\\vendor\\laravel\\framework\\src\\Illuminate\\Database\\Connection.php(800): Illuminate\\Database\\Connection->Illuminate\\Database\\{closure}('alter table `bl...', Array)
#2 E:\\freelancing\\local\\zaheer\\alshaafi\\vendor\\laravel\\framework\\src\\Illuminate\\Database\\Connection.php(767): Illuminate\\Database\\Connection->runQueryCallback('alter table `bl...', Array, Object(Closure))
#3 E:\\freelancing\\local\\zaheer\\alshaafi\\vendor\\laravel\\framework\\src\\Illuminate\\Database\\Connection.php(560): Illuminate\\Database\\Connection->run('alter table `bl...', Array, Object(Closure))
#4 E:\\freelancing\\local\\zaheer\\alshaafi\\vendor\\laravel\\framework\\src\\Illuminate\\Database\\Schema\\Blueprint.php(117): Illuminate\\Database\\Connection->statement('alter table `bl...')
#5 E:\\freelancing\\local\\zaheer\\alshaafi\\vendor\\laravel\\framework\\src\\Illuminate\\Database\\Schema\\Builder.php(564): Illuminate\\Database\\Schema\\Blueprint->build(Object(Illuminate\\Database\\MySqlConnection), Object(Illuminate\\Database\\Schema\\Grammars\\MySqlGrammar))
#6 E:\\freelancing\\local\\zaheer\\alshaafi\\vendor\\laravel\\framework\\src\\Illuminate\\Database\\Schema\\Builder.php(406): Illuminate\\Database\\Schema\\Builder->build(Object(Illuminate\\Database\\Schema\\Blueprint))
#7 E:\\freelancing\\local\\zaheer\\alshaafi\\vendor\\laravel\\framework\\src\\Illuminate\\Support\\Facades\\Facade.php(357): Illuminate\\Database\\Schema\\Builder->table('blog_posts', Object(Closure))
#8 E:\\freelancing\\local\\zaheer\\alshaafi\\database\\migrations\\2025_07_03_132201_add_country_id_to_blog_posts_table.php(14): Illuminate\\Support\\Facades\\Facade::__callStatic('table', Array)
#9 E:\\freelancing\\local\\zaheer\\alshaafi\\vendor\\laravel\\framework\\src\\Illuminate\\Database\\Migrations\\Migrator.php(475): Illuminate\\Database\\Migrations\\Migration@anonymous->up()
#10 E:\\freelancing\\local\\zaheer\\alshaafi\\vendor\\laravel\\framework\\src\\Illuminate\\Database\\Migrations\\Migrator.php(400): Illuminate\\Database\\Migrations\\Migrator->runMethod(Object(Illuminate\\Database\\MySqlConnection), Object(Illuminate\\Database\\Migrations\\Migration@anonymous), 'up')
#11 E:\\freelancing\\local\\zaheer\\alshaafi\\vendor\\laravel\\framework\\src\\Illuminate\\Database\\Migrations\\Migrator.php(409): Illuminate\\Database\\Migrations\\Migrator->Illuminate\\Database\\Migrations\\{closure}()
#12 E:\\freelancing\\local\\zaheer\\alshaafi\\vendor\\laravel\\framework\\src\\Illuminate\\Database\\Migrations\\Migrator.php(212): Illuminate\\Database\\Migrations\\Migrator->runMigration(Object(Illuminate\\Database\\Migrations\\Migration@anonymous), 'up')
#13 E:\\freelancing\\local\\zaheer\\alshaafi\\vendor\\laravel\\framework\\src\\Illuminate\\Console\\View\\Components\\Task.php(40): Illuminate\\Database\\Migrations\\Migrator->Illuminate\\Database\\Migrations\\{closure}()
#14 E:\\freelancing\\local\\zaheer\\alshaafi\\vendor\\laravel\\framework\\src\\Illuminate\\Database\\Migrations\\Migrator.php(736): Illuminate\\Console\\View\\Components\\Task->render('2025_07_03_1322...', Object(Closure))
#15 E:\\freelancing\\local\\zaheer\\alshaafi\\vendor\\laravel\\framework\\src\\Illuminate\\Database\\Migrations\\Migrator.php(212): Illuminate\\Database\\Migrations\\Migrator->write('Illuminate\\\\Cons...', '2025_07_03_1322...', Object(Closure))
#16 E:\\freelancing\\local\\zaheer\\alshaafi\\vendor\\laravel\\framework\\src\\Illuminate\\Database\\Migrations\\Migrator.php(179): Illuminate\\Database\\Migrations\\Migrator->runUp('E:\\\\freelancing\\\\...', 2, false)
#17 E:\\freelancing\\local\\zaheer\\alshaafi\\vendor\\laravel\\framework\\src\\Illuminate\\Database\\Migrations\\Migrator.php(122): Illuminate\\Database\\Migrations\\Migrator->runPending(Array, Array)
#18 E:\\freelancing\\local\\zaheer\\alshaafi\\vendor\\laravel\\framework\\src\\Illuminate\\Database\\Console\\Migrations\\MigrateCommand.php(116): Illuminate\\Database\\Migrations\\Migrator->run(Array, Array)
#19 E:\\freelancing\\local\\zaheer\\alshaafi\\vendor\\laravel\\framework\\src\\Illuminate\\Database\\Migrations\\Migrator.php(615): Illuminate\\Database\\Console\\Migrations\\MigrateCommand->Illuminate\\Database\\Console\\Migrations\\{closure}()
#20 E:\\freelancing\\local\\zaheer\\alshaafi\\vendor\\laravel\\framework\\src\\Illuminate\\Database\\Console\\Migrations\\MigrateCommand.php(109): Illuminate\\Database\\Migrations\\Migrator->usingConnection(NULL, Object(Closure))
#21 E:\\freelancing\\local\\zaheer\\alshaafi\\vendor\\laravel\\framework\\src\\Illuminate\\Database\\Console\\Migrations\\MigrateCommand.php(88): Illuminate\\Database\\Console\\Migrations\\MigrateCommand->runMigrations()
#22 E:\\freelancing\\local\\zaheer\\alshaafi\\vendor\\laravel\\framework\\src\\Illuminate\\Container\\BoundMethod.php(36): Illuminate\\Database\\Console\\Migrations\\MigrateCommand->handle()
#23 E:\\freelancing\\local\\zaheer\\alshaafi\\vendor\\laravel\\framework\\src\\Illuminate\\Container\\Util.php(41): Illuminate\\Container\\BoundMethod::Illuminate\\Container\\{closure}()
#24 E:\\freelancing\\local\\zaheer\\alshaafi\\vendor\\laravel\\framework\\src\\Illuminate\\Container\\BoundMethod.php(93): Illuminate\\Container\\Util::unwrapIfClosure(Object(Closure))
#25 E:\\freelancing\\local\\zaheer\\alshaafi\\vendor\\laravel\\framework\\src\\Illuminate\\Container\\BoundMethod.php(35): Illuminate\\Container\\BoundMethod::callBoundMethod(Object(Illuminate\\Foundation\\Application), Array, Object(Closure))
#26 E:\\freelancing\\local\\zaheer\\alshaafi\\vendor\\laravel\\framework\\src\\Illuminate\\Container\\Container.php(690): Illuminate\\Container\\BoundMethod::call(Object(Illuminate\\Foundation\\Application), Array, Array, NULL)
#27 E:\\freelancing\\local\\zaheer\\alshaafi\\vendor\\laravel\\framework\\src\\Illuminate\\Console\\Command.php(213): Illuminate\\Container\\Container->call(Array)
#28 E:\\freelancing\\local\\zaheer\\alshaafi\\vendor\\symfony\\console\\Command\\Command.php(279): Illuminate\\Console\\Command->execute(Object(Symfony\\Component\\Console\\Input\\ArgvInput), Object(Illuminate\\Console\\OutputStyle))
#29 E:\\freelancing\\local\\zaheer\\alshaafi\\vendor\\laravel\\framework\\src\\Illuminate\\Console\\Command.php(182): Symfony\\Component\\Console\\Command\\Command->run(Object(Symfony\\Component\\Console\\Input\\ArgvInput), Object(Illuminate\\Console\\OutputStyle))
#30 E:\\freelancing\\local\\zaheer\\alshaafi\\vendor\\symfony\\console\\Application.php(1047): Illuminate\\Console\\Command->run(Object(Symfony\\Component\\Console\\Input\\ArgvInput), Object(Symfony\\Component\\Console\\Output\\ConsoleOutput))
#31 E:\\freelancing\\local\\zaheer\\alshaafi\\vendor\\symfony\\console\\Application.php(316): Symfony\\Component\\Console\\Application->doRunCommand(Object(Illuminate\\Database\\Console\\Migrations\\MigrateCommand), Object(Symfony\\Component\\Console\\Input\\ArgvInput), Object(Symfony\\Component\\Console\\Output\\ConsoleOutput))
#32 E:\\freelancing\\local\\zaheer\\alshaafi\\vendor\\symfony\\console\\Application.php(167): Symfony\\Component\\Console\\Application->doRun(Object(Symfony\\Component\\Console\\Input\\ArgvInput), Object(Symfony\\Component\\Console\\Output\\ConsoleOutput))
#33 E:\\freelancing\\local\\zaheer\\alshaafi\\vendor\\laravel\\framework\\src\\Illuminate\\Foundation\\Console\\Kernel.php(196): Symfony\\Component\\Console\\Application->run(Object(Symfony\\Component\\Console\\Input\\ArgvInput), Object(Symfony\\Component\\Console\\Output\\ConsoleOutput))
#34 E:\\freelancing\\local\\zaheer\\alshaafi\\vendor\\laravel\\framework\\src\\Illuminate\\Foundation\\Application.php(1203): Illuminate\\Foundation\\Console\\Kernel->handle(Object(Symfony\\Component\\Console\\Input\\ArgvInput), Object(Symfony\\Component\\Console\\Output\\ConsoleOutput))
#35 E:\\freelancing\\local\\zaheer\\alshaafi\\artisan(13): Illuminate\\Foundation\\Application->handleCommand(Object(Symfony\\Component\\Console\\Input\\ArgvInput))
#36 {main}
"} 
[2025-07-03 14:08:16] local.ERROR: SQLSTATE[42S21]: Column already exists: 1060 Duplicate column name 'country_id' (Connection: mysql, SQL: alter table `blog_posts` add `country_id` bigint unsigned null after `blog_category_id`) {"exception":"[object] (Illuminate\\Database\\QueryException(code: 42S21): SQLSTATE[42S21]: Column already exists: 1060 Duplicate column name 'country_id' (Connection: mysql, SQL: alter table `blog_posts` add `country_id` bigint unsigned null after `blog_category_id`) at E:\\freelancing\\local\\zaheer\\alshaafi\\vendor\\laravel\\framework\\src\\Illuminate\\Database\\Connection.php:813)
[stacktrace]
#0 E:\\freelancing\\local\\zaheer\\alshaafi\\vendor\\laravel\\framework\\src\\Illuminate\\Database\\Connection.php(767): Illuminate\\Database\\Connection->runQueryCallback('alter table `bl...', Array, Object(Closure))
#1 E:\\freelancing\\local\\zaheer\\alshaafi\\vendor\\laravel\\framework\\src\\Illuminate\\Database\\Connection.php(560): Illuminate\\Database\\Connection->run('alter table `bl...', Array, Object(Closure))
#2 E:\\freelancing\\local\\zaheer\\alshaafi\\vendor\\laravel\\framework\\src\\Illuminate\\Database\\Schema\\Blueprint.php(117): Illuminate\\Database\\Connection->statement('alter table `bl...')
#3 E:\\freelancing\\local\\zaheer\\alshaafi\\vendor\\laravel\\framework\\src\\Illuminate\\Database\\Schema\\Builder.php(564): Illuminate\\Database\\Schema\\Blueprint->build(Object(Illuminate\\Database\\MySqlConnection), Object(Illuminate\\Database\\Schema\\Grammars\\MySqlGrammar))
#4 E:\\freelancing\\local\\zaheer\\alshaafi\\vendor\\laravel\\framework\\src\\Illuminate\\Database\\Schema\\Builder.php(406): Illuminate\\Database\\Schema\\Builder->build(Object(Illuminate\\Database\\Schema\\Blueprint))
#5 E:\\freelancing\\local\\zaheer\\alshaafi\\vendor\\laravel\\framework\\src\\Illuminate\\Support\\Facades\\Facade.php(357): Illuminate\\Database\\Schema\\Builder->table('blog_posts', Object(Closure))
#6 E:\\freelancing\\local\\zaheer\\alshaafi\\database\\migrations\\2025_07_03_132201_add_country_id_to_blog_posts_table.php(14): Illuminate\\Support\\Facades\\Facade::__callStatic('table', Array)
#7 E:\\freelancing\\local\\zaheer\\alshaafi\\vendor\\laravel\\framework\\src\\Illuminate\\Database\\Migrations\\Migrator.php(475): Illuminate\\Database\\Migrations\\Migration@anonymous->up()
#8 E:\\freelancing\\local\\zaheer\\alshaafi\\vendor\\laravel\\framework\\src\\Illuminate\\Database\\Migrations\\Migrator.php(400): Illuminate\\Database\\Migrations\\Migrator->runMethod(Object(Illuminate\\Database\\MySqlConnection), Object(Illuminate\\Database\\Migrations\\Migration@anonymous), 'up')
#9 E:\\freelancing\\local\\zaheer\\alshaafi\\vendor\\laravel\\framework\\src\\Illuminate\\Database\\Migrations\\Migrator.php(409): Illuminate\\Database\\Migrations\\Migrator->Illuminate\\Database\\Migrations\\{closure}()
#10 E:\\freelancing\\local\\zaheer\\alshaafi\\vendor\\laravel\\framework\\src\\Illuminate\\Database\\Migrations\\Migrator.php(212): Illuminate\\Database\\Migrations\\Migrator->runMigration(Object(Illuminate\\Database\\Migrations\\Migration@anonymous), 'up')
#11 E:\\freelancing\\local\\zaheer\\alshaafi\\vendor\\laravel\\framework\\src\\Illuminate\\Console\\View\\Components\\Task.php(40): Illuminate\\Database\\Migrations\\Migrator->Illuminate\\Database\\Migrations\\{closure}()
#12 E:\\freelancing\\local\\zaheer\\alshaafi\\vendor\\laravel\\framework\\src\\Illuminate\\Database\\Migrations\\Migrator.php(736): Illuminate\\Console\\View\\Components\\Task->render('2025_07_03_1322...', Object(Closure))
#13 E:\\freelancing\\local\\zaheer\\alshaafi\\vendor\\laravel\\framework\\src\\Illuminate\\Database\\Migrations\\Migrator.php(212): Illuminate\\Database\\Migrations\\Migrator->write('Illuminate\\\\Cons...', '2025_07_03_1322...', Object(Closure))
#14 E:\\freelancing\\local\\zaheer\\alshaafi\\vendor\\laravel\\framework\\src\\Illuminate\\Database\\Migrations\\Migrator.php(179): Illuminate\\Database\\Migrations\\Migrator->runUp('E:\\\\freelancing\\\\...', 3, false)
#15 E:\\freelancing\\local\\zaheer\\alshaafi\\vendor\\laravel\\framework\\src\\Illuminate\\Database\\Migrations\\Migrator.php(122): Illuminate\\Database\\Migrations\\Migrator->runPending(Array, Array)
#16 E:\\freelancing\\local\\zaheer\\alshaafi\\vendor\\laravel\\framework\\src\\Illuminate\\Database\\Console\\Migrations\\MigrateCommand.php(116): Illuminate\\Database\\Migrations\\Migrator->run(Array, Array)
#17 E:\\freelancing\\local\\zaheer\\alshaafi\\vendor\\laravel\\framework\\src\\Illuminate\\Database\\Migrations\\Migrator.php(615): Illuminate\\Database\\Console\\Migrations\\MigrateCommand->Illuminate\\Database\\Console\\Migrations\\{closure}()
#18 E:\\freelancing\\local\\zaheer\\alshaafi\\vendor\\laravel\\framework\\src\\Illuminate\\Database\\Console\\Migrations\\MigrateCommand.php(109): Illuminate\\Database\\Migrations\\Migrator->usingConnection(NULL, Object(Closure))
#19 E:\\freelancing\\local\\zaheer\\alshaafi\\vendor\\laravel\\framework\\src\\Illuminate\\Database\\Console\\Migrations\\MigrateCommand.php(88): Illuminate\\Database\\Console\\Migrations\\MigrateCommand->runMigrations()
#20 E:\\freelancing\\local\\zaheer\\alshaafi\\vendor\\laravel\\framework\\src\\Illuminate\\Container\\BoundMethod.php(36): Illuminate\\Database\\Console\\Migrations\\MigrateCommand->handle()
#21 E:\\freelancing\\local\\zaheer\\alshaafi\\vendor\\laravel\\framework\\src\\Illuminate\\Container\\Util.php(41): Illuminate\\Container\\BoundMethod::Illuminate\\Container\\{closure}()
#22 E:\\freelancing\\local\\zaheer\\alshaafi\\vendor\\laravel\\framework\\src\\Illuminate\\Container\\BoundMethod.php(93): Illuminate\\Container\\Util::unwrapIfClosure(Object(Closure))
#23 E:\\freelancing\\local\\zaheer\\alshaafi\\vendor\\laravel\\framework\\src\\Illuminate\\Container\\BoundMethod.php(35): Illuminate\\Container\\BoundMethod::callBoundMethod(Object(Illuminate\\Foundation\\Application), Array, Object(Closure))
#24 E:\\freelancing\\local\\zaheer\\alshaafi\\vendor\\laravel\\framework\\src\\Illuminate\\Container\\Container.php(690): Illuminate\\Container\\BoundMethod::call(Object(Illuminate\\Foundation\\Application), Array, Array, NULL)
#25 E:\\freelancing\\local\\zaheer\\alshaafi\\vendor\\laravel\\framework\\src\\Illuminate\\Console\\Command.php(213): Illuminate\\Container\\Container->call(Array)
#26 E:\\freelancing\\local\\zaheer\\alshaafi\\vendor\\symfony\\console\\Command\\Command.php(279): Illuminate\\Console\\Command->execute(Object(Symfony\\Component\\Console\\Input\\ArgvInput), Object(Illuminate\\Console\\OutputStyle))
#27 E:\\freelancing\\local\\zaheer\\alshaafi\\vendor\\laravel\\framework\\src\\Illuminate\\Console\\Command.php(182): Symfony\\Component\\Console\\Command\\Command->run(Object(Symfony\\Component\\Console\\Input\\ArgvInput), Object(Illuminate\\Console\\OutputStyle))
#28 E:\\freelancing\\local\\zaheer\\alshaafi\\vendor\\symfony\\console\\Application.php(1047): Illuminate\\Console\\Command->run(Object(Symfony\\Component\\Console\\Input\\ArgvInput), Object(Symfony\\Component\\Console\\Output\\ConsoleOutput))
#29 E:\\freelancing\\local\\zaheer\\alshaafi\\vendor\\symfony\\console\\Application.php(316): Symfony\\Component\\Console\\Application->doRunCommand(Object(Illuminate\\Database\\Console\\Migrations\\MigrateCommand), Object(Symfony\\Component\\Console\\Input\\ArgvInput), Object(Symfony\\Component\\Console\\Output\\ConsoleOutput))
#30 E:\\freelancing\\local\\zaheer\\alshaafi\\vendor\\symfony\\console\\Application.php(167): Symfony\\Component\\Console\\Application->doRun(Object(Symfony\\Component\\Console\\Input\\ArgvInput), Object(Symfony\\Component\\Console\\Output\\ConsoleOutput))
#31 E:\\freelancing\\local\\zaheer\\alshaafi\\vendor\\laravel\\framework\\src\\Illuminate\\Foundation\\Console\\Kernel.php(196): Symfony\\Component\\Console\\Application->run(Object(Symfony\\Component\\Console\\Input\\ArgvInput), Object(Symfony\\Component\\Console\\Output\\ConsoleOutput))
#32 E:\\freelancing\\local\\zaheer\\alshaafi\\vendor\\laravel\\framework\\src\\Illuminate\\Foundation\\Application.php(1203): Illuminate\\Foundation\\Console\\Kernel->handle(Object(Symfony\\Component\\Console\\Input\\ArgvInput), Object(Symfony\\Component\\Console\\Output\\ConsoleOutput))
#33 E:\\freelancing\\local\\zaheer\\alshaafi\\artisan(13): Illuminate\\Foundation\\Application->handleCommand(Object(Symfony\\Component\\Console\\Input\\ArgvInput))
#34 {main}

[previous exception] [object] (PDOException(code: 42S21): SQLSTATE[42S21]: Column already exists: 1060 Duplicate column name 'country_id' at E:\\freelancing\\local\\zaheer\\alshaafi\\vendor\\laravel\\framework\\src\\Illuminate\\Database\\Connection.php:571)
[stacktrace]
#0 E:\\freelancing\\local\\zaheer\\alshaafi\\vendor\\laravel\\framework\\src\\Illuminate\\Database\\Connection.php(571): PDOStatement->execute()
#1 E:\\freelancing\\local\\zaheer\\alshaafi\\vendor\\laravel\\framework\\src\\Illuminate\\Database\\Connection.php(800): Illuminate\\Database\\Connection->Illuminate\\Database\\{closure}('alter table `bl...', Array)
#2 E:\\freelancing\\local\\zaheer\\alshaafi\\vendor\\laravel\\framework\\src\\Illuminate\\Database\\Connection.php(767): Illuminate\\Database\\Connection->runQueryCallback('alter table `bl...', Array, Object(Closure))
#3 E:\\freelancing\\local\\zaheer\\alshaafi\\vendor\\laravel\\framework\\src\\Illuminate\\Database\\Connection.php(560): Illuminate\\Database\\Connection->run('alter table `bl...', Array, Object(Closure))
#4 E:\\freelancing\\local\\zaheer\\alshaafi\\vendor\\laravel\\framework\\src\\Illuminate\\Database\\Schema\\Blueprint.php(117): Illuminate\\Database\\Connection->statement('alter table `bl...')
#5 E:\\freelancing\\local\\zaheer\\alshaafi\\vendor\\laravel\\framework\\src\\Illuminate\\Database\\Schema\\Builder.php(564): Illuminate\\Database\\Schema\\Blueprint->build(Object(Illuminate\\Database\\MySqlConnection), Object(Illuminate\\Database\\Schema\\Grammars\\MySqlGrammar))
#6 E:\\freelancing\\local\\zaheer\\alshaafi\\vendor\\laravel\\framework\\src\\Illuminate\\Database\\Schema\\Builder.php(406): Illuminate\\Database\\Schema\\Builder->build(Object(Illuminate\\Database\\Schema\\Blueprint))
#7 E:\\freelancing\\local\\zaheer\\alshaafi\\vendor\\laravel\\framework\\src\\Illuminate\\Support\\Facades\\Facade.php(357): Illuminate\\Database\\Schema\\Builder->table('blog_posts', Object(Closure))
#8 E:\\freelancing\\local\\zaheer\\alshaafi\\database\\migrations\\2025_07_03_132201_add_country_id_to_blog_posts_table.php(14): Illuminate\\Support\\Facades\\Facade::__callStatic('table', Array)
#9 E:\\freelancing\\local\\zaheer\\alshaafi\\vendor\\laravel\\framework\\src\\Illuminate\\Database\\Migrations\\Migrator.php(475): Illuminate\\Database\\Migrations\\Migration@anonymous->up()
#10 E:\\freelancing\\local\\zaheer\\alshaafi\\vendor\\laravel\\framework\\src\\Illuminate\\Database\\Migrations\\Migrator.php(400): Illuminate\\Database\\Migrations\\Migrator->runMethod(Object(Illuminate\\Database\\MySqlConnection), Object(Illuminate\\Database\\Migrations\\Migration@anonymous), 'up')
#11 E:\\freelancing\\local\\zaheer\\alshaafi\\vendor\\laravel\\framework\\src\\Illuminate\\Database\\Migrations\\Migrator.php(409): Illuminate\\Database\\Migrations\\Migrator->Illuminate\\Database\\Migrations\\{closure}()
#12 E:\\freelancing\\local\\zaheer\\alshaafi\\vendor\\laravel\\framework\\src\\Illuminate\\Database\\Migrations\\Migrator.php(212): Illuminate\\Database\\Migrations\\Migrator->runMigration(Object(Illuminate\\Database\\Migrations\\Migration@anonymous), 'up')
#13 E:\\freelancing\\local\\zaheer\\alshaafi\\vendor\\laravel\\framework\\src\\Illuminate\\Console\\View\\Components\\Task.php(40): Illuminate\\Database\\Migrations\\Migrator->Illuminate\\Database\\Migrations\\{closure}()
#14 E:\\freelancing\\local\\zaheer\\alshaafi\\vendor\\laravel\\framework\\src\\Illuminate\\Database\\Migrations\\Migrator.php(736): Illuminate\\Console\\View\\Components\\Task->render('2025_07_03_1322...', Object(Closure))
#15 E:\\freelancing\\local\\zaheer\\alshaafi\\vendor\\laravel\\framework\\src\\Illuminate\\Database\\Migrations\\Migrator.php(212): Illuminate\\Database\\Migrations\\Migrator->write('Illuminate\\\\Cons...', '2025_07_03_1322...', Object(Closure))
#16 E:\\freelancing\\local\\zaheer\\alshaafi\\vendor\\laravel\\framework\\src\\Illuminate\\Database\\Migrations\\Migrator.php(179): Illuminate\\Database\\Migrations\\Migrator->runUp('E:\\\\freelancing\\\\...', 3, false)
#17 E:\\freelancing\\local\\zaheer\\alshaafi\\vendor\\laravel\\framework\\src\\Illuminate\\Database\\Migrations\\Migrator.php(122): Illuminate\\Database\\Migrations\\Migrator->runPending(Array, Array)
#18 E:\\freelancing\\local\\zaheer\\alshaafi\\vendor\\laravel\\framework\\src\\Illuminate\\Database\\Console\\Migrations\\MigrateCommand.php(116): Illuminate\\Database\\Migrations\\Migrator->run(Array, Array)
#19 E:\\freelancing\\local\\zaheer\\alshaafi\\vendor\\laravel\\framework\\src\\Illuminate\\Database\\Migrations\\Migrator.php(615): Illuminate\\Database\\Console\\Migrations\\MigrateCommand->Illuminate\\Database\\Console\\Migrations\\{closure}()
#20 E:\\freelancing\\local\\zaheer\\alshaafi\\vendor\\laravel\\framework\\src\\Illuminate\\Database\\Console\\Migrations\\MigrateCommand.php(109): Illuminate\\Database\\Migrations\\Migrator->usingConnection(NULL, Object(Closure))
#21 E:\\freelancing\\local\\zaheer\\alshaafi\\vendor\\laravel\\framework\\src\\Illuminate\\Database\\Console\\Migrations\\MigrateCommand.php(88): Illuminate\\Database\\Console\\Migrations\\MigrateCommand->runMigrations()
#22 E:\\freelancing\\local\\zaheer\\alshaafi\\vendor\\laravel\\framework\\src\\Illuminate\\Container\\BoundMethod.php(36): Illuminate\\Database\\Console\\Migrations\\MigrateCommand->handle()
#23 E:\\freelancing\\local\\zaheer\\alshaafi\\vendor\\laravel\\framework\\src\\Illuminate\\Container\\Util.php(41): Illuminate\\Container\\BoundMethod::Illuminate\\Container\\{closure}()
#24 E:\\freelancing\\local\\zaheer\\alshaafi\\vendor\\laravel\\framework\\src\\Illuminate\\Container\\BoundMethod.php(93): Illuminate\\Container\\Util::unwrapIfClosure(Object(Closure))
#25 E:\\freelancing\\local\\zaheer\\alshaafi\\vendor\\laravel\\framework\\src\\Illuminate\\Container\\BoundMethod.php(35): Illuminate\\Container\\BoundMethod::callBoundMethod(Object(Illuminate\\Foundation\\Application), Array, Object(Closure))
#26 E:\\freelancing\\local\\zaheer\\alshaafi\\vendor\\laravel\\framework\\src\\Illuminate\\Container\\Container.php(690): Illuminate\\Container\\BoundMethod::call(Object(Illuminate\\Foundation\\Application), Array, Array, NULL)
#27 E:\\freelancing\\local\\zaheer\\alshaafi\\vendor\\laravel\\framework\\src\\Illuminate\\Console\\Command.php(213): Illuminate\\Container\\Container->call(Array)
#28 E:\\freelancing\\local\\zaheer\\alshaafi\\vendor\\symfony\\console\\Command\\Command.php(279): Illuminate\\Console\\Command->execute(Object(Symfony\\Component\\Console\\Input\\ArgvInput), Object(Illuminate\\Console\\OutputStyle))
#29 E:\\freelancing\\local\\zaheer\\alshaafi\\vendor\\laravel\\framework\\src\\Illuminate\\Console\\Command.php(182): Symfony\\Component\\Console\\Command\\Command->run(Object(Symfony\\Component\\Console\\Input\\ArgvInput), Object(Illuminate\\Console\\OutputStyle))
#30 E:\\freelancing\\local\\zaheer\\alshaafi\\vendor\\symfony\\console\\Application.php(1047): Illuminate\\Console\\Command->run(Object(Symfony\\Component\\Console\\Input\\ArgvInput), Object(Symfony\\Component\\Console\\Output\\ConsoleOutput))
#31 E:\\freelancing\\local\\zaheer\\alshaafi\\vendor\\symfony\\console\\Application.php(316): Symfony\\Component\\Console\\Application->doRunCommand(Object(Illuminate\\Database\\Console\\Migrations\\MigrateCommand), Object(Symfony\\Component\\Console\\Input\\ArgvInput), Object(Symfony\\Component\\Console\\Output\\ConsoleOutput))
#32 E:\\freelancing\\local\\zaheer\\alshaafi\\vendor\\symfony\\console\\Application.php(167): Symfony\\Component\\Console\\Application->doRun(Object(Symfony\\Component\\Console\\Input\\ArgvInput), Object(Symfony\\Component\\Console\\Output\\ConsoleOutput))
#33 E:\\freelancing\\local\\zaheer\\alshaafi\\vendor\\laravel\\framework\\src\\Illuminate\\Foundation\\Console\\Kernel.php(196): Symfony\\Component\\Console\\Application->run(Object(Symfony\\Component\\Console\\Input\\ArgvInput), Object(Symfony\\Component\\Console\\Output\\ConsoleOutput))
#34 E:\\freelancing\\local\\zaheer\\alshaafi\\vendor\\laravel\\framework\\src\\Illuminate\\Foundation\\Application.php(1203): Illuminate\\Foundation\\Console\\Kernel->handle(Object(Symfony\\Component\\Console\\Input\\ArgvInput), Object(Symfony\\Component\\Console\\Output\\ConsoleOutput))
#35 E:\\freelancing\\local\\zaheer\\alshaafi\\artisan(13): Illuminate\\Foundation\\Application->handleCommand(Object(Symfony\\Component\\Console\\Input\\ArgvInput))
#36 {main}
"} 
[2025-07-03 14:08:34] local.ERROR: The "--table" option does not exist. {"exception":"[object] (Symfony\\Component\\Console\\Exception\\RuntimeException(code: 0): The \"--table\" option does not exist. at E:\\freelancing\\local\\zaheer\\alshaafi\\vendor\\symfony\\console\\Input\\ArgvInput.php:220)
[stacktrace]
#0 E:\\freelancing\\local\\zaheer\\alshaafi\\vendor\\symfony\\console\\Input\\ArgvInput.php(147): Symfony\\Component\\Console\\Input\\ArgvInput->addLongOption('table', 'blog_posts')
#1 E:\\freelancing\\local\\zaheer\\alshaafi\\vendor\\symfony\\console\\Input\\ArgvInput.php(82): Symfony\\Component\\Console\\Input\\ArgvInput->parseLongOption('--table=blog_po...')
#2 E:\\freelancing\\local\\zaheer\\alshaafi\\vendor\\symfony\\console\\Input\\ArgvInput.php(71): Symfony\\Component\\Console\\Input\\ArgvInput->parseToken('--table=blog_po...', true)
#3 E:\\freelancing\\local\\zaheer\\alshaafi\\vendor\\symfony\\console\\Input\\Input.php(53): Symfony\\Component\\Console\\Input\\ArgvInput->parse()
#4 E:\\freelancing\\local\\zaheer\\alshaafi\\vendor\\symfony\\console\\Command\\Command.php(238): Symfony\\Component\\Console\\Input\\Input->bind(Object(Symfony\\Component\\Console\\Input\\InputDefinition))
#5 E:\\freelancing\\local\\zaheer\\alshaafi\\vendor\\laravel\\framework\\src\\Illuminate\\Console\\Command.php(182): Symfony\\Component\\Console\\Command\\Command->run(Object(Symfony\\Component\\Console\\Input\\ArgvInput), Object(Illuminate\\Console\\OutputStyle))
#6 E:\\freelancing\\local\\zaheer\\alshaafi\\vendor\\symfony\\console\\Application.php(1047): Illuminate\\Console\\Command->run(Object(Symfony\\Component\\Console\\Input\\ArgvInput), Object(Symfony\\Component\\Console\\Output\\ConsoleOutput))
#7 E:\\freelancing\\local\\zaheer\\alshaafi\\vendor\\symfony\\console\\Application.php(316): Symfony\\Component\\Console\\Application->doRunCommand(Object(Illuminate\\Database\\Console\\ShowCommand), Object(Symfony\\Component\\Console\\Input\\ArgvInput), Object(Symfony\\Component\\Console\\Output\\ConsoleOutput))
#8 E:\\freelancing\\local\\zaheer\\alshaafi\\vendor\\symfony\\console\\Application.php(167): Symfony\\Component\\Console\\Application->doRun(Object(Symfony\\Component\\Console\\Input\\ArgvInput), Object(Symfony\\Component\\Console\\Output\\ConsoleOutput))
#9 E:\\freelancing\\local\\zaheer\\alshaafi\\vendor\\laravel\\framework\\src\\Illuminate\\Foundation\\Console\\Kernel.php(196): Symfony\\Component\\Console\\Application->run(Object(Symfony\\Component\\Console\\Input\\ArgvInput), Object(Symfony\\Component\\Console\\Output\\ConsoleOutput))
#10 E:\\freelancing\\local\\zaheer\\alshaafi\\vendor\\laravel\\framework\\src\\Illuminate\\Foundation\\Application.php(1203): Illuminate\\Foundation\\Console\\Kernel->handle(Object(Symfony\\Component\\Console\\Input\\ArgvInput), Object(Symfony\\Component\\Console\\Output\\ConsoleOutput))
#11 E:\\freelancing\\local\\zaheer\\alshaafi\\artisan(13): Illuminate\\Foundation\\Application->handleCommand(Object(Symfony\\Component\\Console\\Input\\ArgvInput))
#12 {main}
"} 
[2025-07-03 14:09:48] local.ERROR: SQLSTATE[23000]: Integrity constraint violation: 1452 Cannot add or update a child row: a foreign key constraint fails (`alshafi`.`#sql-2ae8_31e`, CONSTRAINT `blog_posts_country_id_foreign` FOREIGN KEY (`country_id`) REFERENCES `countries` (`id`)) (Connection: mysql, SQL: alter table `blog_posts` add constraint `blog_posts_country_id_foreign` foreign key (`country_id`) references `countries` (`id`)) {"exception":"[object] (Illuminate\\Database\\QueryException(code: 23000): SQLSTATE[23000]: Integrity constraint violation: 1452 Cannot add or update a child row: a foreign key constraint fails (`alshafi`.`#sql-2ae8_31e`, CONSTRAINT `blog_posts_country_id_foreign` FOREIGN KEY (`country_id`) REFERENCES `countries` (`id`)) (Connection: mysql, SQL: alter table `blog_posts` add constraint `blog_posts_country_id_foreign` foreign key (`country_id`) references `countries` (`id`)) at E:\\freelancing\\local\\zaheer\\alshaafi\\vendor\\laravel\\framework\\src\\Illuminate\\Database\\Connection.php:813)
[stacktrace]
#0 E:\\freelancing\\local\\zaheer\\alshaafi\\vendor\\laravel\\framework\\src\\Illuminate\\Database\\Connection.php(767): Illuminate\\Database\\Connection->runQueryCallback('alter table `bl...', Array, Object(Closure))
#1 E:\\freelancing\\local\\zaheer\\alshaafi\\vendor\\laravel\\framework\\src\\Illuminate\\Database\\Connection.php(560): Illuminate\\Database\\Connection->run('alter table `bl...', Array, Object(Closure))
#2 E:\\freelancing\\local\\zaheer\\alshaafi\\vendor\\laravel\\framework\\src\\Illuminate\\Database\\Schema\\Blueprint.php(117): Illuminate\\Database\\Connection->statement('alter table `bl...')
#3 E:\\freelancing\\local\\zaheer\\alshaafi\\vendor\\laravel\\framework\\src\\Illuminate\\Database\\Schema\\Builder.php(564): Illuminate\\Database\\Schema\\Blueprint->build(Object(Illuminate\\Database\\MySqlConnection), Object(Illuminate\\Database\\Schema\\Grammars\\MySqlGrammar))
#4 E:\\freelancing\\local\\zaheer\\alshaafi\\vendor\\laravel\\framework\\src\\Illuminate\\Database\\Schema\\Builder.php(406): Illuminate\\Database\\Schema\\Builder->build(Object(Illuminate\\Database\\Schema\\Blueprint))
#5 E:\\freelancing\\local\\zaheer\\alshaafi\\vendor\\laravel\\framework\\src\\Illuminate\\Support\\Facades\\Facade.php(357): Illuminate\\Database\\Schema\\Builder->table('blog_posts', Object(Closure))
#6 E:\\freelancing\\local\\zaheer\\alshaafi\\database\\migrations\\2025_07_03_132201_add_country_id_to_blog_posts_table.php(15): Illuminate\\Support\\Facades\\Facade::__callStatic('table', Array)
#7 E:\\freelancing\\local\\zaheer\\alshaafi\\vendor\\laravel\\framework\\src\\Illuminate\\Database\\Migrations\\Migrator.php(475): Illuminate\\Database\\Migrations\\Migration@anonymous->up()
#8 E:\\freelancing\\local\\zaheer\\alshaafi\\vendor\\laravel\\framework\\src\\Illuminate\\Database\\Migrations\\Migrator.php(400): Illuminate\\Database\\Migrations\\Migrator->runMethod(Object(Illuminate\\Database\\MySqlConnection), Object(Illuminate\\Database\\Migrations\\Migration@anonymous), 'up')
#9 E:\\freelancing\\local\\zaheer\\alshaafi\\vendor\\laravel\\framework\\src\\Illuminate\\Database\\Migrations\\Migrator.php(409): Illuminate\\Database\\Migrations\\Migrator->Illuminate\\Database\\Migrations\\{closure}()
#10 E:\\freelancing\\local\\zaheer\\alshaafi\\vendor\\laravel\\framework\\src\\Illuminate\\Database\\Migrations\\Migrator.php(212): Illuminate\\Database\\Migrations\\Migrator->runMigration(Object(Illuminate\\Database\\Migrations\\Migration@anonymous), 'up')
#11 E:\\freelancing\\local\\zaheer\\alshaafi\\vendor\\laravel\\framework\\src\\Illuminate\\Console\\View\\Components\\Task.php(40): Illuminate\\Database\\Migrations\\Migrator->Illuminate\\Database\\Migrations\\{closure}()
#12 E:\\freelancing\\local\\zaheer\\alshaafi\\vendor\\laravel\\framework\\src\\Illuminate\\Database\\Migrations\\Migrator.php(736): Illuminate\\Console\\View\\Components\\Task->render('2025_07_03_1322...', Object(Closure))
#13 E:\\freelancing\\local\\zaheer\\alshaafi\\vendor\\laravel\\framework\\src\\Illuminate\\Database\\Migrations\\Migrator.php(212): Illuminate\\Database\\Migrations\\Migrator->write('Illuminate\\\\Cons...', '2025_07_03_1322...', Object(Closure))
#14 E:\\freelancing\\local\\zaheer\\alshaafi\\vendor\\laravel\\framework\\src\\Illuminate\\Database\\Migrations\\Migrator.php(179): Illuminate\\Database\\Migrations\\Migrator->runUp('E:\\\\freelancing\\\\...', 3, false)
#15 E:\\freelancing\\local\\zaheer\\alshaafi\\vendor\\laravel\\framework\\src\\Illuminate\\Database\\Migrations\\Migrator.php(122): Illuminate\\Database\\Migrations\\Migrator->runPending(Array, Array)
#16 E:\\freelancing\\local\\zaheer\\alshaafi\\vendor\\laravel\\framework\\src\\Illuminate\\Database\\Console\\Migrations\\MigrateCommand.php(116): Illuminate\\Database\\Migrations\\Migrator->run(Array, Array)
#17 E:\\freelancing\\local\\zaheer\\alshaafi\\vendor\\laravel\\framework\\src\\Illuminate\\Database\\Migrations\\Migrator.php(615): Illuminate\\Database\\Console\\Migrations\\MigrateCommand->Illuminate\\Database\\Console\\Migrations\\{closure}()
#18 E:\\freelancing\\local\\zaheer\\alshaafi\\vendor\\laravel\\framework\\src\\Illuminate\\Database\\Console\\Migrations\\MigrateCommand.php(109): Illuminate\\Database\\Migrations\\Migrator->usingConnection(NULL, Object(Closure))
#19 E:\\freelancing\\local\\zaheer\\alshaafi\\vendor\\laravel\\framework\\src\\Illuminate\\Database\\Console\\Migrations\\MigrateCommand.php(88): Illuminate\\Database\\Console\\Migrations\\MigrateCommand->runMigrations()
#20 E:\\freelancing\\local\\zaheer\\alshaafi\\vendor\\laravel\\framework\\src\\Illuminate\\Container\\BoundMethod.php(36): Illuminate\\Database\\Console\\Migrations\\MigrateCommand->handle()
#21 E:\\freelancing\\local\\zaheer\\alshaafi\\vendor\\laravel\\framework\\src\\Illuminate\\Container\\Util.php(41): Illuminate\\Container\\BoundMethod::Illuminate\\Container\\{closure}()
#22 E:\\freelancing\\local\\zaheer\\alshaafi\\vendor\\laravel\\framework\\src\\Illuminate\\Container\\BoundMethod.php(93): Illuminate\\Container\\Util::unwrapIfClosure(Object(Closure))
#23 E:\\freelancing\\local\\zaheer\\alshaafi\\vendor\\laravel\\framework\\src\\Illuminate\\Container\\BoundMethod.php(35): Illuminate\\Container\\BoundMethod::callBoundMethod(Object(Illuminate\\Foundation\\Application), Array, Object(Closure))
#24 E:\\freelancing\\local\\zaheer\\alshaafi\\vendor\\laravel\\framework\\src\\Illuminate\\Container\\Container.php(690): Illuminate\\Container\\BoundMethod::call(Object(Illuminate\\Foundation\\Application), Array, Array, NULL)
#25 E:\\freelancing\\local\\zaheer\\alshaafi\\vendor\\laravel\\framework\\src\\Illuminate\\Console\\Command.php(213): Illuminate\\Container\\Container->call(Array)
#26 E:\\freelancing\\local\\zaheer\\alshaafi\\vendor\\symfony\\console\\Command\\Command.php(279): Illuminate\\Console\\Command->execute(Object(Symfony\\Component\\Console\\Input\\ArgvInput), Object(Illuminate\\Console\\OutputStyle))
#27 E:\\freelancing\\local\\zaheer\\alshaafi\\vendor\\laravel\\framework\\src\\Illuminate\\Console\\Command.php(182): Symfony\\Component\\Console\\Command\\Command->run(Object(Symfony\\Component\\Console\\Input\\ArgvInput), Object(Illuminate\\Console\\OutputStyle))
#28 E:\\freelancing\\local\\zaheer\\alshaafi\\vendor\\symfony\\console\\Application.php(1047): Illuminate\\Console\\Command->run(Object(Symfony\\Component\\Console\\Input\\ArgvInput), Object(Symfony\\Component\\Console\\Output\\ConsoleOutput))
#29 E:\\freelancing\\local\\zaheer\\alshaafi\\vendor\\symfony\\console\\Application.php(316): Symfony\\Component\\Console\\Application->doRunCommand(Object(Illuminate\\Database\\Console\\Migrations\\MigrateCommand), Object(Symfony\\Component\\Console\\Input\\ArgvInput), Object(Symfony\\Component\\Console\\Output\\ConsoleOutput))
#30 E:\\freelancing\\local\\zaheer\\alshaafi\\vendor\\symfony\\console\\Application.php(167): Symfony\\Component\\Console\\Application->doRun(Object(Symfony\\Component\\Console\\Input\\ArgvInput), Object(Symfony\\Component\\Console\\Output\\ConsoleOutput))
#31 E:\\freelancing\\local\\zaheer\\alshaafi\\vendor\\laravel\\framework\\src\\Illuminate\\Foundation\\Console\\Kernel.php(196): Symfony\\Component\\Console\\Application->run(Object(Symfony\\Component\\Console\\Input\\ArgvInput), Object(Symfony\\Component\\Console\\Output\\ConsoleOutput))
#32 E:\\freelancing\\local\\zaheer\\alshaafi\\vendor\\laravel\\framework\\src\\Illuminate\\Foundation\\Application.php(1203): Illuminate\\Foundation\\Console\\Kernel->handle(Object(Symfony\\Component\\Console\\Input\\ArgvInput), Object(Symfony\\Component\\Console\\Output\\ConsoleOutput))
#33 E:\\freelancing\\local\\zaheer\\alshaafi\\artisan(13): Illuminate\\Foundation\\Application->handleCommand(Object(Symfony\\Component\\Console\\Input\\ArgvInput))
#34 {main}

[previous exception] [object] (PDOException(code: 23000): SQLSTATE[23000]: Integrity constraint violation: 1452 Cannot add or update a child row: a foreign key constraint fails (`alshafi`.`#sql-2ae8_31e`, CONSTRAINT `blog_posts_country_id_foreign` FOREIGN KEY (`country_id`) REFERENCES `countries` (`id`)) at E:\\freelancing\\local\\zaheer\\alshaafi\\vendor\\laravel\\framework\\src\\Illuminate\\Database\\Connection.php:571)
[stacktrace]
#0 E:\\freelancing\\local\\zaheer\\alshaafi\\vendor\\laravel\\framework\\src\\Illuminate\\Database\\Connection.php(571): PDOStatement->execute()
#1 E:\\freelancing\\local\\zaheer\\alshaafi\\vendor\\laravel\\framework\\src\\Illuminate\\Database\\Connection.php(800): Illuminate\\Database\\Connection->Illuminate\\Database\\{closure}('alter table `bl...', Array)
#2 E:\\freelancing\\local\\zaheer\\alshaafi\\vendor\\laravel\\framework\\src\\Illuminate\\Database\\Connection.php(767): Illuminate\\Database\\Connection->runQueryCallback('alter table `bl...', Array, Object(Closure))
#3 E:\\freelancing\\local\\zaheer\\alshaafi\\vendor\\laravel\\framework\\src\\Illuminate\\Database\\Connection.php(560): Illuminate\\Database\\Connection->run('alter table `bl...', Array, Object(Closure))
#4 E:\\freelancing\\local\\zaheer\\alshaafi\\vendor\\laravel\\framework\\src\\Illuminate\\Database\\Schema\\Blueprint.php(117): Illuminate\\Database\\Connection->statement('alter table `bl...')
#5 E:\\freelancing\\local\\zaheer\\alshaafi\\vendor\\laravel\\framework\\src\\Illuminate\\Database\\Schema\\Builder.php(564): Illuminate\\Database\\Schema\\Blueprint->build(Object(Illuminate\\Database\\MySqlConnection), Object(Illuminate\\Database\\Schema\\Grammars\\MySqlGrammar))
#6 E:\\freelancing\\local\\zaheer\\alshaafi\\vendor\\laravel\\framework\\src\\Illuminate\\Database\\Schema\\Builder.php(406): Illuminate\\Database\\Schema\\Builder->build(Object(Illuminate\\Database\\Schema\\Blueprint))
#7 E:\\freelancing\\local\\zaheer\\alshaafi\\vendor\\laravel\\framework\\src\\Illuminate\\Support\\Facades\\Facade.php(357): Illuminate\\Database\\Schema\\Builder->table('blog_posts', Object(Closure))
#8 E:\\freelancing\\local\\zaheer\\alshaafi\\database\\migrations\\2025_07_03_132201_add_country_id_to_blog_posts_table.php(15): Illuminate\\Support\\Facades\\Facade::__callStatic('table', Array)
#9 E:\\freelancing\\local\\zaheer\\alshaafi\\vendor\\laravel\\framework\\src\\Illuminate\\Database\\Migrations\\Migrator.php(475): Illuminate\\Database\\Migrations\\Migration@anonymous->up()
#10 E:\\freelancing\\local\\zaheer\\alshaafi\\vendor\\laravel\\framework\\src\\Illuminate\\Database\\Migrations\\Migrator.php(400): Illuminate\\Database\\Migrations\\Migrator->runMethod(Object(Illuminate\\Database\\MySqlConnection), Object(Illuminate\\Database\\Migrations\\Migration@anonymous), 'up')
#11 E:\\freelancing\\local\\zaheer\\alshaafi\\vendor\\laravel\\framework\\src\\Illuminate\\Database\\Migrations\\Migrator.php(409): Illuminate\\Database\\Migrations\\Migrator->Illuminate\\Database\\Migrations\\{closure}()
#12 E:\\freelancing\\local\\zaheer\\alshaafi\\vendor\\laravel\\framework\\src\\Illuminate\\Database\\Migrations\\Migrator.php(212): Illuminate\\Database\\Migrations\\Migrator->runMigration(Object(Illuminate\\Database\\Migrations\\Migration@anonymous), 'up')
#13 E:\\freelancing\\local\\zaheer\\alshaafi\\vendor\\laravel\\framework\\src\\Illuminate\\Console\\View\\Components\\Task.php(40): Illuminate\\Database\\Migrations\\Migrator->Illuminate\\Database\\Migrations\\{closure}()
#14 E:\\freelancing\\local\\zaheer\\alshaafi\\vendor\\laravel\\framework\\src\\Illuminate\\Database\\Migrations\\Migrator.php(736): Illuminate\\Console\\View\\Components\\Task->render('2025_07_03_1322...', Object(Closure))
#15 E:\\freelancing\\local\\zaheer\\alshaafi\\vendor\\laravel\\framework\\src\\Illuminate\\Database\\Migrations\\Migrator.php(212): Illuminate\\Database\\Migrations\\Migrator->write('Illuminate\\\\Cons...', '2025_07_03_1322...', Object(Closure))
#16 E:\\freelancing\\local\\zaheer\\alshaafi\\vendor\\laravel\\framework\\src\\Illuminate\\Database\\Migrations\\Migrator.php(179): Illuminate\\Database\\Migrations\\Migrator->runUp('E:\\\\freelancing\\\\...', 3, false)
#17 E:\\freelancing\\local\\zaheer\\alshaafi\\vendor\\laravel\\framework\\src\\Illuminate\\Database\\Migrations\\Migrator.php(122): Illuminate\\Database\\Migrations\\Migrator->runPending(Array, Array)
#18 E:\\freelancing\\local\\zaheer\\alshaafi\\vendor\\laravel\\framework\\src\\Illuminate\\Database\\Console\\Migrations\\MigrateCommand.php(116): Illuminate\\Database\\Migrations\\Migrator->run(Array, Array)
#19 E:\\freelancing\\local\\zaheer\\alshaafi\\vendor\\laravel\\framework\\src\\Illuminate\\Database\\Migrations\\Migrator.php(615): Illuminate\\Database\\Console\\Migrations\\MigrateCommand->Illuminate\\Database\\Console\\Migrations\\{closure}()
#20 E:\\freelancing\\local\\zaheer\\alshaafi\\vendor\\laravel\\framework\\src\\Illuminate\\Database\\Console\\Migrations\\MigrateCommand.php(109): Illuminate\\Database\\Migrations\\Migrator->usingConnection(NULL, Object(Closure))
#21 E:\\freelancing\\local\\zaheer\\alshaafi\\vendor\\laravel\\framework\\src\\Illuminate\\Database\\Console\\Migrations\\MigrateCommand.php(88): Illuminate\\Database\\Console\\Migrations\\MigrateCommand->runMigrations()
#22 E:\\freelancing\\local\\zaheer\\alshaafi\\vendor\\laravel\\framework\\src\\Illuminate\\Container\\BoundMethod.php(36): Illuminate\\Database\\Console\\Migrations\\MigrateCommand->handle()
#23 E:\\freelancing\\local\\zaheer\\alshaafi\\vendor\\laravel\\framework\\src\\Illuminate\\Container\\Util.php(41): Illuminate\\Container\\BoundMethod::Illuminate\\Container\\{closure}()
#24 E:\\freelancing\\local\\zaheer\\alshaafi\\vendor\\laravel\\framework\\src\\Illuminate\\Container\\BoundMethod.php(93): Illuminate\\Container\\Util::unwrapIfClosure(Object(Closure))
#25 E:\\freelancing\\local\\zaheer\\alshaafi\\vendor\\laravel\\framework\\src\\Illuminate\\Container\\BoundMethod.php(35): Illuminate\\Container\\BoundMethod::callBoundMethod(Object(Illuminate\\Foundation\\Application), Array, Object(Closure))
#26 E:\\freelancing\\local\\zaheer\\alshaafi\\vendor\\laravel\\framework\\src\\Illuminate\\Container\\Container.php(690): Illuminate\\Container\\BoundMethod::call(Object(Illuminate\\Foundation\\Application), Array, Array, NULL)
#27 E:\\freelancing\\local\\zaheer\\alshaafi\\vendor\\laravel\\framework\\src\\Illuminate\\Console\\Command.php(213): Illuminate\\Container\\Container->call(Array)
#28 E:\\freelancing\\local\\zaheer\\alshaafi\\vendor\\symfony\\console\\Command\\Command.php(279): Illuminate\\Console\\Command->execute(Object(Symfony\\Component\\Console\\Input\\ArgvInput), Object(Illuminate\\Console\\OutputStyle))
#29 E:\\freelancing\\local\\zaheer\\alshaafi\\vendor\\laravel\\framework\\src\\Illuminate\\Console\\Command.php(182): Symfony\\Component\\Console\\Command\\Command->run(Object(Symfony\\Component\\Console\\Input\\ArgvInput), Object(Illuminate\\Console\\OutputStyle))
#30 E:\\freelancing\\local\\zaheer\\alshaafi\\vendor\\symfony\\console\\Application.php(1047): Illuminate\\Console\\Command->run(Object(Symfony\\Component\\Console\\Input\\ArgvInput), Object(Symfony\\Component\\Console\\Output\\ConsoleOutput))
#31 E:\\freelancing\\local\\zaheer\\alshaafi\\vendor\\symfony\\console\\Application.php(316): Symfony\\Component\\Console\\Application->doRunCommand(Object(Illuminate\\Database\\Console\\Migrations\\MigrateCommand), Object(Symfony\\Component\\Console\\Input\\ArgvInput), Object(Symfony\\Component\\Console\\Output\\ConsoleOutput))
#32 E:\\freelancing\\local\\zaheer\\alshaafi\\vendor\\symfony\\console\\Application.php(167): Symfony\\Component\\Console\\Application->doRun(Object(Symfony\\Component\\Console\\Input\\ArgvInput), Object(Symfony\\Component\\Console\\Output\\ConsoleOutput))
#33 E:\\freelancing\\local\\zaheer\\alshaafi\\vendor\\laravel\\framework\\src\\Illuminate\\Foundation\\Console\\Kernel.php(196): Symfony\\Component\\Console\\Application->run(Object(Symfony\\Component\\Console\\Input\\ArgvInput), Object(Symfony\\Component\\Console\\Output\\ConsoleOutput))
#34 E:\\freelancing\\local\\zaheer\\alshaafi\\vendor\\laravel\\framework\\src\\Illuminate\\Foundation\\Application.php(1203): Illuminate\\Foundation\\Console\\Kernel->handle(Object(Symfony\\Component\\Console\\Input\\ArgvInput), Object(Symfony\\Component\\Console\\Output\\ConsoleOutput))
#35 E:\\freelancing\\local\\zaheer\\alshaafi\\artisan(13): Illuminate\\Foundation\\Application->handleCommand(Object(Symfony\\Component\\Console\\Input\\ArgvInput))
#36 {main}
"} 
[2025-07-03 14:10:02] local.ERROR: PHP Parse error: Syntax error, unexpected T_NS_SEPARATOR on line 4 {"exception":"[object] (Psy\\Exception\\ParseErrorException(code: 0): PHP Parse error: Syntax error, unexpected T_NS_SEPARATOR on line 4 at E:\\freelancing\\local\\zaheer\\alshaafi\\vendor\\psy\\psysh\\src\\Exception\\ParseErrorException.php:44)
[stacktrace]
#0 E:\\freelancing\\local\\zaheer\\alshaafi\\vendor\\psy\\psysh\\src\\CodeCleaner.php(311): Psy\\Exception\\ParseErrorException::fromParseError(Object(PhpParser\\Error))
#1 E:\\freelancing\\local\\zaheer\\alshaafi\\vendor\\psy\\psysh\\src\\CodeCleaner.php(240): Psy\\CodeCleaner->parse('<?php \\nuse App\\\\...', false)
#2 E:\\freelancing\\local\\zaheer\\alshaafi\\vendor\\psy\\psysh\\src\\Shell.php(848): Psy\\CodeCleaner->clean(Array, false)
#3 E:\\freelancing\\local\\zaheer\\alshaafi\\vendor\\psy\\psysh\\src\\Shell.php(877): Psy\\Shell->addCode('\\nuse App\\\\Models...', true)
#4 E:\\freelancing\\local\\zaheer\\alshaafi\\vendor\\psy\\psysh\\src\\Shell.php(1342): Psy\\Shell->setCode('\\nuse App\\\\Models...', true)
#5 E:\\freelancing\\local\\zaheer\\alshaafi\\vendor\\laravel\\tinker\\src\\Console\\TinkerCommand.php(76): Psy\\Shell->execute('\\nuse App\\\\Models...')
#6 E:\\freelancing\\local\\zaheer\\alshaafi\\vendor\\laravel\\framework\\src\\Illuminate\\Container\\BoundMethod.php(36): Laravel\\Tinker\\Console\\TinkerCommand->handle()
#7 E:\\freelancing\\local\\zaheer\\alshaafi\\vendor\\laravel\\framework\\src\\Illuminate\\Container\\Util.php(41): Illuminate\\Container\\BoundMethod::Illuminate\\Container\\{closure}()
#8 E:\\freelancing\\local\\zaheer\\alshaafi\\vendor\\laravel\\framework\\src\\Illuminate\\Container\\BoundMethod.php(93): Illuminate\\Container\\Util::unwrapIfClosure(Object(Closure))
#9 E:\\freelancing\\local\\zaheer\\alshaafi\\vendor\\laravel\\framework\\src\\Illuminate\\Container\\BoundMethod.php(35): Illuminate\\Container\\BoundMethod::callBoundMethod(Object(Illuminate\\Foundation\\Application), Array, Object(Closure))
#10 E:\\freelancing\\local\\zaheer\\alshaafi\\vendor\\laravel\\framework\\src\\Illuminate\\Container\\Container.php(690): Illuminate\\Container\\BoundMethod::call(Object(Illuminate\\Foundation\\Application), Array, Array, NULL)
#11 E:\\freelancing\\local\\zaheer\\alshaafi\\vendor\\laravel\\framework\\src\\Illuminate\\Console\\Command.php(213): Illuminate\\Container\\Container->call(Array)
#12 E:\\freelancing\\local\\zaheer\\alshaafi\\vendor\\symfony\\console\\Command\\Command.php(279): Illuminate\\Console\\Command->execute(Object(Symfony\\Component\\Console\\Input\\ArgvInput), Object(Illuminate\\Console\\OutputStyle))
#13 E:\\freelancing\\local\\zaheer\\alshaafi\\vendor\\laravel\\framework\\src\\Illuminate\\Console\\Command.php(182): Symfony\\Component\\Console\\Command\\Command->run(Object(Symfony\\Component\\Console\\Input\\ArgvInput), Object(Illuminate\\Console\\OutputStyle))
#14 E:\\freelancing\\local\\zaheer\\alshaafi\\vendor\\symfony\\console\\Application.php(1047): Illuminate\\Console\\Command->run(Object(Symfony\\Component\\Console\\Input\\ArgvInput), Object(Symfony\\Component\\Console\\Output\\ConsoleOutput))
#15 E:\\freelancing\\local\\zaheer\\alshaafi\\vendor\\symfony\\console\\Application.php(316): Symfony\\Component\\Console\\Application->doRunCommand(Object(Laravel\\Tinker\\Console\\TinkerCommand), Object(Symfony\\Component\\Console\\Input\\ArgvInput), Object(Symfony\\Component\\Console\\Output\\ConsoleOutput))
#16 E:\\freelancing\\local\\zaheer\\alshaafi\\vendor\\symfony\\console\\Application.php(167): Symfony\\Component\\Console\\Application->doRun(Object(Symfony\\Component\\Console\\Input\\ArgvInput), Object(Symfony\\Component\\Console\\Output\\ConsoleOutput))
#17 E:\\freelancing\\local\\zaheer\\alshaafi\\vendor\\laravel\\framework\\src\\Illuminate\\Foundation\\Console\\Kernel.php(196): Symfony\\Component\\Console\\Application->run(Object(Symfony\\Component\\Console\\Input\\ArgvInput), Object(Symfony\\Component\\Console\\Output\\ConsoleOutput))
#18 E:\\freelancing\\local\\zaheer\\alshaafi\\vendor\\laravel\\framework\\src\\Illuminate\\Foundation\\Application.php(1203): Illuminate\\Foundation\\Console\\Kernel->handle(Object(Symfony\\Component\\Console\\Input\\ArgvInput), Object(Symfony\\Component\\Console\\Output\\ConsoleOutput))
#19 E:\\freelancing\\local\\zaheer\\alshaafi\\artisan(13): Illuminate\\Foundation\\Application->handleCommand(Object(Symfony\\Component\\Console\\Input\\ArgvInput))
#20 {main}
"} 
[2025-07-03 14:10:36] local.ERROR: SQLSTATE[42S22]: Column not found: 1054 Unknown column 'code' in 'where clause' (Connection: mysql, SQL: select * from `countries` where `code` = PK limit 1) {"exception":"[object] (Illuminate\\Database\\QueryException(code: 42S22): SQLSTATE[42S22]: Column not found: 1054 Unknown column 'code' in 'where clause' (Connection: mysql, SQL: select * from `countries` where `code` = PK limit 1) at E:\\freelancing\\local\\zaheer\\alshaafi\\vendor\\laravel\\framework\\src\\Illuminate\\Database\\Connection.php:813)
[stacktrace]
#0 E:\\freelancing\\local\\zaheer\\alshaafi\\vendor\\laravel\\framework\\src\\Illuminate\\Database\\Connection.php(767): Illuminate\\Database\\Connection->runQueryCallback('select * from `...', Array, Object(Closure))
#1 E:\\freelancing\\local\\zaheer\\alshaafi\\vendor\\laravel\\framework\\src\\Illuminate\\Database\\Connection.php(398): Illuminate\\Database\\Connection->run('select * from `...', Array, Object(Closure))
#2 E:\\freelancing\\local\\zaheer\\alshaafi\\vendor\\laravel\\framework\\src\\Illuminate\\Database\\Query\\Builder.php(2996): Illuminate\\Database\\Connection->select('select * from `...', Array, true)
#3 E:\\freelancing\\local\\zaheer\\alshaafi\\vendor\\laravel\\framework\\src\\Illuminate\\Database\\Query\\Builder.php(2981): Illuminate\\Database\\Query\\Builder->runSelect()
#4 E:\\freelancing\\local\\zaheer\\alshaafi\\vendor\\laravel\\framework\\src\\Illuminate\\Database\\Query\\Builder.php(3569): Illuminate\\Database\\Query\\Builder->Illuminate\\Database\\Query\\{closure}()
#5 E:\\freelancing\\local\\zaheer\\alshaafi\\vendor\\laravel\\framework\\src\\Illuminate\\Database\\Query\\Builder.php(2980): Illuminate\\Database\\Query\\Builder->onceWithColumns(Array, Object(Closure))
#6 E:\\freelancing\\local\\zaheer\\alshaafi\\vendor\\laravel\\framework\\src\\Illuminate\\Database\\Eloquent\\Builder.php(759): Illuminate\\Database\\Query\\Builder->get(Array)
#7 E:\\freelancing\\local\\zaheer\\alshaafi\\vendor\\laravel\\framework\\src\\Illuminate\\Database\\Eloquent\\Builder.php(741): Illuminate\\Database\\Eloquent\\Builder->getModels(Array)
#8 E:\\freelancing\\local\\zaheer\\alshaafi\\vendor\\laravel\\framework\\src\\Illuminate\\Database\\Concerns\\BuildsQueries.php(343): Illuminate\\Database\\Eloquent\\Builder->get(Array)
#9 E:\\freelancing\\local\\zaheer\\alshaafi\\fix_blog_countries.php(13): Illuminate\\Database\\Eloquent\\Builder->first()
#10 {main}

[previous exception] [object] (PDOException(code: 42S22): SQLSTATE[42S22]: Column not found: 1054 Unknown column 'code' in 'where clause' at E:\\freelancing\\local\\zaheer\\alshaafi\\vendor\\laravel\\framework\\src\\Illuminate\\Database\\Connection.php:407)
[stacktrace]
#0 E:\\freelancing\\local\\zaheer\\alshaafi\\vendor\\laravel\\framework\\src\\Illuminate\\Database\\Connection.php(407): PDO->prepare('select * from `...')
#1 E:\\freelancing\\local\\zaheer\\alshaafi\\vendor\\laravel\\framework\\src\\Illuminate\\Database\\Connection.php(800): Illuminate\\Database\\Connection->Illuminate\\Database\\{closure}('select * from `...', Array)
#2 E:\\freelancing\\local\\zaheer\\alshaafi\\vendor\\laravel\\framework\\src\\Illuminate\\Database\\Connection.php(767): Illuminate\\Database\\Connection->runQueryCallback('select * from `...', Array, Object(Closure))
#3 E:\\freelancing\\local\\zaheer\\alshaafi\\vendor\\laravel\\framework\\src\\Illuminate\\Database\\Connection.php(398): Illuminate\\Database\\Connection->run('select * from `...', Array, Object(Closure))
#4 E:\\freelancing\\local\\zaheer\\alshaafi\\vendor\\laravel\\framework\\src\\Illuminate\\Database\\Query\\Builder.php(2996): Illuminate\\Database\\Connection->select('select * from `...', Array, true)
#5 E:\\freelancing\\local\\zaheer\\alshaafi\\vendor\\laravel\\framework\\src\\Illuminate\\Database\\Query\\Builder.php(2981): Illuminate\\Database\\Query\\Builder->runSelect()
#6 E:\\freelancing\\local\\zaheer\\alshaafi\\vendor\\laravel\\framework\\src\\Illuminate\\Database\\Query\\Builder.php(3569): Illuminate\\Database\\Query\\Builder->Illuminate\\Database\\Query\\{closure}()
#7 E:\\freelancing\\local\\zaheer\\alshaafi\\vendor\\laravel\\framework\\src\\Illuminate\\Database\\Query\\Builder.php(2980): Illuminate\\Database\\Query\\Builder->onceWithColumns(Array, Object(Closure))
#8 E:\\freelancing\\local\\zaheer\\alshaafi\\vendor\\laravel\\framework\\src\\Illuminate\\Database\\Eloquent\\Builder.php(759): Illuminate\\Database\\Query\\Builder->get(Array)
#9 E:\\freelancing\\local\\zaheer\\alshaafi\\vendor\\laravel\\framework\\src\\Illuminate\\Database\\Eloquent\\Builder.php(741): Illuminate\\Database\\Eloquent\\Builder->getModels(Array)
#10 E:\\freelancing\\local\\zaheer\\alshaafi\\vendor\\laravel\\framework\\src\\Illuminate\\Database\\Concerns\\BuildsQueries.php(343): Illuminate\\Database\\Eloquent\\Builder->get(Array)
#11 E:\\freelancing\\local\\zaheer\\alshaafi\\fix_blog_countries.php(13): Illuminate\\Database\\Eloquent\\Builder->first()
#12 {main}
"} 
[2025-07-04 14:03:04] local.ERROR: SQLSTATE[HY000] [2002] No connection could be made because the target machine actively refused it (Connection: mysql, SQL: select * from `sessions` where `id` = E9l60PqIgdkODw5GHtvDEVVNNc31Zdrj3pYRuLM7 limit 1) {"exception":"[object] (Illuminate\\Database\\QueryException(code: 2002): SQLSTATE[HY000] [2002] No connection could be made because the target machine actively refused it (Connection: mysql, SQL: select * from `sessions` where `id` = E9l60PqIgdkODw5GHtvDEVVNNc31Zdrj3pYRuLM7 limit 1) at E:\\freelancing\\local\\zaheer\\alshaafi\\vendor\\laravel\\framework\\src\\Illuminate\\Database\\Connection.php:813)
[stacktrace]
#0 E:\\freelancing\\local\\zaheer\\alshaafi\\vendor\\laravel\\framework\\src\\Illuminate\\Database\\Connection.php(967): Illuminate\\Database\\Connection->runQueryCallback('select * from `...', Array, Object(Closure))
#1 E:\\freelancing\\local\\zaheer\\alshaafi\\vendor\\laravel\\framework\\src\\Illuminate\\Database\\Connection.php(946): Illuminate\\Database\\Connection->tryAgainIfCausedByLostConnection(Object(Illuminate\\Database\\QueryException), 'select * from `...', Array, Object(Closure))
#2 E:\\freelancing\\local\\zaheer\\alshaafi\\vendor\\laravel\\framework\\src\\Illuminate\\Database\\Connection.php(769): Illuminate\\Database\\Connection->handleQueryException(Object(Illuminate\\Database\\QueryException), 'select * from `...', Array, Object(Closure))
#3 E:\\freelancing\\local\\zaheer\\alshaafi\\vendor\\laravel\\framework\\src\\Illuminate\\Database\\Connection.php(398): Illuminate\\Database\\Connection->run('select * from `...', Array, Object(Closure))
#4 E:\\freelancing\\local\\zaheer\\alshaafi\\vendor\\laravel\\framework\\src\\Illuminate\\Database\\Query\\Builder.php(2996): Illuminate\\Database\\Connection->select('select * from `...', Array, true)
#5 E:\\freelancing\\local\\zaheer\\alshaafi\\vendor\\laravel\\framework\\src\\Illuminate\\Database\\Query\\Builder.php(2981): Illuminate\\Database\\Query\\Builder->runSelect()
#6 E:\\freelancing\\local\\zaheer\\alshaafi\\vendor\\laravel\\framework\\src\\Illuminate\\Database\\Query\\Builder.php(3569): Illuminate\\Database\\Query\\Builder->Illuminate\\Database\\Query\\{closure}()
#7 E:\\freelancing\\local\\zaheer\\alshaafi\\vendor\\laravel\\framework\\src\\Illuminate\\Database\\Query\\Builder.php(2980): Illuminate\\Database\\Query\\Builder->onceWithColumns(Array, Object(Closure))
#8 E:\\freelancing\\local\\zaheer\\alshaafi\\vendor\\laravel\\framework\\src\\Illuminate\\Database\\Concerns\\BuildsQueries.php(343): Illuminate\\Database\\Query\\Builder->get(Array)
#9 E:\\freelancing\\local\\zaheer\\alshaafi\\vendor\\laravel\\framework\\src\\Illuminate\\Database\\Query\\Builder.php(2901): Illuminate\\Database\\Query\\Builder->first(Array)
#10 E:\\freelancing\\local\\zaheer\\alshaafi\\vendor\\laravel\\framework\\src\\Illuminate\\Session\\DatabaseSessionHandler.php(97): Illuminate\\Database\\Query\\Builder->find('E9l60PqIgdkODw5...')
#11 E:\\freelancing\\local\\zaheer\\alshaafi\\vendor\\laravel\\framework\\src\\Illuminate\\Session\\Store.php(113): Illuminate\\Session\\DatabaseSessionHandler->read('E9l60PqIgdkODw5...')
#12 E:\\freelancing\\local\\zaheer\\alshaafi\\vendor\\laravel\\framework\\src\\Illuminate\\Session\\Store.php(101): Illuminate\\Session\\Store->readFromHandler()
#13 E:\\freelancing\\local\\zaheer\\alshaafi\\vendor\\laravel\\framework\\src\\Illuminate\\Session\\Store.php(85): Illuminate\\Session\\Store->loadSession()
#14 E:\\freelancing\\local\\zaheer\\alshaafi\\vendor\\laravel\\framework\\src\\Illuminate\\Session\\Middleware\\StartSession.php(147): Illuminate\\Session\\Store->start()
#15 E:\\freelancing\\local\\zaheer\\alshaafi\\vendor\\laravel\\framework\\src\\Illuminate\\Support\\helpers.php(380): Illuminate\\Session\\Middleware\\StartSession->Illuminate\\Session\\Middleware\\{closure}(Object(Illuminate\\Session\\Store))
#16 E:\\freelancing\\local\\zaheer\\alshaafi\\vendor\\laravel\\framework\\src\\Illuminate\\Session\\Middleware\\StartSession.php(144): tap(Object(Illuminate\\Session\\Store), Object(Closure))
#17 E:\\freelancing\\local\\zaheer\\alshaafi\\vendor\\laravel\\framework\\src\\Illuminate\\Session\\Middleware\\StartSession.php(116): Illuminate\\Session\\Middleware\\StartSession->startSession(Object(Illuminate\\Http\\Request), Object(Illuminate\\Session\\Store))
#18 E:\\freelancing\\local\\zaheer\\alshaafi\\vendor\\laravel\\framework\\src\\Illuminate\\Session\\Middleware\\StartSession.php(64): Illuminate\\Session\\Middleware\\StartSession->handleStatefulRequest(Object(Illuminate\\Http\\Request), Object(Illuminate\\Session\\Store), Object(Closure))
#19 E:\\freelancing\\local\\zaheer\\alshaafi\\vendor\\laravel\\framework\\src\\Illuminate\\Pipeline\\Pipeline.php(183): Illuminate\\Session\\Middleware\\StartSession->handle(Object(Illuminate\\Http\\Request), Object(Closure))
#20 E:\\freelancing\\local\\zaheer\\alshaafi\\vendor\\laravel\\framework\\src\\Illuminate\\Cookie\\Middleware\\AddQueuedCookiesToResponse.php(37): Illuminate\\Pipeline\\Pipeline->Illuminate\\Pipeline\\{closure}(Object(Illuminate\\Http\\Request))
#21 E:\\freelancing\\local\\zaheer\\alshaafi\\vendor\\laravel\\framework\\src\\Illuminate\\Pipeline\\Pipeline.php(183): Illuminate\\Cookie\\Middleware\\AddQueuedCookiesToResponse->handle(Object(Illuminate\\Http\\Request), Object(Closure))
#22 E:\\freelancing\\local\\zaheer\\alshaafi\\vendor\\laravel\\framework\\src\\Illuminate\\Cookie\\Middleware\\EncryptCookies.php(75): Illuminate\\Pipeline\\Pipeline->Illuminate\\Pipeline\\{closure}(Object(Illuminate\\Http\\Request))
#23 E:\\freelancing\\local\\zaheer\\alshaafi\\vendor\\laravel\\framework\\src\\Illuminate\\Pipeline\\Pipeline.php(183): Illuminate\\Cookie\\Middleware\\EncryptCookies->handle(Object(Illuminate\\Http\\Request), Object(Closure))
#24 E:\\freelancing\\local\\zaheer\\alshaafi\\vendor\\laravel\\framework\\src\\Illuminate\\Pipeline\\Pipeline.php(119): Illuminate\\Pipeline\\Pipeline->Illuminate\\Pipeline\\{closure}(Object(Illuminate\\Http\\Request))
#25 E:\\freelancing\\local\\zaheer\\alshaafi\\vendor\\laravel\\framework\\src\\Illuminate\\Routing\\Router.php(807): Illuminate\\Pipeline\\Pipeline->then(Object(Closure))
#26 E:\\freelancing\\local\\zaheer\\alshaafi\\vendor\\laravel\\framework\\src\\Illuminate\\Routing\\Router.php(786): Illuminate\\Routing\\Router->runRouteWithinStack(Object(Illuminate\\Routing\\Route), Object(Illuminate\\Http\\Request))
#27 E:\\freelancing\\local\\zaheer\\alshaafi\\vendor\\laravel\\framework\\src\\Illuminate\\Routing\\Router.php(750): Illuminate\\Routing\\Router->runRoute(Object(Illuminate\\Http\\Request), Object(Illuminate\\Routing\\Route))
#28 E:\\freelancing\\local\\zaheer\\alshaafi\\vendor\\laravel\\framework\\src\\Illuminate\\Routing\\Router.php(739): Illuminate\\Routing\\Router->dispatchToRoute(Object(Illuminate\\Http\\Request))
#29 E:\\freelancing\\local\\zaheer\\alshaafi\\vendor\\laravel\\framework\\src\\Illuminate\\Foundation\\Http\\Kernel.php(200): Illuminate\\Routing\\Router->dispatch(Object(Illuminate\\Http\\Request))
#30 E:\\freelancing\\local\\zaheer\\alshaafi\\vendor\\laravel\\framework\\src\\Illuminate\\Pipeline\\Pipeline.php(144): Illuminate\\Foundation\\Http\\Kernel->Illuminate\\Foundation\\Http\\{closure}(Object(Illuminate\\Http\\Request))
#31 E:\\freelancing\\local\\zaheer\\alshaafi\\vendor\\livewire\\livewire\\src\\Features\\SupportDisablingBackButtonCache\\DisableBackButtonCacheMiddleware.php(19): Illuminate\\Pipeline\\Pipeline->Illuminate\\Pipeline\\{closure}(Object(Illuminate\\Http\\Request))
#32 E:\\freelancing\\local\\zaheer\\alshaafi\\vendor\\laravel\\framework\\src\\Illuminate\\Pipeline\\Pipeline.php(183): Livewire\\Features\\SupportDisablingBackButtonCache\\DisableBackButtonCacheMiddleware->handle(Object(Illuminate\\Http\\Request), Object(Closure))
#33 E:\\freelancing\\local\\zaheer\\alshaafi\\vendor\\laravel\\framework\\src\\Illuminate\\Foundation\\Http\\Middleware\\TransformsRequest.php(21): Illuminate\\Pipeline\\Pipeline->Illuminate\\Pipeline\\{closure}(Object(Illuminate\\Http\\Request))
#34 E:\\freelancing\\local\\zaheer\\alshaafi\\vendor\\laravel\\framework\\src\\Illuminate\\Foundation\\Http\\Middleware\\ConvertEmptyStringsToNull.php(31): Illuminate\\Foundation\\Http\\Middleware\\TransformsRequest->handle(Object(Illuminate\\Http\\Request), Object(Closure))
#35 E:\\freelancing\\local\\zaheer\\alshaafi\\vendor\\laravel\\framework\\src\\Illuminate\\Pipeline\\Pipeline.php(183): Illuminate\\Foundation\\Http\\Middleware\\ConvertEmptyStringsToNull->handle(Object(Illuminate\\Http\\Request), Object(Closure))
#36 E:\\freelancing\\local\\zaheer\\alshaafi\\vendor\\laravel\\framework\\src\\Illuminate\\Foundation\\Http\\Middleware\\TransformsRequest.php(21): Illuminate\\Pipeline\\Pipeline->Illuminate\\Pipeline\\{closure}(Object(Illuminate\\Http\\Request))
#37 E:\\freelancing\\local\\zaheer\\alshaafi\\vendor\\laravel\\framework\\src\\Illuminate\\Foundation\\Http\\Middleware\\TrimStrings.php(51): Illuminate\\Foundation\\Http\\Middleware\\TransformsRequest->handle(Object(Illuminate\\Http\\Request), Object(Closure))
#38 E:\\freelancing\\local\\zaheer\\alshaafi\\vendor\\laravel\\framework\\src\\Illuminate\\Pipeline\\Pipeline.php(183): Illuminate\\Foundation\\Http\\Middleware\\TrimStrings->handle(Object(Illuminate\\Http\\Request), Object(Closure))
#39 E:\\freelancing\\local\\zaheer\\alshaafi\\vendor\\laravel\\framework\\src\\Illuminate\\Http\\Middleware\\ValidatePostSize.php(27): Illuminate\\Pipeline\\Pipeline->Illuminate\\Pipeline\\{closure}(Object(Illuminate\\Http\\Request))
#40 E:\\freelancing\\local\\zaheer\\alshaafi\\vendor\\laravel\\framework\\src\\Illuminate\\Pipeline\\Pipeline.php(183): Illuminate\\Http\\Middleware\\ValidatePostSize->handle(Object(Illuminate\\Http\\Request), Object(Closure))
#41 E:\\freelancing\\local\\zaheer\\alshaafi\\vendor\\laravel\\framework\\src\\Illuminate\\Foundation\\Http\\Middleware\\PreventRequestsDuringMaintenance.php(110): Illuminate\\Pipeline\\Pipeline->Illuminate\\Pipeline\\{closure}(Object(Illuminate\\Http\\Request))
#42 E:\\freelancing\\local\\zaheer\\alshaafi\\vendor\\laravel\\framework\\src\\Illuminate\\Pipeline\\Pipeline.php(183): Illuminate\\Foundation\\Http\\Middleware\\PreventRequestsDuringMaintenance->handle(Object(Illuminate\\Http\\Request), Object(Closure))
#43 E:\\freelancing\\local\\zaheer\\alshaafi\\vendor\\laravel\\framework\\src\\Illuminate\\Http\\Middleware\\HandleCors.php(49): Illuminate\\Pipeline\\Pipeline->Illuminate\\Pipeline\\{closure}(Object(Illuminate\\Http\\Request))
#44 E:\\freelancing\\local\\zaheer\\alshaafi\\vendor\\laravel\\framework\\src\\Illuminate\\Pipeline\\Pipeline.php(183): Illuminate\\Http\\Middleware\\HandleCors->handle(Object(Illuminate\\Http\\Request), Object(Closure))
#45 E:\\freelancing\\local\\zaheer\\alshaafi\\vendor\\laravel\\framework\\src\\Illuminate\\Http\\Middleware\\TrustProxies.php(57): Illuminate\\Pipeline\\Pipeline->Illuminate\\Pipeline\\{closure}(Object(Illuminate\\Http\\Request))
#46 E:\\freelancing\\local\\zaheer\\alshaafi\\vendor\\laravel\\framework\\src\\Illuminate\\Pipeline\\Pipeline.php(183): Illuminate\\Http\\Middleware\\TrustProxies->handle(Object(Illuminate\\Http\\Request), Object(Closure))
#47 E:\\freelancing\\local\\zaheer\\alshaafi\\vendor\\laravel\\framework\\src\\Illuminate\\Pipeline\\Pipeline.php(119): Illuminate\\Pipeline\\Pipeline->Illuminate\\Pipeline\\{closure}(Object(Illuminate\\Http\\Request))
#48 E:\\freelancing\\local\\zaheer\\alshaafi\\vendor\\laravel\\framework\\src\\Illuminate\\Foundation\\Http\\Kernel.php(175): Illuminate\\Pipeline\\Pipeline->then(Object(Closure))
#49 E:\\freelancing\\local\\zaheer\\alshaafi\\vendor\\laravel\\framework\\src\\Illuminate\\Foundation\\Http\\Kernel.php(144): Illuminate\\Foundation\\Http\\Kernel->sendRequestThroughRouter(Object(Illuminate\\Http\\Request))
#50 E:\\freelancing\\local\\zaheer\\alshaafi\\vendor\\laravel\\framework\\src\\Illuminate\\Foundation\\Application.php(1188): Illuminate\\Foundation\\Http\\Kernel->handle(Object(Illuminate\\Http\\Request))
#51 E:\\freelancing\\local\\zaheer\\alshaafi\\public\\index.php(17): Illuminate\\Foundation\\Application->handleRequest(Object(Illuminate\\Http\\Request))
#52 E:\\freelancing\\local\\zaheer\\alshaafi\\vendor\\laravel\\framework\\src\\Illuminate\\Foundation\\resources\\server.php(23): require_once('E:\\\\freelancing\\\\...')
#53 {main}

[previous exception] [object] (PDOException(code: 2002): SQLSTATE[HY000] [2002] No connection could be made because the target machine actively refused it at E:\\freelancing\\local\\zaheer\\alshaafi\\vendor\\laravel\\framework\\src\\Illuminate\\Database\\Connectors\\Connector.php:65)
[stacktrace]
#0 E:\\freelancing\\local\\zaheer\\alshaafi\\vendor\\laravel\\framework\\src\\Illuminate\\Database\\Connectors\\Connector.php(65): PDO->__construct('mysql:host=127....', 'root', Object(SensitiveParameterValue), Array)
#1 E:\\freelancing\\local\\zaheer\\alshaafi\\vendor\\laravel\\framework\\src\\Illuminate\\Database\\Connectors\\Connector.php(83): Illuminate\\Database\\Connectors\\Connector->createPdoConnection('mysql:host=127....', 'root', '', Array)
#2 E:\\freelancing\\local\\zaheer\\alshaafi\\vendor\\laravel\\framework\\src\\Illuminate\\Database\\Connectors\\Connector.php(48): Illuminate\\Database\\Connectors\\Connector->tryAgainIfCausedByLostConnection(Object(PDOException), 'mysql:host=127....', 'root', '', Array)
#3 E:\\freelancing\\local\\zaheer\\alshaafi\\vendor\\laravel\\framework\\src\\Illuminate\\Database\\Connectors\\MySqlConnector.php(24): Illuminate\\Database\\Connectors\\Connector->createConnection('mysql:host=127....', Array, Array)
#4 E:\\freelancing\\local\\zaheer\\alshaafi\\vendor\\laravel\\framework\\src\\Illuminate\\Database\\Connectors\\ConnectionFactory.php(185): Illuminate\\Database\\Connectors\\MySqlConnector->connect(Array)
#5 [internal function]: Illuminate\\Database\\Connectors\\ConnectionFactory->Illuminate\\Database\\Connectors\\{closure}()
#6 E:\\freelancing\\local\\zaheer\\alshaafi\\vendor\\laravel\\framework\\src\\Illuminate\\Database\\Connection.php(1219): call_user_func(Object(Closure))
#7 E:\\freelancing\\local\\zaheer\\alshaafi\\vendor\\laravel\\framework\\src\\Illuminate\\Database\\Connection.php(1255): Illuminate\\Database\\Connection->getPdo()
#8 E:\\freelancing\\local\\zaheer\\alshaafi\\vendor\\laravel\\framework\\src\\Illuminate\\Database\\Connection.php(512): Illuminate\\Database\\Connection->getReadPdo()
#9 E:\\freelancing\\local\\zaheer\\alshaafi\\vendor\\laravel\\framework\\src\\Illuminate\\Database\\Connection.php(407): Illuminate\\Database\\Connection->getPdoForSelect(true)
#10 E:\\freelancing\\local\\zaheer\\alshaafi\\vendor\\laravel\\framework\\src\\Illuminate\\Database\\Connection.php(800): Illuminate\\Database\\Connection->Illuminate\\Database\\{closure}('select * from `...', Array)
#11 E:\\freelancing\\local\\zaheer\\alshaafi\\vendor\\laravel\\framework\\src\\Illuminate\\Database\\Connection.php(967): Illuminate\\Database\\Connection->runQueryCallback('select * from `...', Array, Object(Closure))
#12 E:\\freelancing\\local\\zaheer\\alshaafi\\vendor\\laravel\\framework\\src\\Illuminate\\Database\\Connection.php(946): Illuminate\\Database\\Connection->tryAgainIfCausedByLostConnection(Object(Illuminate\\Database\\QueryException), 'select * from `...', Array, Object(Closure))
#13 E:\\freelancing\\local\\zaheer\\alshaafi\\vendor\\laravel\\framework\\src\\Illuminate\\Database\\Connection.php(769): Illuminate\\Database\\Connection->handleQueryException(Object(Illuminate\\Database\\QueryException), 'select * from `...', Array, Object(Closure))
#14 E:\\freelancing\\local\\zaheer\\alshaafi\\vendor\\laravel\\framework\\src\\Illuminate\\Database\\Connection.php(398): Illuminate\\Database\\Connection->run('select * from `...', Array, Object(Closure))
#15 E:\\freelancing\\local\\zaheer\\alshaafi\\vendor\\laravel\\framework\\src\\Illuminate\\Database\\Query\\Builder.php(2996): Illuminate\\Database\\Connection->select('select * from `...', Array, true)
#16 E:\\freelancing\\local\\zaheer\\alshaafi\\vendor\\laravel\\framework\\src\\Illuminate\\Database\\Query\\Builder.php(2981): Illuminate\\Database\\Query\\Builder->runSelect()
#17 E:\\freelancing\\local\\zaheer\\alshaafi\\vendor\\laravel\\framework\\src\\Illuminate\\Database\\Query\\Builder.php(3569): Illuminate\\Database\\Query\\Builder->Illuminate\\Database\\Query\\{closure}()
#18 E:\\freelancing\\local\\zaheer\\alshaafi\\vendor\\laravel\\framework\\src\\Illuminate\\Database\\Query\\Builder.php(2980): Illuminate\\Database\\Query\\Builder->onceWithColumns(Array, Object(Closure))
#19 E:\\freelancing\\local\\zaheer\\alshaafi\\vendor\\laravel\\framework\\src\\Illuminate\\Database\\Concerns\\BuildsQueries.php(343): Illuminate\\Database\\Query\\Builder->get(Array)
#20 E:\\freelancing\\local\\zaheer\\alshaafi\\vendor\\laravel\\framework\\src\\Illuminate\\Database\\Query\\Builder.php(2901): Illuminate\\Database\\Query\\Builder->first(Array)
#21 E:\\freelancing\\local\\zaheer\\alshaafi\\vendor\\laravel\\framework\\src\\Illuminate\\Session\\DatabaseSessionHandler.php(97): Illuminate\\Database\\Query\\Builder->find('E9l60PqIgdkODw5...')
#22 E:\\freelancing\\local\\zaheer\\alshaafi\\vendor\\laravel\\framework\\src\\Illuminate\\Session\\Store.php(113): Illuminate\\Session\\DatabaseSessionHandler->read('E9l60PqIgdkODw5...')
#23 E:\\freelancing\\local\\zaheer\\alshaafi\\vendor\\laravel\\framework\\src\\Illuminate\\Session\\Store.php(101): Illuminate\\Session\\Store->readFromHandler()
#24 E:\\freelancing\\local\\zaheer\\alshaafi\\vendor\\laravel\\framework\\src\\Illuminate\\Session\\Store.php(85): Illuminate\\Session\\Store->loadSession()
#25 E:\\freelancing\\local\\zaheer\\alshaafi\\vendor\\laravel\\framework\\src\\Illuminate\\Session\\Middleware\\StartSession.php(147): Illuminate\\Session\\Store->start()
#26 E:\\freelancing\\local\\zaheer\\alshaafi\\vendor\\laravel\\framework\\src\\Illuminate\\Support\\helpers.php(380): Illuminate\\Session\\Middleware\\StartSession->Illuminate\\Session\\Middleware\\{closure}(Object(Illuminate\\Session\\Store))
#27 E:\\freelancing\\local\\zaheer\\alshaafi\\vendor\\laravel\\framework\\src\\Illuminate\\Session\\Middleware\\StartSession.php(144): tap(Object(Illuminate\\Session\\Store), Object(Closure))
#28 E:\\freelancing\\local\\zaheer\\alshaafi\\vendor\\laravel\\framework\\src\\Illuminate\\Session\\Middleware\\StartSession.php(116): Illuminate\\Session\\Middleware\\StartSession->startSession(Object(Illuminate\\Http\\Request), Object(Illuminate\\Session\\Store))
#29 E:\\freelancing\\local\\zaheer\\alshaafi\\vendor\\laravel\\framework\\src\\Illuminate\\Session\\Middleware\\StartSession.php(64): Illuminate\\Session\\Middleware\\StartSession->handleStatefulRequest(Object(Illuminate\\Http\\Request), Object(Illuminate\\Session\\Store), Object(Closure))
#30 E:\\freelancing\\local\\zaheer\\alshaafi\\vendor\\laravel\\framework\\src\\Illuminate\\Pipeline\\Pipeline.php(183): Illuminate\\Session\\Middleware\\StartSession->handle(Object(Illuminate\\Http\\Request), Object(Closure))
#31 E:\\freelancing\\local\\zaheer\\alshaafi\\vendor\\laravel\\framework\\src\\Illuminate\\Cookie\\Middleware\\AddQueuedCookiesToResponse.php(37): Illuminate\\Pipeline\\Pipeline->Illuminate\\Pipeline\\{closure}(Object(Illuminate\\Http\\Request))
#32 E:\\freelancing\\local\\zaheer\\alshaafi\\vendor\\laravel\\framework\\src\\Illuminate\\Pipeline\\Pipeline.php(183): Illuminate\\Cookie\\Middleware\\AddQueuedCookiesToResponse->handle(Object(Illuminate\\Http\\Request), Object(Closure))
#33 E:\\freelancing\\local\\zaheer\\alshaafi\\vendor\\laravel\\framework\\src\\Illuminate\\Cookie\\Middleware\\EncryptCookies.php(75): Illuminate\\Pipeline\\Pipeline->Illuminate\\Pipeline\\{closure}(Object(Illuminate\\Http\\Request))
#34 E:\\freelancing\\local\\zaheer\\alshaafi\\vendor\\laravel\\framework\\src\\Illuminate\\Pipeline\\Pipeline.php(183): Illuminate\\Cookie\\Middleware\\EncryptCookies->handle(Object(Illuminate\\Http\\Request), Object(Closure))
#35 E:\\freelancing\\local\\zaheer\\alshaafi\\vendor\\laravel\\framework\\src\\Illuminate\\Pipeline\\Pipeline.php(119): Illuminate\\Pipeline\\Pipeline->Illuminate\\Pipeline\\{closure}(Object(Illuminate\\Http\\Request))
#36 E:\\freelancing\\local\\zaheer\\alshaafi\\vendor\\laravel\\framework\\src\\Illuminate\\Routing\\Router.php(807): Illuminate\\Pipeline\\Pipeline->then(Object(Closure))
#37 E:\\freelancing\\local\\zaheer\\alshaafi\\vendor\\laravel\\framework\\src\\Illuminate\\Routing\\Router.php(786): Illuminate\\Routing\\Router->runRouteWithinStack(Object(Illuminate\\Routing\\Route), Object(Illuminate\\Http\\Request))
#38 E:\\freelancing\\local\\zaheer\\alshaafi\\vendor\\laravel\\framework\\src\\Illuminate\\Routing\\Router.php(750): Illuminate\\Routing\\Router->runRoute(Object(Illuminate\\Http\\Request), Object(Illuminate\\Routing\\Route))
#39 E:\\freelancing\\local\\zaheer\\alshaafi\\vendor\\laravel\\framework\\src\\Illuminate\\Routing\\Router.php(739): Illuminate\\Routing\\Router->dispatchToRoute(Object(Illuminate\\Http\\Request))
#40 E:\\freelancing\\local\\zaheer\\alshaafi\\vendor\\laravel\\framework\\src\\Illuminate\\Foundation\\Http\\Kernel.php(200): Illuminate\\Routing\\Router->dispatch(Object(Illuminate\\Http\\Request))
#41 E:\\freelancing\\local\\zaheer\\alshaafi\\vendor\\laravel\\framework\\src\\Illuminate\\Pipeline\\Pipeline.php(144): Illuminate\\Foundation\\Http\\Kernel->Illuminate\\Foundation\\Http\\{closure}(Object(Illuminate\\Http\\Request))
#42 E:\\freelancing\\local\\zaheer\\alshaafi\\vendor\\livewire\\livewire\\src\\Features\\SupportDisablingBackButtonCache\\DisableBackButtonCacheMiddleware.php(19): Illuminate\\Pipeline\\Pipeline->Illuminate\\Pipeline\\{closure}(Object(Illuminate\\Http\\Request))
#43 E:\\freelancing\\local\\zaheer\\alshaafi\\vendor\\laravel\\framework\\src\\Illuminate\\Pipeline\\Pipeline.php(183): Livewire\\Features\\SupportDisablingBackButtonCache\\DisableBackButtonCacheMiddleware->handle(Object(Illuminate\\Http\\Request), Object(Closure))
#44 E:\\freelancing\\local\\zaheer\\alshaafi\\vendor\\laravel\\framework\\src\\Illuminate\\Foundation\\Http\\Middleware\\TransformsRequest.php(21): Illuminate\\Pipeline\\Pipeline->Illuminate\\Pipeline\\{closure}(Object(Illuminate\\Http\\Request))
#45 E:\\freelancing\\local\\zaheer\\alshaafi\\vendor\\laravel\\framework\\src\\Illuminate\\Foundation\\Http\\Middleware\\ConvertEmptyStringsToNull.php(31): Illuminate\\Foundation\\Http\\Middleware\\TransformsRequest->handle(Object(Illuminate\\Http\\Request), Object(Closure))
#46 E:\\freelancing\\local\\zaheer\\alshaafi\\vendor\\laravel\\framework\\src\\Illuminate\\Pipeline\\Pipeline.php(183): Illuminate\\Foundation\\Http\\Middleware\\ConvertEmptyStringsToNull->handle(Object(Illuminate\\Http\\Request), Object(Closure))
#47 E:\\freelancing\\local\\zaheer\\alshaafi\\vendor\\laravel\\framework\\src\\Illuminate\\Foundation\\Http\\Middleware\\TransformsRequest.php(21): Illuminate\\Pipeline\\Pipeline->Illuminate\\Pipeline\\{closure}(Object(Illuminate\\Http\\Request))
#48 E:\\freelancing\\local\\zaheer\\alshaafi\\vendor\\laravel\\framework\\src\\Illuminate\\Foundation\\Http\\Middleware\\TrimStrings.php(51): Illuminate\\Foundation\\Http\\Middleware\\TransformsRequest->handle(Object(Illuminate\\Http\\Request), Object(Closure))
#49 E:\\freelancing\\local\\zaheer\\alshaafi\\vendor\\laravel\\framework\\src\\Illuminate\\Pipeline\\Pipeline.php(183): Illuminate\\Foundation\\Http\\Middleware\\TrimStrings->handle(Object(Illuminate\\Http\\Request), Object(Closure))
#50 E:\\freelancing\\local\\zaheer\\alshaafi\\vendor\\laravel\\framework\\src\\Illuminate\\Http\\Middleware\\ValidatePostSize.php(27): Illuminate\\Pipeline\\Pipeline->Illuminate\\Pipeline\\{closure}(Object(Illuminate\\Http\\Request))
#51 E:\\freelancing\\local\\zaheer\\alshaafi\\vendor\\laravel\\framework\\src\\Illuminate\\Pipeline\\Pipeline.php(183): Illuminate\\Http\\Middleware\\ValidatePostSize->handle(Object(Illuminate\\Http\\Request), Object(Closure))
#52 E:\\freelancing\\local\\zaheer\\alshaafi\\vendor\\laravel\\framework\\src\\Illuminate\\Foundation\\Http\\Middleware\\PreventRequestsDuringMaintenance.php(110): Illuminate\\Pipeline\\Pipeline->Illuminate\\Pipeline\\{closure}(Object(Illuminate\\Http\\Request))
#53 E:\\freelancing\\local\\zaheer\\alshaafi\\vendor\\laravel\\framework\\src\\Illuminate\\Pipeline\\Pipeline.php(183): Illuminate\\Foundation\\Http\\Middleware\\PreventRequestsDuringMaintenance->handle(Object(Illuminate\\Http\\Request), Object(Closure))
#54 E:\\freelancing\\local\\zaheer\\alshaafi\\vendor\\laravel\\framework\\src\\Illuminate\\Http\\Middleware\\HandleCors.php(49): Illuminate\\Pipeline\\Pipeline->Illuminate\\Pipeline\\{closure}(Object(Illuminate\\Http\\Request))
#55 E:\\freelancing\\local\\zaheer\\alshaafi\\vendor\\laravel\\framework\\src\\Illuminate\\Pipeline\\Pipeline.php(183): Illuminate\\Http\\Middleware\\HandleCors->handle(Object(Illuminate\\Http\\Request), Object(Closure))
#56 E:\\freelancing\\local\\zaheer\\alshaafi\\vendor\\laravel\\framework\\src\\Illuminate\\Http\\Middleware\\TrustProxies.php(57): Illuminate\\Pipeline\\Pipeline->Illuminate\\Pipeline\\{closure}(Object(Illuminate\\Http\\Request))
#57 E:\\freelancing\\local\\zaheer\\alshaafi\\vendor\\laravel\\framework\\src\\Illuminate\\Pipeline\\Pipeline.php(183): Illuminate\\Http\\Middleware\\TrustProxies->handle(Object(Illuminate\\Http\\Request), Object(Closure))
#58 E:\\freelancing\\local\\zaheer\\alshaafi\\vendor\\laravel\\framework\\src\\Illuminate\\Pipeline\\Pipeline.php(119): Illuminate\\Pipeline\\Pipeline->Illuminate\\Pipeline\\{closure}(Object(Illuminate\\Http\\Request))
#59 E:\\freelancing\\local\\zaheer\\alshaafi\\vendor\\laravel\\framework\\src\\Illuminate\\Foundation\\Http\\Kernel.php(175): Illuminate\\Pipeline\\Pipeline->then(Object(Closure))
#60 E:\\freelancing\\local\\zaheer\\alshaafi\\vendor\\laravel\\framework\\src\\Illuminate\\Foundation\\Http\\Kernel.php(144): Illuminate\\Foundation\\Http\\Kernel->sendRequestThroughRouter(Object(Illuminate\\Http\\Request))
#61 E:\\freelancing\\local\\zaheer\\alshaafi\\vendor\\laravel\\framework\\src\\Illuminate\\Foundation\\Application.php(1188): Illuminate\\Foundation\\Http\\Kernel->handle(Object(Illuminate\\Http\\Request))
#62 E:\\freelancing\\local\\zaheer\\alshaafi\\public\\index.php(17): Illuminate\\Foundation\\Application->handleRequest(Object(Illuminate\\Http\\Request))
#63 E:\\freelancing\\local\\zaheer\\alshaafi\\vendor\\laravel\\framework\\src\\Illuminate\\Foundation\\resources\\server.php(23): require_once('E:\\\\freelancing\\\\...')
#64 {main}
"} 
[2025-07-07 08:23:19] local.ERROR: PHP Parse error: Syntax error, unexpected T_NS_SEPARATOR, expecting T_VARIABLE on line 1 {"exception":"[object] (Psy\\Exception\\ParseErrorException(code: 0): PHP Parse error: Syntax error, unexpected T_NS_SEPARATOR, expecting T_VARIABLE on line 1 at E:\\freelancing\\local\\zaheer\\alshaafi\\vendor\\psy\\psysh\\src\\Exception\\ParseErrorException.php:44)
[stacktrace]
#0 E:\\freelancing\\local\\zaheer\\alshaafi\\vendor\\psy\\psysh\\src\\CodeCleaner.php(311): Psy\\Exception\\ParseErrorException::fromParseError(Object(PhpParser\\Error))
#1 E:\\freelancing\\local\\zaheer\\alshaafi\\vendor\\psy\\psysh\\src\\CodeCleaner.php(240): Psy\\CodeCleaner->parse('<?php App\\\\Model...', false)
#2 E:\\freelancing\\local\\zaheer\\alshaafi\\vendor\\psy\\psysh\\src\\Shell.php(848): Psy\\CodeCleaner->clean(Array, false)
#3 E:\\freelancing\\local\\zaheer\\alshaafi\\vendor\\psy\\psysh\\src\\Shell.php(877): Psy\\Shell->addCode('App\\\\Models\\\\User...', true)
#4 E:\\freelancing\\local\\zaheer\\alshaafi\\vendor\\psy\\psysh\\src\\Shell.php(1342): Psy\\Shell->setCode('App\\\\Models\\\\User...', true)
#5 E:\\freelancing\\local\\zaheer\\alshaafi\\vendor\\laravel\\tinker\\src\\Console\\TinkerCommand.php(76): Psy\\Shell->execute('App\\\\Models\\\\User...')
#6 E:\\freelancing\\local\\zaheer\\alshaafi\\vendor\\laravel\\framework\\src\\Illuminate\\Container\\BoundMethod.php(36): Laravel\\Tinker\\Console\\TinkerCommand->handle()
#7 E:\\freelancing\\local\\zaheer\\alshaafi\\vendor\\laravel\\framework\\src\\Illuminate\\Container\\Util.php(41): Illuminate\\Container\\BoundMethod::Illuminate\\Container\\{closure}()
#8 E:\\freelancing\\local\\zaheer\\alshaafi\\vendor\\laravel\\framework\\src\\Illuminate\\Container\\BoundMethod.php(93): Illuminate\\Container\\Util::unwrapIfClosure(Object(Closure))
#9 E:\\freelancing\\local\\zaheer\\alshaafi\\vendor\\laravel\\framework\\src\\Illuminate\\Container\\BoundMethod.php(35): Illuminate\\Container\\BoundMethod::callBoundMethod(Object(Illuminate\\Foundation\\Application), Array, Object(Closure))
#10 E:\\freelancing\\local\\zaheer\\alshaafi\\vendor\\laravel\\framework\\src\\Illuminate\\Container\\Container.php(690): Illuminate\\Container\\BoundMethod::call(Object(Illuminate\\Foundation\\Application), Array, Array, NULL)
#11 E:\\freelancing\\local\\zaheer\\alshaafi\\vendor\\laravel\\framework\\src\\Illuminate\\Console\\Command.php(213): Illuminate\\Container\\Container->call(Array)
#12 E:\\freelancing\\local\\zaheer\\alshaafi\\vendor\\symfony\\console\\Command\\Command.php(279): Illuminate\\Console\\Command->execute(Object(Symfony\\Component\\Console\\Input\\ArgvInput), Object(Illuminate\\Console\\OutputStyle))
#13 E:\\freelancing\\local\\zaheer\\alshaafi\\vendor\\laravel\\framework\\src\\Illuminate\\Console\\Command.php(182): Symfony\\Component\\Console\\Command\\Command->run(Object(Symfony\\Component\\Console\\Input\\ArgvInput), Object(Illuminate\\Console\\OutputStyle))
#14 E:\\freelancing\\local\\zaheer\\alshaafi\\vendor\\symfony\\console\\Application.php(1047): Illuminate\\Console\\Command->run(Object(Symfony\\Component\\Console\\Input\\ArgvInput), Object(Symfony\\Component\\Console\\Output\\ConsoleOutput))
#15 E:\\freelancing\\local\\zaheer\\alshaafi\\vendor\\symfony\\console\\Application.php(316): Symfony\\Component\\Console\\Application->doRunCommand(Object(Laravel\\Tinker\\Console\\TinkerCommand), Object(Symfony\\Component\\Console\\Input\\ArgvInput), Object(Symfony\\Component\\Console\\Output\\ConsoleOutput))
#16 E:\\freelancing\\local\\zaheer\\alshaafi\\vendor\\symfony\\console\\Application.php(167): Symfony\\Component\\Console\\Application->doRun(Object(Symfony\\Component\\Console\\Input\\ArgvInput), Object(Symfony\\Component\\Console\\Output\\ConsoleOutput))
#17 E:\\freelancing\\local\\zaheer\\alshaafi\\vendor\\laravel\\framework\\src\\Illuminate\\Foundation\\Console\\Kernel.php(196): Symfony\\Component\\Console\\Application->run(Object(Symfony\\Component\\Console\\Input\\ArgvInput), Object(Symfony\\Component\\Console\\Output\\ConsoleOutput))
#18 E:\\freelancing\\local\\zaheer\\alshaafi\\vendor\\laravel\\framework\\src\\Illuminate\\Foundation\\Application.php(1203): Illuminate\\Foundation\\Console\\Kernel->handle(Object(Symfony\\Component\\Console\\Input\\ArgvInput), Object(Symfony\\Component\\Console\\Output\\ConsoleOutput))
#19 E:\\freelancing\\local\\zaheer\\alshaafi\\artisan(13): Illuminate\\Foundation\\Application->handleCommand(Object(Symfony\\Component\\Console\\Input\\ArgvInput))
#20 {main}
"} 
[2025-07-07 08:23:27] local.ERROR: PHP Parse error: Syntax error, unexpected T_NS_SEPARATOR, expecting T_VARIABLE on line 1 {"exception":"[object] (Psy\\Exception\\ParseErrorException(code: 0): PHP Parse error: Syntax error, unexpected T_NS_SEPARATOR, expecting T_VARIABLE on line 1 at E:\\freelancing\\local\\zaheer\\alshaafi\\vendor\\psy\\psysh\\src\\Exception\\ParseErrorException.php:44)
[stacktrace]
#0 E:\\freelancing\\local\\zaheer\\alshaafi\\vendor\\psy\\psysh\\src\\CodeCleaner.php(311): Psy\\Exception\\ParseErrorException::fromParseError(Object(PhpParser\\Error))
#1 E:\\freelancing\\local\\zaheer\\alshaafi\\vendor\\psy\\psysh\\src\\CodeCleaner.php(240): Psy\\CodeCleaner->parse('<?php use App\\\\M...', false)
#2 E:\\freelancing\\local\\zaheer\\alshaafi\\vendor\\psy\\psysh\\src\\Shell.php(848): Psy\\CodeCleaner->clean(Array, false)
#3 E:\\freelancing\\local\\zaheer\\alshaafi\\vendor\\psy\\psysh\\src\\Shell.php(877): Psy\\Shell->addCode('use App\\\\Models\\\\...', true)
#4 E:\\freelancing\\local\\zaheer\\alshaafi\\vendor\\psy\\psysh\\src\\Shell.php(1342): Psy\\Shell->setCode('use App\\\\Models\\\\...', true)
#5 E:\\freelancing\\local\\zaheer\\alshaafi\\vendor\\laravel\\tinker\\src\\Console\\TinkerCommand.php(76): Psy\\Shell->execute('use App\\\\Models\\\\...')
#6 E:\\freelancing\\local\\zaheer\\alshaafi\\vendor\\laravel\\framework\\src\\Illuminate\\Container\\BoundMethod.php(36): Laravel\\Tinker\\Console\\TinkerCommand->handle()
#7 E:\\freelancing\\local\\zaheer\\alshaafi\\vendor\\laravel\\framework\\src\\Illuminate\\Container\\Util.php(41): Illuminate\\Container\\BoundMethod::Illuminate\\Container\\{closure}()
#8 E:\\freelancing\\local\\zaheer\\alshaafi\\vendor\\laravel\\framework\\src\\Illuminate\\Container\\BoundMethod.php(93): Illuminate\\Container\\Util::unwrapIfClosure(Object(Closure))
#9 E:\\freelancing\\local\\zaheer\\alshaafi\\vendor\\laravel\\framework\\src\\Illuminate\\Container\\BoundMethod.php(35): Illuminate\\Container\\BoundMethod::callBoundMethod(Object(Illuminate\\Foundation\\Application), Array, Object(Closure))
#10 E:\\freelancing\\local\\zaheer\\alshaafi\\vendor\\laravel\\framework\\src\\Illuminate\\Container\\Container.php(690): Illuminate\\Container\\BoundMethod::call(Object(Illuminate\\Foundation\\Application), Array, Array, NULL)
#11 E:\\freelancing\\local\\zaheer\\alshaafi\\vendor\\laravel\\framework\\src\\Illuminate\\Console\\Command.php(213): Illuminate\\Container\\Container->call(Array)
#12 E:\\freelancing\\local\\zaheer\\alshaafi\\vendor\\symfony\\console\\Command\\Command.php(279): Illuminate\\Console\\Command->execute(Object(Symfony\\Component\\Console\\Input\\ArgvInput), Object(Illuminate\\Console\\OutputStyle))
#13 E:\\freelancing\\local\\zaheer\\alshaafi\\vendor\\laravel\\framework\\src\\Illuminate\\Console\\Command.php(182): Symfony\\Component\\Console\\Command\\Command->run(Object(Symfony\\Component\\Console\\Input\\ArgvInput), Object(Illuminate\\Console\\OutputStyle))
#14 E:\\freelancing\\local\\zaheer\\alshaafi\\vendor\\symfony\\console\\Application.php(1047): Illuminate\\Console\\Command->run(Object(Symfony\\Component\\Console\\Input\\ArgvInput), Object(Symfony\\Component\\Console\\Output\\ConsoleOutput))
#15 E:\\freelancing\\local\\zaheer\\alshaafi\\vendor\\symfony\\console\\Application.php(316): Symfony\\Component\\Console\\Application->doRunCommand(Object(Laravel\\Tinker\\Console\\TinkerCommand), Object(Symfony\\Component\\Console\\Input\\ArgvInput), Object(Symfony\\Component\\Console\\Output\\ConsoleOutput))
#16 E:\\freelancing\\local\\zaheer\\alshaafi\\vendor\\symfony\\console\\Application.php(167): Symfony\\Component\\Console\\Application->doRun(Object(Symfony\\Component\\Console\\Input\\ArgvInput), Object(Symfony\\Component\\Console\\Output\\ConsoleOutput))
#17 E:\\freelancing\\local\\zaheer\\alshaafi\\vendor\\laravel\\framework\\src\\Illuminate\\Foundation\\Console\\Kernel.php(196): Symfony\\Component\\Console\\Application->run(Object(Symfony\\Component\\Console\\Input\\ArgvInput), Object(Symfony\\Component\\Console\\Output\\ConsoleOutput))
#18 E:\\freelancing\\local\\zaheer\\alshaafi\\vendor\\laravel\\framework\\src\\Illuminate\\Foundation\\Application.php(1203): Illuminate\\Foundation\\Console\\Kernel->handle(Object(Symfony\\Component\\Console\\Input\\ArgvInput), Object(Symfony\\Component\\Console\\Output\\ConsoleOutput))
#19 E:\\freelancing\\local\\zaheer\\alshaafi\\artisan(13): Illuminate\\Foundation\\Application->handleCommand(Object(Symfony\\Component\\Console\\Input\\ArgvInput))
#20 {main}
"} 
[2025-07-07 09:26:52] local.ERROR: htmlspecialchars(): Argument #1 ($string) must be of type string, array given (View: E:\freelancing\local\zaheer\alshaafi\resources\views\user\orders\show.blade.php) {"userId":4,"exception":"[object] (Illuminate\\View\\ViewException(code: 0): htmlspecialchars(): Argument #1 ($string) must be of type string, array given (View: E:\\freelancing\\local\\zaheer\\alshaafi\\resources\\views\\user\\orders\\show.blade.php) at E:\\freelancing\\local\\zaheer\\alshaafi\\vendor\\laravel\\framework\\src\\Illuminate\\Support\\helpers.php:135)
[stacktrace]
#0 E:\\freelancing\\local\\zaheer\\alshaafi\\vendor\\livewire\\livewire\\src\\Mechanisms\\ExtendBlade\\ExtendedCompilerEngine.php(58): Illuminate\\View\\Engines\\CompilerEngine->handleViewException(Object(TypeError), 1)
#1 E:\\freelancing\\local\\zaheer\\alshaafi\\vendor\\laravel\\framework\\src\\Illuminate\\View\\Engines\\PhpEngine.php(60): Livewire\\Mechanisms\\ExtendBlade\\ExtendedCompilerEngine->handleViewException(Object(TypeError), 1)
#2 E:\\freelancing\\local\\zaheer\\alshaafi\\vendor\\livewire\\livewire\\src\\Mechanisms\\ExtendBlade\\ExtendedCompilerEngine.php(22): Illuminate\\View\\Engines\\PhpEngine->evaluatePath('E:\\\\freelancing\\\\...', Array)
#3 E:\\freelancing\\local\\zaheer\\alshaafi\\vendor\\laravel\\framework\\src\\Illuminate\\View\\Engines\\CompilerEngine.php(73): Livewire\\Mechanisms\\ExtendBlade\\ExtendedCompilerEngine->evaluatePath('E:\\\\freelancing\\\\...', Array)
#4 E:\\freelancing\\local\\zaheer\\alshaafi\\vendor\\livewire\\livewire\\src\\Mechanisms\\ExtendBlade\\ExtendedCompilerEngine.php(10): Illuminate\\View\\Engines\\CompilerEngine->get('E:\\\\freelancing\\\\...', Array)
#5 E:\\freelancing\\local\\zaheer\\alshaafi\\vendor\\laravel\\framework\\src\\Illuminate\\View\\View.php(208): Livewire\\Mechanisms\\ExtendBlade\\ExtendedCompilerEngine->get('E:\\\\freelancing\\\\...', Array)
#6 E:\\freelancing\\local\\zaheer\\alshaafi\\vendor\\laravel\\framework\\src\\Illuminate\\View\\View.php(191): Illuminate\\View\\View->getContents()
#7 E:\\freelancing\\local\\zaheer\\alshaafi\\vendor\\laravel\\framework\\src\\Illuminate\\View\\View.php(160): Illuminate\\View\\View->renderContents()
#8 E:\\freelancing\\local\\zaheer\\alshaafi\\vendor\\laravel\\framework\\src\\Illuminate\\Http\\Response.php(70): Illuminate\\View\\View->render()
#9 E:\\freelancing\\local\\zaheer\\alshaafi\\vendor\\laravel\\framework\\src\\Illuminate\\Http\\Response.php(35): Illuminate\\Http\\Response->setContent(Object(Illuminate\\View\\View))
#10 E:\\freelancing\\local\\zaheer\\alshaafi\\vendor\\laravel\\framework\\src\\Illuminate\\Routing\\Router.php(920): Illuminate\\Http\\Response->__construct(Object(Illuminate\\View\\View), 200, Array)
#11 E:\\freelancing\\local\\zaheer\\alshaafi\\vendor\\laravel\\framework\\src\\Illuminate\\Routing\\Router.php(887): Illuminate\\Routing\\Router::toResponse(Object(Illuminate\\Http\\Request), Object(Illuminate\\View\\View))
#12 E:\\freelancing\\local\\zaheer\\alshaafi\\vendor\\laravel\\framework\\src\\Illuminate\\Routing\\Router.php(807): Illuminate\\Routing\\Router->prepareResponse(Object(Illuminate\\Http\\Request), Object(Illuminate\\View\\View))
#13 E:\\freelancing\\local\\zaheer\\alshaafi\\vendor\\laravel\\framework\\src\\Illuminate\\Pipeline\\Pipeline.php(144): Illuminate\\Routing\\Router->Illuminate\\Routing\\{closure}(Object(Illuminate\\Http\\Request))
#14 E:\\freelancing\\local\\zaheer\\alshaafi\\app\\Http\\Middleware\\RoleMiddleware.php(26): Illuminate\\Pipeline\\Pipeline->Illuminate\\Pipeline\\{closure}(Object(Illuminate\\Http\\Request))
#15 E:\\freelancing\\local\\zaheer\\alshaafi\\vendor\\laravel\\framework\\src\\Illuminate\\Pipeline\\Pipeline.php(183): App\\Http\\Middleware\\RoleMiddleware->handle(Object(Illuminate\\Http\\Request), Object(Closure), 'user')
#16 E:\\freelancing\\local\\zaheer\\alshaafi\\app\\Http\\Middleware\\SetLocaleAndCountry.php(56): Illuminate\\Pipeline\\Pipeline->Illuminate\\Pipeline\\{closure}(Object(Illuminate\\Http\\Request))
#17 E:\\freelancing\\local\\zaheer\\alshaafi\\vendor\\laravel\\framework\\src\\Illuminate\\Pipeline\\Pipeline.php(183): App\\Http\\Middleware\\SetLocaleAndCountry->handle(Object(Illuminate\\Http\\Request), Object(Closure))
#18 E:\\freelancing\\local\\zaheer\\alshaafi\\vendor\\laravel\\framework\\src\\Illuminate\\Routing\\Middleware\\SubstituteBindings.php(50): Illuminate\\Pipeline\\Pipeline->Illuminate\\Pipeline\\{closure}(Object(Illuminate\\Http\\Request))
#19 E:\\freelancing\\local\\zaheer\\alshaafi\\vendor\\laravel\\framework\\src\\Illuminate\\Pipeline\\Pipeline.php(183): Illuminate\\Routing\\Middleware\\SubstituteBindings->handle(Object(Illuminate\\Http\\Request), Object(Closure))
#20 E:\\freelancing\\local\\zaheer\\alshaafi\\vendor\\laravel\\framework\\src\\Illuminate\\Auth\\Middleware\\Authenticate.php(64): Illuminate\\Pipeline\\Pipeline->Illuminate\\Pipeline\\{closure}(Object(Illuminate\\Http\\Request))
#21 E:\\freelancing\\local\\zaheer\\alshaafi\\vendor\\laravel\\framework\\src\\Illuminate\\Pipeline\\Pipeline.php(183): Illuminate\\Auth\\Middleware\\Authenticate->handle(Object(Illuminate\\Http\\Request), Object(Closure))
#22 E:\\freelancing\\local\\zaheer\\alshaafi\\vendor\\laravel\\framework\\src\\Illuminate\\Foundation\\Http\\Middleware\\VerifyCsrfToken.php(88): Illuminate\\Pipeline\\Pipeline->Illuminate\\Pipeline\\{closure}(Object(Illuminate\\Http\\Request))
#23 E:\\freelancing\\local\\zaheer\\alshaafi\\vendor\\laravel\\framework\\src\\Illuminate\\Pipeline\\Pipeline.php(183): Illuminate\\Foundation\\Http\\Middleware\\VerifyCsrfToken->handle(Object(Illuminate\\Http\\Request), Object(Closure))
#24 E:\\freelancing\\local\\zaheer\\alshaafi\\vendor\\laravel\\framework\\src\\Illuminate\\View\\Middleware\\ShareErrorsFromSession.php(49): Illuminate\\Pipeline\\Pipeline->Illuminate\\Pipeline\\{closure}(Object(Illuminate\\Http\\Request))
#25 E:\\freelancing\\local\\zaheer\\alshaafi\\vendor\\laravel\\framework\\src\\Illuminate\\Pipeline\\Pipeline.php(183): Illuminate\\View\\Middleware\\ShareErrorsFromSession->handle(Object(Illuminate\\Http\\Request), Object(Closure))
#26 E:\\freelancing\\local\\zaheer\\alshaafi\\vendor\\laravel\\framework\\src\\Illuminate\\Session\\Middleware\\StartSession.php(121): Illuminate\\Pipeline\\Pipeline->Illuminate\\Pipeline\\{closure}(Object(Illuminate\\Http\\Request))
#27 E:\\freelancing\\local\\zaheer\\alshaafi\\vendor\\laravel\\framework\\src\\Illuminate\\Session\\Middleware\\StartSession.php(64): Illuminate\\Session\\Middleware\\StartSession->handleStatefulRequest(Object(Illuminate\\Http\\Request), Object(Illuminate\\Session\\Store), Object(Closure))
#28 E:\\freelancing\\local\\zaheer\\alshaafi\\vendor\\laravel\\framework\\src\\Illuminate\\Pipeline\\Pipeline.php(183): Illuminate\\Session\\Middleware\\StartSession->handle(Object(Illuminate\\Http\\Request), Object(Closure))
#29 E:\\freelancing\\local\\zaheer\\alshaafi\\vendor\\laravel\\framework\\src\\Illuminate\\Cookie\\Middleware\\AddQueuedCookiesToResponse.php(37): Illuminate\\Pipeline\\Pipeline->Illuminate\\Pipeline\\{closure}(Object(Illuminate\\Http\\Request))
#30 E:\\freelancing\\local\\zaheer\\alshaafi\\vendor\\laravel\\framework\\src\\Illuminate\\Pipeline\\Pipeline.php(183): Illuminate\\Cookie\\Middleware\\AddQueuedCookiesToResponse->handle(Object(Illuminate\\Http\\Request), Object(Closure))
#31 E:\\freelancing\\local\\zaheer\\alshaafi\\vendor\\laravel\\framework\\src\\Illuminate\\Cookie\\Middleware\\EncryptCookies.php(75): Illuminate\\Pipeline\\Pipeline->Illuminate\\Pipeline\\{closure}(Object(Illuminate\\Http\\Request))
#32 E:\\freelancing\\local\\zaheer\\alshaafi\\vendor\\laravel\\framework\\src\\Illuminate\\Pipeline\\Pipeline.php(183): Illuminate\\Cookie\\Middleware\\EncryptCookies->handle(Object(Illuminate\\Http\\Request), Object(Closure))
#33 E:\\freelancing\\local\\zaheer\\alshaafi\\vendor\\laravel\\framework\\src\\Illuminate\\Pipeline\\Pipeline.php(119): Illuminate\\Pipeline\\Pipeline->Illuminate\\Pipeline\\{closure}(Object(Illuminate\\Http\\Request))
#34 E:\\freelancing\\local\\zaheer\\alshaafi\\vendor\\laravel\\framework\\src\\Illuminate\\Routing\\Router.php(807): Illuminate\\Pipeline\\Pipeline->then(Object(Closure))
#35 E:\\freelancing\\local\\zaheer\\alshaafi\\vendor\\laravel\\framework\\src\\Illuminate\\Routing\\Router.php(786): Illuminate\\Routing\\Router->runRouteWithinStack(Object(Illuminate\\Routing\\Route), Object(Illuminate\\Http\\Request))
#36 E:\\freelancing\\local\\zaheer\\alshaafi\\vendor\\laravel\\framework\\src\\Illuminate\\Routing\\Router.php(750): Illuminate\\Routing\\Router->runRoute(Object(Illuminate\\Http\\Request), Object(Illuminate\\Routing\\Route))
#37 E:\\freelancing\\local\\zaheer\\alshaafi\\vendor\\laravel\\framework\\src\\Illuminate\\Routing\\Router.php(739): Illuminate\\Routing\\Router->dispatchToRoute(Object(Illuminate\\Http\\Request))
#38 E:\\freelancing\\local\\zaheer\\alshaafi\\vendor\\laravel\\framework\\src\\Illuminate\\Foundation\\Http\\Kernel.php(200): Illuminate\\Routing\\Router->dispatch(Object(Illuminate\\Http\\Request))
#39 E:\\freelancing\\local\\zaheer\\alshaafi\\vendor\\laravel\\framework\\src\\Illuminate\\Pipeline\\Pipeline.php(144): Illuminate\\Foundation\\Http\\Kernel->Illuminate\\Foundation\\Http\\{closure}(Object(Illuminate\\Http\\Request))
#40 E:\\freelancing\\local\\zaheer\\alshaafi\\vendor\\livewire\\livewire\\src\\Features\\SupportDisablingBackButtonCache\\DisableBackButtonCacheMiddleware.php(19): Illuminate\\Pipeline\\Pipeline->Illuminate\\Pipeline\\{closure}(Object(Illuminate\\Http\\Request))
#41 E:\\freelancing\\local\\zaheer\\alshaafi\\vendor\\laravel\\framework\\src\\Illuminate\\Pipeline\\Pipeline.php(183): Livewire\\Features\\SupportDisablingBackButtonCache\\DisableBackButtonCacheMiddleware->handle(Object(Illuminate\\Http\\Request), Object(Closure))
#42 E:\\freelancing\\local\\zaheer\\alshaafi\\vendor\\laravel\\framework\\src\\Illuminate\\Foundation\\Http\\Middleware\\TransformsRequest.php(21): Illuminate\\Pipeline\\Pipeline->Illuminate\\Pipeline\\{closure}(Object(Illuminate\\Http\\Request))
#43 E:\\freelancing\\local\\zaheer\\alshaafi\\vendor\\laravel\\framework\\src\\Illuminate\\Foundation\\Http\\Middleware\\ConvertEmptyStringsToNull.php(31): Illuminate\\Foundation\\Http\\Middleware\\TransformsRequest->handle(Object(Illuminate\\Http\\Request), Object(Closure))
#44 E:\\freelancing\\local\\zaheer\\alshaafi\\vendor\\laravel\\framework\\src\\Illuminate\\Pipeline\\Pipeline.php(183): Illuminate\\Foundation\\Http\\Middleware\\ConvertEmptyStringsToNull->handle(Object(Illuminate\\Http\\Request), Object(Closure))
#45 E:\\freelancing\\local\\zaheer\\alshaafi\\vendor\\laravel\\framework\\src\\Illuminate\\Foundation\\Http\\Middleware\\TransformsRequest.php(21): Illuminate\\Pipeline\\Pipeline->Illuminate\\Pipeline\\{closure}(Object(Illuminate\\Http\\Request))
#46 E:\\freelancing\\local\\zaheer\\alshaafi\\vendor\\laravel\\framework\\src\\Illuminate\\Foundation\\Http\\Middleware\\TrimStrings.php(51): Illuminate\\Foundation\\Http\\Middleware\\TransformsRequest->handle(Object(Illuminate\\Http\\Request), Object(Closure))
#47 E:\\freelancing\\local\\zaheer\\alshaafi\\vendor\\laravel\\framework\\src\\Illuminate\\Pipeline\\Pipeline.php(183): Illuminate\\Foundation\\Http\\Middleware\\TrimStrings->handle(Object(Illuminate\\Http\\Request), Object(Closure))
#48 E:\\freelancing\\local\\zaheer\\alshaafi\\vendor\\laravel\\framework\\src\\Illuminate\\Http\\Middleware\\ValidatePostSize.php(27): Illuminate\\Pipeline\\Pipeline->Illuminate\\Pipeline\\{closure}(Object(Illuminate\\Http\\Request))
#49 E:\\freelancing\\local\\zaheer\\alshaafi\\vendor\\laravel\\framework\\src\\Illuminate\\Pipeline\\Pipeline.php(183): Illuminate\\Http\\Middleware\\ValidatePostSize->handle(Object(Illuminate\\Http\\Request), Object(Closure))
#50 E:\\freelancing\\local\\zaheer\\alshaafi\\vendor\\laravel\\framework\\src\\Illuminate\\Foundation\\Http\\Middleware\\PreventRequestsDuringMaintenance.php(110): Illuminate\\Pipeline\\Pipeline->Illuminate\\Pipeline\\{closure}(Object(Illuminate\\Http\\Request))
#51 E:\\freelancing\\local\\zaheer\\alshaafi\\vendor\\laravel\\framework\\src\\Illuminate\\Pipeline\\Pipeline.php(183): Illuminate\\Foundation\\Http\\Middleware\\PreventRequestsDuringMaintenance->handle(Object(Illuminate\\Http\\Request), Object(Closure))
#52 E:\\freelancing\\local\\zaheer\\alshaafi\\vendor\\laravel\\framework\\src\\Illuminate\\Http\\Middleware\\HandleCors.php(49): Illuminate\\Pipeline\\Pipeline->Illuminate\\Pipeline\\{closure}(Object(Illuminate\\Http\\Request))
#53 E:\\freelancing\\local\\zaheer\\alshaafi\\vendor\\laravel\\framework\\src\\Illuminate\\Pipeline\\Pipeline.php(183): Illuminate\\Http\\Middleware\\HandleCors->handle(Object(Illuminate\\Http\\Request), Object(Closure))
#54 E:\\freelancing\\local\\zaheer\\alshaafi\\vendor\\laravel\\framework\\src\\Illuminate\\Http\\Middleware\\TrustProxies.php(57): Illuminate\\Pipeline\\Pipeline->Illuminate\\Pipeline\\{closure}(Object(Illuminate\\Http\\Request))
#55 E:\\freelancing\\local\\zaheer\\alshaafi\\vendor\\laravel\\framework\\src\\Illuminate\\Pipeline\\Pipeline.php(183): Illuminate\\Http\\Middleware\\TrustProxies->handle(Object(Illuminate\\Http\\Request), Object(Closure))
#56 E:\\freelancing\\local\\zaheer\\alshaafi\\vendor\\laravel\\framework\\src\\Illuminate\\Pipeline\\Pipeline.php(119): Illuminate\\Pipeline\\Pipeline->Illuminate\\Pipeline\\{closure}(Object(Illuminate\\Http\\Request))
#57 E:\\freelancing\\local\\zaheer\\alshaafi\\vendor\\laravel\\framework\\src\\Illuminate\\Foundation\\Http\\Kernel.php(175): Illuminate\\Pipeline\\Pipeline->then(Object(Closure))
#58 E:\\freelancing\\local\\zaheer\\alshaafi\\vendor\\laravel\\framework\\src\\Illuminate\\Foundation\\Http\\Kernel.php(144): Illuminate\\Foundation\\Http\\Kernel->sendRequestThroughRouter(Object(Illuminate\\Http\\Request))
#59 E:\\freelancing\\local\\zaheer\\alshaafi\\vendor\\laravel\\framework\\src\\Illuminate\\Foundation\\Application.php(1188): Illuminate\\Foundation\\Http\\Kernel->handle(Object(Illuminate\\Http\\Request))
#60 E:\\freelancing\\local\\zaheer\\alshaafi\\public\\index.php(17): Illuminate\\Foundation\\Application->handleRequest(Object(Illuminate\\Http\\Request))
#61 E:\\freelancing\\local\\zaheer\\alshaafi\\vendor\\laravel\\framework\\src\\Illuminate\\Foundation\\resources\\server.php(23): require_once('E:\\\\freelancing\\\\...')
#62 {main}

[previous exception] [object] (TypeError(code: 0): htmlspecialchars(): Argument #1 ($string) must be of type string, array given at E:\\freelancing\\local\\zaheer\\alshaafi\\vendor\\laravel\\framework\\src\\Illuminate\\Support\\helpers.php:135)
[stacktrace]
#0 E:\\freelancing\\local\\zaheer\\alshaafi\\vendor\\laravel\\framework\\src\\Illuminate\\Support\\helpers.php(135): htmlspecialchars(Array, 11, 'UTF-8', true)
#1 E:\\freelancing\\local\\zaheer\\alshaafi\\storage\\framework\\views\\ea2e7c142389f2c7974e839d73a4c1f9.php(97): e(Array)
#2 E:\\freelancing\\local\\zaheer\\alshaafi\\vendor\\laravel\\framework\\src\\Illuminate\\Filesystem\\Filesystem.php(123): require('E:\\\\freelancing\\\\...')
#3 E:\\freelancing\\local\\zaheer\\alshaafi\\vendor\\laravel\\framework\\src\\Illuminate\\Filesystem\\Filesystem.php(124): Illuminate\\Filesystem\\Filesystem::Illuminate\\Filesystem\\{closure}()
#4 E:\\freelancing\\local\\zaheer\\alshaafi\\vendor\\laravel\\framework\\src\\Illuminate\\View\\Engines\\PhpEngine.php(58): Illuminate\\Filesystem\\Filesystem->getRequire('E:\\\\freelancing\\\\...', Array)
#5 E:\\freelancing\\local\\zaheer\\alshaafi\\vendor\\livewire\\livewire\\src\\Mechanisms\\ExtendBlade\\ExtendedCompilerEngine.php(22): Illuminate\\View\\Engines\\PhpEngine->evaluatePath('E:\\\\freelancing\\\\...', Array)
#6 E:\\freelancing\\local\\zaheer\\alshaafi\\vendor\\laravel\\framework\\src\\Illuminate\\View\\Engines\\CompilerEngine.php(73): Livewire\\Mechanisms\\ExtendBlade\\ExtendedCompilerEngine->evaluatePath('E:\\\\freelancing\\\\...', Array)
#7 E:\\freelancing\\local\\zaheer\\alshaafi\\vendor\\livewire\\livewire\\src\\Mechanisms\\ExtendBlade\\ExtendedCompilerEngine.php(10): Illuminate\\View\\Engines\\CompilerEngine->get('E:\\\\freelancing\\\\...', Array)
#8 E:\\freelancing\\local\\zaheer\\alshaafi\\vendor\\laravel\\framework\\src\\Illuminate\\View\\View.php(208): Livewire\\Mechanisms\\ExtendBlade\\ExtendedCompilerEngine->get('E:\\\\freelancing\\\\...', Array)
#9 E:\\freelancing\\local\\zaheer\\alshaafi\\vendor\\laravel\\framework\\src\\Illuminate\\View\\View.php(191): Illuminate\\View\\View->getContents()
#10 E:\\freelancing\\local\\zaheer\\alshaafi\\vendor\\laravel\\framework\\src\\Illuminate\\View\\View.php(160): Illuminate\\View\\View->renderContents()
#11 E:\\freelancing\\local\\zaheer\\alshaafi\\vendor\\laravel\\framework\\src\\Illuminate\\Http\\Response.php(70): Illuminate\\View\\View->render()
#12 E:\\freelancing\\local\\zaheer\\alshaafi\\vendor\\laravel\\framework\\src\\Illuminate\\Http\\Response.php(35): Illuminate\\Http\\Response->setContent(Object(Illuminate\\View\\View))
#13 E:\\freelancing\\local\\zaheer\\alshaafi\\vendor\\laravel\\framework\\src\\Illuminate\\Routing\\Router.php(920): Illuminate\\Http\\Response->__construct(Object(Illuminate\\View\\View), 200, Array)
#14 E:\\freelancing\\local\\zaheer\\alshaafi\\vendor\\laravel\\framework\\src\\Illuminate\\Routing\\Router.php(887): Illuminate\\Routing\\Router::toResponse(Object(Illuminate\\Http\\Request), Object(Illuminate\\View\\View))
#15 E:\\freelancing\\local\\zaheer\\alshaafi\\vendor\\laravel\\framework\\src\\Illuminate\\Routing\\Router.php(807): Illuminate\\Routing\\Router->prepareResponse(Object(Illuminate\\Http\\Request), Object(Illuminate\\View\\View))
#16 E:\\freelancing\\local\\zaheer\\alshaafi\\vendor\\laravel\\framework\\src\\Illuminate\\Pipeline\\Pipeline.php(144): Illuminate\\Routing\\Router->Illuminate\\Routing\\{closure}(Object(Illuminate\\Http\\Request))
#17 E:\\freelancing\\local\\zaheer\\alshaafi\\app\\Http\\Middleware\\RoleMiddleware.php(26): Illuminate\\Pipeline\\Pipeline->Illuminate\\Pipeline\\{closure}(Object(Illuminate\\Http\\Request))
#18 E:\\freelancing\\local\\zaheer\\alshaafi\\vendor\\laravel\\framework\\src\\Illuminate\\Pipeline\\Pipeline.php(183): App\\Http\\Middleware\\RoleMiddleware->handle(Object(Illuminate\\Http\\Request), Object(Closure), 'user')
#19 E:\\freelancing\\local\\zaheer\\alshaafi\\app\\Http\\Middleware\\SetLocaleAndCountry.php(56): Illuminate\\Pipeline\\Pipeline->Illuminate\\Pipeline\\{closure}(Object(Illuminate\\Http\\Request))
#20 E:\\freelancing\\local\\zaheer\\alshaafi\\vendor\\laravel\\framework\\src\\Illuminate\\Pipeline\\Pipeline.php(183): App\\Http\\Middleware\\SetLocaleAndCountry->handle(Object(Illuminate\\Http\\Request), Object(Closure))
#21 E:\\freelancing\\local\\zaheer\\alshaafi\\vendor\\laravel\\framework\\src\\Illuminate\\Routing\\Middleware\\SubstituteBindings.php(50): Illuminate\\Pipeline\\Pipeline->Illuminate\\Pipeline\\{closure}(Object(Illuminate\\Http\\Request))
#22 E:\\freelancing\\local\\zaheer\\alshaafi\\vendor\\laravel\\framework\\src\\Illuminate\\Pipeline\\Pipeline.php(183): Illuminate\\Routing\\Middleware\\SubstituteBindings->handle(Object(Illuminate\\Http\\Request), Object(Closure))
#23 E:\\freelancing\\local\\zaheer\\alshaafi\\vendor\\laravel\\framework\\src\\Illuminate\\Auth\\Middleware\\Authenticate.php(64): Illuminate\\Pipeline\\Pipeline->Illuminate\\Pipeline\\{closure}(Object(Illuminate\\Http\\Request))
#24 E:\\freelancing\\local\\zaheer\\alshaafi\\vendor\\laravel\\framework\\src\\Illuminate\\Pipeline\\Pipeline.php(183): Illuminate\\Auth\\Middleware\\Authenticate->handle(Object(Illuminate\\Http\\Request), Object(Closure))
#25 E:\\freelancing\\local\\zaheer\\alshaafi\\vendor\\laravel\\framework\\src\\Illuminate\\Foundation\\Http\\Middleware\\VerifyCsrfToken.php(88): Illuminate\\Pipeline\\Pipeline->Illuminate\\Pipeline\\{closure}(Object(Illuminate\\Http\\Request))
#26 E:\\freelancing\\local\\zaheer\\alshaafi\\vendor\\laravel\\framework\\src\\Illuminate\\Pipeline\\Pipeline.php(183): Illuminate\\Foundation\\Http\\Middleware\\VerifyCsrfToken->handle(Object(Illuminate\\Http\\Request), Object(Closure))
#27 E:\\freelancing\\local\\zaheer\\alshaafi\\vendor\\laravel\\framework\\src\\Illuminate\\View\\Middleware\\ShareErrorsFromSession.php(49): Illuminate\\Pipeline\\Pipeline->Illuminate\\Pipeline\\{closure}(Object(Illuminate\\Http\\Request))
#28 E:\\freelancing\\local\\zaheer\\alshaafi\\vendor\\laravel\\framework\\src\\Illuminate\\Pipeline\\Pipeline.php(183): Illuminate\\View\\Middleware\\ShareErrorsFromSession->handle(Object(Illuminate\\Http\\Request), Object(Closure))
#29 E:\\freelancing\\local\\zaheer\\alshaafi\\vendor\\laravel\\framework\\src\\Illuminate\\Session\\Middleware\\StartSession.php(121): Illuminate\\Pipeline\\Pipeline->Illuminate\\Pipeline\\{closure}(Object(Illuminate\\Http\\Request))
#30 E:\\freelancing\\local\\zaheer\\alshaafi\\vendor\\laravel\\framework\\src\\Illuminate\\Session\\Middleware\\StartSession.php(64): Illuminate\\Session\\Middleware\\StartSession->handleStatefulRequest(Object(Illuminate\\Http\\Request), Object(Illuminate\\Session\\Store), Object(Closure))
#31 E:\\freelancing\\local\\zaheer\\alshaafi\\vendor\\laravel\\framework\\src\\Illuminate\\Pipeline\\Pipeline.php(183): Illuminate\\Session\\Middleware\\StartSession->handle(Object(Illuminate\\Http\\Request), Object(Closure))
#32 E:\\freelancing\\local\\zaheer\\alshaafi\\vendor\\laravel\\framework\\src\\Illuminate\\Cookie\\Middleware\\AddQueuedCookiesToResponse.php(37): Illuminate\\Pipeline\\Pipeline->Illuminate\\Pipeline\\{closure}(Object(Illuminate\\Http\\Request))
#33 E:\\freelancing\\local\\zaheer\\alshaafi\\vendor\\laravel\\framework\\src\\Illuminate\\Pipeline\\Pipeline.php(183): Illuminate\\Cookie\\Middleware\\AddQueuedCookiesToResponse->handle(Object(Illuminate\\Http\\Request), Object(Closure))
#34 E:\\freelancing\\local\\zaheer\\alshaafi\\vendor\\laravel\\framework\\src\\Illuminate\\Cookie\\Middleware\\EncryptCookies.php(75): Illuminate\\Pipeline\\Pipeline->Illuminate\\Pipeline\\{closure}(Object(Illuminate\\Http\\Request))
#35 E:\\freelancing\\local\\zaheer\\alshaafi\\vendor\\laravel\\framework\\src\\Illuminate\\Pipeline\\Pipeline.php(183): Illuminate\\Cookie\\Middleware\\EncryptCookies->handle(Object(Illuminate\\Http\\Request), Object(Closure))
#36 E:\\freelancing\\local\\zaheer\\alshaafi\\vendor\\laravel\\framework\\src\\Illuminate\\Pipeline\\Pipeline.php(119): Illuminate\\Pipeline\\Pipeline->Illuminate\\Pipeline\\{closure}(Object(Illuminate\\Http\\Request))
#37 E:\\freelancing\\local\\zaheer\\alshaafi\\vendor\\laravel\\framework\\src\\Illuminate\\Routing\\Router.php(807): Illuminate\\Pipeline\\Pipeline->then(Object(Closure))
#38 E:\\freelancing\\local\\zaheer\\alshaafi\\vendor\\laravel\\framework\\src\\Illuminate\\Routing\\Router.php(786): Illuminate\\Routing\\Router->runRouteWithinStack(Object(Illuminate\\Routing\\Route), Object(Illuminate\\Http\\Request))
#39 E:\\freelancing\\local\\zaheer\\alshaafi\\vendor\\laravel\\framework\\src\\Illuminate\\Routing\\Router.php(750): Illuminate\\Routing\\Router->runRoute(Object(Illuminate\\Http\\Request), Object(Illuminate\\Routing\\Route))
#40 E:\\freelancing\\local\\zaheer\\alshaafi\\vendor\\laravel\\framework\\src\\Illuminate\\Routing\\Router.php(739): Illuminate\\Routing\\Router->dispatchToRoute(Object(Illuminate\\Http\\Request))
#41 E:\\freelancing\\local\\zaheer\\alshaafi\\vendor\\laravel\\framework\\src\\Illuminate\\Foundation\\Http\\Kernel.php(200): Illuminate\\Routing\\Router->dispatch(Object(Illuminate\\Http\\Request))
#42 E:\\freelancing\\local\\zaheer\\alshaafi\\vendor\\laravel\\framework\\src\\Illuminate\\Pipeline\\Pipeline.php(144): Illuminate\\Foundation\\Http\\Kernel->Illuminate\\Foundation\\Http\\{closure}(Object(Illuminate\\Http\\Request))
#43 E:\\freelancing\\local\\zaheer\\alshaafi\\vendor\\livewire\\livewire\\src\\Features\\SupportDisablingBackButtonCache\\DisableBackButtonCacheMiddleware.php(19): Illuminate\\Pipeline\\Pipeline->Illuminate\\Pipeline\\{closure}(Object(Illuminate\\Http\\Request))
#44 E:\\freelancing\\local\\zaheer\\alshaafi\\vendor\\laravel\\framework\\src\\Illuminate\\Pipeline\\Pipeline.php(183): Livewire\\Features\\SupportDisablingBackButtonCache\\DisableBackButtonCacheMiddleware->handle(Object(Illuminate\\Http\\Request), Object(Closure))
#45 E:\\freelancing\\local\\zaheer\\alshaafi\\vendor\\laravel\\framework\\src\\Illuminate\\Foundation\\Http\\Middleware\\TransformsRequest.php(21): Illuminate\\Pipeline\\Pipeline->Illuminate\\Pipeline\\{closure}(Object(Illuminate\\Http\\Request))
#46 E:\\freelancing\\local\\zaheer\\alshaafi\\vendor\\laravel\\framework\\src\\Illuminate\\Foundation\\Http\\Middleware\\ConvertEmptyStringsToNull.php(31): Illuminate\\Foundation\\Http\\Middleware\\TransformsRequest->handle(Object(Illuminate\\Http\\Request), Object(Closure))
#47 E:\\freelancing\\local\\zaheer\\alshaafi\\vendor\\laravel\\framework\\src\\Illuminate\\Pipeline\\Pipeline.php(183): Illuminate\\Foundation\\Http\\Middleware\\ConvertEmptyStringsToNull->handle(Object(Illuminate\\Http\\Request), Object(Closure))
#48 E:\\freelancing\\local\\zaheer\\alshaafi\\vendor\\laravel\\framework\\src\\Illuminate\\Foundation\\Http\\Middleware\\TransformsRequest.php(21): Illuminate\\Pipeline\\Pipeline->Illuminate\\Pipeline\\{closure}(Object(Illuminate\\Http\\Request))
#49 E:\\freelancing\\local\\zaheer\\alshaafi\\vendor\\laravel\\framework\\src\\Illuminate\\Foundation\\Http\\Middleware\\TrimStrings.php(51): Illuminate\\Foundation\\Http\\Middleware\\TransformsRequest->handle(Object(Illuminate\\Http\\Request), Object(Closure))
#50 E:\\freelancing\\local\\zaheer\\alshaafi\\vendor\\laravel\\framework\\src\\Illuminate\\Pipeline\\Pipeline.php(183): Illuminate\\Foundation\\Http\\Middleware\\TrimStrings->handle(Object(Illuminate\\Http\\Request), Object(Closure))
#51 E:\\freelancing\\local\\zaheer\\alshaafi\\vendor\\laravel\\framework\\src\\Illuminate\\Http\\Middleware\\ValidatePostSize.php(27): Illuminate\\Pipeline\\Pipeline->Illuminate\\Pipeline\\{closure}(Object(Illuminate\\Http\\Request))
#52 E:\\freelancing\\local\\zaheer\\alshaafi\\vendor\\laravel\\framework\\src\\Illuminate\\Pipeline\\Pipeline.php(183): Illuminate\\Http\\Middleware\\ValidatePostSize->handle(Object(Illuminate\\Http\\Request), Object(Closure))
#53 E:\\freelancing\\local\\zaheer\\alshaafi\\vendor\\laravel\\framework\\src\\Illuminate\\Foundation\\Http\\Middleware\\PreventRequestsDuringMaintenance.php(110): Illuminate\\Pipeline\\Pipeline->Illuminate\\Pipeline\\{closure}(Object(Illuminate\\Http\\Request))
#54 E:\\freelancing\\local\\zaheer\\alshaafi\\vendor\\laravel\\framework\\src\\Illuminate\\Pipeline\\Pipeline.php(183): Illuminate\\Foundation\\Http\\Middleware\\PreventRequestsDuringMaintenance->handle(Object(Illuminate\\Http\\Request), Object(Closure))
#55 E:\\freelancing\\local\\zaheer\\alshaafi\\vendor\\laravel\\framework\\src\\Illuminate\\Http\\Middleware\\HandleCors.php(49): Illuminate\\Pipeline\\Pipeline->Illuminate\\Pipeline\\{closure}(Object(Illuminate\\Http\\Request))
#56 E:\\freelancing\\local\\zaheer\\alshaafi\\vendor\\laravel\\framework\\src\\Illuminate\\Pipeline\\Pipeline.php(183): Illuminate\\Http\\Middleware\\HandleCors->handle(Object(Illuminate\\Http\\Request), Object(Closure))
#57 E:\\freelancing\\local\\zaheer\\alshaafi\\vendor\\laravel\\framework\\src\\Illuminate\\Http\\Middleware\\TrustProxies.php(57): Illuminate\\Pipeline\\Pipeline->Illuminate\\Pipeline\\{closure}(Object(Illuminate\\Http\\Request))
#58 E:\\freelancing\\local\\zaheer\\alshaafi\\vendor\\laravel\\framework\\src\\Illuminate\\Pipeline\\Pipeline.php(183): Illuminate\\Http\\Middleware\\TrustProxies->handle(Object(Illuminate\\Http\\Request), Object(Closure))
#59 E:\\freelancing\\local\\zaheer\\alshaafi\\vendor\\laravel\\framework\\src\\Illuminate\\Pipeline\\Pipeline.php(119): Illuminate\\Pipeline\\Pipeline->Illuminate\\Pipeline\\{closure}(Object(Illuminate\\Http\\Request))
#60 E:\\freelancing\\local\\zaheer\\alshaafi\\vendor\\laravel\\framework\\src\\Illuminate\\Foundation\\Http\\Kernel.php(175): Illuminate\\Pipeline\\Pipeline->then(Object(Closure))
#61 E:\\freelancing\\local\\zaheer\\alshaafi\\vendor\\laravel\\framework\\src\\Illuminate\\Foundation\\Http\\Kernel.php(144): Illuminate\\Foundation\\Http\\Kernel->sendRequestThroughRouter(Object(Illuminate\\Http\\Request))
#62 E:\\freelancing\\local\\zaheer\\alshaafi\\vendor\\laravel\\framework\\src\\Illuminate\\Foundation\\Application.php(1188): Illuminate\\Foundation\\Http\\Kernel->handle(Object(Illuminate\\Http\\Request))
#63 E:\\freelancing\\local\\zaheer\\alshaafi\\public\\index.php(17): Illuminate\\Foundation\\Application->handleRequest(Object(Illuminate\\Http\\Request))
#64 E:\\freelancing\\local\\zaheer\\alshaafi\\vendor\\laravel\\framework\\src\\Illuminate\\Foundation\\resources\\server.php(23): require_once('E:\\\\freelancing\\\\...')
#65 {main}
"} 
